# same source and destination buffers; complete unpadded blocks; five alternating pairs; CPU pin externally
simdutf_isa,operation,target_size,input_bytes,output_mod64,pair,simdutf_ns,aklomp_ns,simdutf_over_aklomp
icelake,encode,16,15,0,0,7.659,21.355,0.3586
icelake,encode,16,15,0,1,7.934,21.095,0.3761
icelake,encode,16,15,0,2,8.181,21.283,0.3844
icelake,encode,16,15,0,3,8.012,20.714,0.3868
icelake,encode,16,15,0,4,8.883,20.498,0.4334
icelake,encode,16,15,16,0,7.835,21.310,0.3677
icelake,encode,16,15,16,1,7.470,20.020,0.3731
icelake,encode,16,15,16,2,7.861,20.404,0.3853
icelake,encode,16,15,16,3,7.569,19.573,0.3867
icelake,encode,16,15,16,4,7.890,20.340,0.3879
icelake,encode,16,15,32,0,7.719,20.688,0.3731
icelake,encode,16,15,32,1,8.988,20.541,0.4376
icelake,encode,16,15,32,2,8.967,20.003,0.4483
icelake,encode,16,15,32,3,8.145,20.321,0.4008
icelake,encode,16,15,32,4,8.061,20.409,0.3949
icelake,encode,16,15,48,0,7.907,20.816,0.3799
icelake,encode,16,15,48,1,7.621,20.549,0.3709
icelake,encode,16,15,48,2,7.800,20.113,0.3878
icelake,encode,16,15,48,3,8.111,21.459,0.3780
icelake,encode,16,15,48,4,10.905,21.909,0.4977
icelake,encode,32,30,0,0,8.208,32.641,0.2515
icelake,encode,32,30,0,1,8.219,42.458,0.1936
icelake,encode,32,30,0,2,7.802,32.852,0.2375
icelake,encode,32,30,0,3,8.095,46.240,0.1751
icelake,encode,32,30,0,4,7.567,33.026,0.2291
icelake,encode,32,30,16,0,7.560,35.075,0.2155
icelake,encode,32,30,16,1,8.137,31.890,0.2552
icelake,encode,32,30,16,2,7.263,32.021,0.2268
icelake,encode,32,30,16,3,7.304,32.497,0.2248
icelake,encode,32,30,16,4,7.266,32.004,0.2270
icelake,encode,32,30,32,0,7.988,39.911,0.2002
icelake,encode,32,30,32,1,7.331,31.856,0.2301
icelake,encode,32,30,32,2,7.313,32.472,0.2252
icelake,encode,32,30,32,3,7.797,36.691,0.2125
icelake,encode,32,30,32,4,7.432,33.798,0.2199
icelake,encode,32,30,48,0,7.281,31.919,0.2281
icelake,encode,32,30,48,1,7.506,32.513,0.2309
icelake,encode,32,30,48,2,7.248,32.209,0.2250
icelake,encode,32,30,48,3,7.470,32.523,0.2297
icelake,encode,32,30,48,4,7.414,32.999,0.2247
icelake,encode,64,63,0,0,8.842,60.820,0.1454
icelake,encode,64,63,0,1,8.880,60.750,0.1462
icelake,encode,64,63,0,2,8.678,64.209,0.1352
icelake,encode,64,63,0,3,8.673,60.461,0.1435
icelake,encode,64,63,0,4,8.655,61.006,0.1419
icelake,encode,64,63,16,0,8.783,59.658,0.1472
icelake,encode,64,63,16,1,9.344,63.445,0.1473
icelake,encode,64,63,16,2,12.825,59.439,0.2158
icelake,encode,64,63,16,3,8.621,63.097,0.1366
icelake,encode,64,63,16,4,8.663,63.673,0.1361
icelake,encode,64,63,32,0,9.048,64.670,0.1399
icelake,encode,64,63,32,1,9.244,62.243,0.1485
icelake,encode,64,63,32,2,9.178,65.620,0.1399
icelake,encode,64,63,32,3,8.849,62.875,0.1407
icelake,encode,64,63,32,4,9.089,62.436,0.1456
icelake,encode,64,63,48,0,9.094,63.420,0.1434
icelake,encode,64,63,48,1,9.734,70.168,0.1387
icelake,encode,64,63,48,2,8.695,60.775,0.1431
icelake,encode,64,63,48,3,8.651,60.087,0.1440
icelake,encode,64,63,48,4,8.901,61.736,0.1442
icelake,encode,128,126,0,0,9.465,35.894,0.2637
icelake,encode,128,126,0,1,9.668,35.060,0.2758
icelake,encode,128,126,0,2,9.993,33.984,0.2941
icelake,encode,128,126,0,3,9.460,35.395,0.2673
icelake,encode,128,126,0,4,9.118,35.169,0.2593
icelake,encode,128,126,16,0,9.766,43.453,0.2248
icelake,encode,128,126,16,1,9.365,34.150,0.2742
icelake,encode,128,126,16,2,9.292,34.546,0.2690
icelake,encode,128,126,16,3,9.351,33.896,0.2759
icelake,encode,128,126,16,4,9.330,35.975,0.2593
icelake,encode,128,126,32,0,9.242,33.692,0.2743
icelake,encode,128,126,32,1,9.336,34.183,0.2731
icelake,encode,128,126,32,2,9.249,34.293,0.2697
icelake,encode,128,126,32,3,11.324,34.038,0.3327
icelake,encode,128,126,32,4,9.198,34.814,0.2642
icelake,encode,128,126,48,0,9.513,34.719,0.2740
icelake,encode,128,126,48,1,9.441,35.868,0.2632
icelake,encode,128,126,48,2,9.544,36.117,0.2642
icelake,encode,128,126,48,3,9.333,34.290,0.2722
icelake,encode,128,126,48,4,9.446,35.564,0.2656
icelake,encode,256,255,0,0,10.755,63.162,0.1703
icelake,encode,256,255,0,1,11.324,63.656,0.1779
icelake,encode,256,255,0,2,10.733,65.838,0.1630
icelake,encode,256,255,0,3,10.940,63.624,0.1719
icelake,encode,256,255,0,4,10.859,64.351,0.1687
icelake,encode,256,255,16,0,11.387,62.546,0.1821
icelake,encode,256,255,16,1,10.469,68.935,0.1519
icelake,encode,256,255,16,2,11.135,64.624,0.1723
icelake,encode,256,255,16,3,11.071,63.229,0.1751
icelake,encode,256,255,16,4,11.080,81.448,0.1360
icelake,encode,256,255,32,0,10.669,62.786,0.1699
icelake,encode,256,255,32,1,11.834,66.109,0.1790
icelake,encode,256,255,32,2,11.786,65.620,0.1796
icelake,encode,256,255,32,3,10.658,70.343,0.1515
icelake,encode,256,255,32,4,10.669,62.556,0.1705
icelake,encode,256,255,48,0,11.131,68.170,0.1633
icelake,encode,256,255,48,1,11.376,66.693,0.1706
icelake,encode,256,255,48,2,12.111,64.816,0.1869
icelake,encode,256,255,48,3,10.991,65.995,0.1665
icelake,encode,256,255,48,4,11.730,66.688,0.1759
icelake,encode,1024,1023,0,0,21.022,87.211,0.2411
icelake,encode,1024,1023,0,1,23.387,94.477,0.2475
icelake,encode,1024,1023,0,2,23.649,78.899,0.2997
icelake,encode,1024,1023,0,3,32.415,81.753,0.3965
icelake,encode,1024,1023,0,4,44.911,331.065,0.1357
icelake,encode,1024,1023,16,0,27.211,86.270,0.3154
icelake,encode,1024,1023,16,1,25.359,85.629,0.2961
icelake,encode,1024,1023,16,2,24.938,88.149,0.2829
icelake,encode,1024,1023,16,3,23.747,88.282,0.2690
icelake,encode,1024,1023,16,4,24.788,83.973,0.2952
icelake,encode,1024,1023,32,0,22.939,80.618,0.2845
icelake,encode,1024,1023,32,1,24.364,88.367,0.2757
icelake,encode,1024,1023,32,2,22.245,82.769,0.2688
icelake,encode,1024,1023,32,3,21.053,84.471,0.2492
icelake,encode,1024,1023,32,4,21.238,82.754,0.2566
icelake,encode,1024,1023,48,0,21.973,82.410,0.2666
icelake,encode,1024,1023,48,1,21.901,81.955,0.2672
icelake,encode,1024,1023,48,2,21.480,83.388,0.2576
icelake,encode,1024,1023,48,3,22.051,93.489,0.2359
icelake,encode,1024,1023,48,4,21.111,79.130,0.2668
icelake,encode,65536,65535,0,0,1449.719,1552.847,0.9336
icelake,encode,65536,65535,0,1,1475.729,1582.005,0.9328
icelake,encode,65536,65535,0,2,1500.599,1583.494,0.9477
icelake,encode,65536,65535,0,3,1454.396,1740.215,0.8358
icelake,encode,65536,65535,0,4,1541.386,1606.214,0.9596
icelake,encode,65536,65535,16,0,1639.900,1718.859,0.9541
icelake,encode,65536,65535,16,1,1597.351,1661.378,0.9615
icelake,encode,65536,65535,16,2,1618.560,1674.125,0.9668
icelake,encode,65536,65535,16,3,1619.244,1668.265,0.9706
icelake,encode,65536,65535,16,4,1616.202,1664.516,0.9710
icelake,encode,65536,65535,32,0,1532.789,1519.156,1.0090
icelake,encode,65536,65535,32,1,1493.936,1462.489,1.0215
icelake,encode,65536,65535,32,2,1472.009,1501.570,0.9803
icelake,encode,65536,65535,32,3,1476.437,1522.559,0.9697
icelake,encode,65536,65535,32,4,1467.565,1516.678,0.9676
icelake,encode,65536,65535,48,0,1635.599,1642.838,0.9956
icelake,encode,65536,65535,48,1,1673.983,1831.450,0.9140
icelake,encode,65536,65535,48,2,1632.829,1674.292,0.9752
icelake,encode,65536,65535,48,3,1700.107,1745.207,0.9742
icelake,encode,65536,65535,48,4,1725.619,1907.761,0.9045
icelake,decode_raw,16,16,0,0,26.037,21.546,1.2085
icelake,decode_raw,16,16,0,1,22.796,22.489,1.0137
icelake,decode_raw,16,16,0,2,22.954,21.680,1.0588
icelake,decode_raw,16,16,0,3,22.767,20.988,1.0848
icelake,decode_raw,16,16,0,4,25.563,20.822,1.2277
icelake,decode_raw,16,16,16,0,23.262,22.099,1.0526
icelake,decode_raw,16,16,16,1,23.629,21.749,1.0864
icelake,decode_raw,16,16,16,2,23.403,22.488,1.0407
icelake,decode_raw,16,16,16,3,23.664,22.228,1.0646
icelake,decode_raw,16,16,16,4,25.305,22.997,1.1004
icelake,decode_raw,16,16,32,0,22.564,21.737,1.0380
icelake,decode_raw,16,16,32,1,23.064,21.152,1.0904
icelake,decode_raw,16,16,32,2,23.658,21.269,1.1123
icelake,decode_raw,16,16,32,3,23.198,20.941,1.1078
icelake,decode_raw,16,16,32,4,23.638,22.852,1.0344
icelake,decode_raw,16,16,48,0,22.422,23.170,0.9677
icelake,decode_raw,16,16,48,1,22.832,30.498,0.7486
icelake,decode_raw,16,16,48,2,22.762,21.764,1.0458
icelake,decode_raw,16,16,48,3,22.833,20.295,1.1250
icelake,decode_raw,16,16,48,4,22.463,21.923,1.0246
icelake,decode_raw,32,32,0,0,22.254,37.338,0.5960
icelake,decode_raw,32,32,0,1,22.425,35.826,0.6260
icelake,decode_raw,32,32,0,2,23.235,36.255,0.6409
icelake,decode_raw,32,32,0,3,26.902,35.264,0.7629
icelake,decode_raw,32,32,0,4,23.658,40.657,0.5819
icelake,decode_raw,32,32,16,0,23.302,35.234,0.6613
icelake,decode_raw,32,32,16,1,21.984,35.821,0.6137
icelake,decode_raw,32,32,16,2,22.283,35.134,0.6342
icelake,decode_raw,32,32,16,3,22.694,35.186,0.6450
icelake,decode_raw,32,32,16,4,22.742,36.624,0.6210
icelake,decode_raw,32,32,32,0,22.326,35.277,0.6329
icelake,decode_raw,32,32,32,1,22.957,35.318,0.6500
icelake,decode_raw,32,32,32,2,23.218,37.461,0.6198
icelake,decode_raw,32,32,32,3,23.669,36.891,0.6416
icelake,decode_raw,32,32,32,4,23.392,37.773,0.6193
icelake,decode_raw,32,32,48,0,24.247,38.023,0.6377
icelake,decode_raw,32,32,48,1,24.642,37.860,0.6509
icelake,decode_raw,32,32,48,2,22.338,34.708,0.6436
icelake,decode_raw,32,32,48,3,22.392,36.454,0.6143
icelake,decode_raw,32,32,48,4,22.131,35.831,0.6176
icelake,decode_raw,64,64,0,0,18.074,37.978,0.4759
icelake,decode_raw,64,64,0,1,18.299,38.892,0.4705
icelake,decode_raw,64,64,0,2,18.024,38.404,0.4693
icelake,decode_raw,64,64,0,3,18.454,46.857,0.3938
icelake,decode_raw,64,64,0,4,18.421,39.367,0.4679
icelake,decode_raw,64,64,16,0,18.352,37.709,0.4867
icelake,decode_raw,64,64,16,1,17.981,38.893,0.4623
icelake,decode_raw,64,64,16,2,17.374,37.889,0.4586
icelake,decode_raw,64,64,16,3,17.794,38.898,0.4575
icelake,decode_raw,64,64,16,4,17.666,39.060,0.4523
icelake,decode_raw,64,64,32,0,19.435,39.178,0.4961
icelake,decode_raw,64,64,32,1,17.676,38.057,0.4645
icelake,decode_raw,64,64,32,2,18.429,38.880,0.4740
icelake,decode_raw,64,64,32,3,17.416,36.972,0.4711
icelake,decode_raw,64,64,32,4,17.938,38.724,0.4632
icelake,decode_raw,64,64,48,0,19.413,39.476,0.4918
icelake,decode_raw,64,64,48,1,18.237,36.837,0.4951
icelake,decode_raw,64,64,48,2,17.919,37.636,0.4761
icelake,decode_raw,64,64,48,3,17.847,38.529,0.4632
icelake,decode_raw,64,64,48,4,18.434,38.245,0.4820
icelake,decode_raw,128,128,0,0,18.933,42.567,0.4448
icelake,decode_raw,128,128,0,1,19.813,41.398,0.4786
icelake,decode_raw,128,128,0,2,19.340,42.749,0.4524
icelake,decode_raw,128,128,0,3,19.382,40.872,0.4742
icelake,decode_raw,128,128,0,4,18.801,42.426,0.4432
icelake,decode_raw,128,128,16,0,20.524,40.892,0.5019
icelake,decode_raw,128,128,16,1,19.713,41.638,0.4734
icelake,decode_raw,128,128,16,2,18.575,41.203,0.4508
icelake,decode_raw,128,128,16,3,18.466,41.163,0.4486
icelake,decode_raw,128,128,16,4,18.754,42.124,0.4452
icelake,decode_raw,128,128,32,0,18.678,41.177,0.4536
icelake,decode_raw,128,128,32,1,18.456,41.397,0.4458
icelake,decode_raw,128,128,32,2,19.166,41.611,0.4606
icelake,decode_raw,128,128,32,3,18.736,39.426,0.4752
icelake,decode_raw,128,128,32,4,18.555,41.007,0.4525
icelake,decode_raw,128,128,48,0,18.548,41.737,0.4444
icelake,decode_raw,128,128,48,1,18.498,40.902,0.4522
icelake,decode_raw,128,128,48,2,18.544,42.625,0.4350
icelake,decode_raw,128,128,48,3,19.255,41.912,0.4594
icelake,decode_raw,128,128,48,4,19.881,47.443,0.4191
icelake,decode_raw,256,256,0,0,21.301,47.610,0.4474
icelake,decode_raw,256,256,0,1,23.375,48.713,0.4798
icelake,decode_raw,256,256,0,2,21.455,47.070,0.4558
icelake,decode_raw,256,256,0,3,24.130,47.392,0.5092
icelake,decode_raw,256,256,0,4,21.883,47.059,0.4650
icelake,decode_raw,256,256,16,0,22.497,47.231,0.4763
icelake,decode_raw,256,256,16,1,20.937,48.816,0.4289
icelake,decode_raw,256,256,16,2,20.680,45.113,0.4584
icelake,decode_raw,256,256,16,3,20.775,46.357,0.4482
icelake,decode_raw,256,256,16,4,20.912,48.160,0.4342
icelake,decode_raw,256,256,32,0,21.300,47.297,0.4503
icelake,decode_raw,256,256,32,1,21.776,46.409,0.4692
icelake,decode_raw,256,256,32,2,20.850,45.142,0.4619
icelake,decode_raw,256,256,32,3,22.958,47.069,0.4878
icelake,decode_raw,256,256,32,4,22.106,46.319,0.4773
icelake,decode_raw,256,256,48,0,22.477,45.469,0.4943
icelake,decode_raw,256,256,48,1,20.950,47.738,0.4388
icelake,decode_raw,256,256,48,2,20.951,44.520,0.4706
icelake,decode_raw,256,256,48,3,21.917,45.170,0.4852
icelake,decode_raw,256,256,48,4,21.835,49.376,0.4422
icelake,decode_raw,1024,1024,0,0,33.958,71.917,0.4722
icelake,decode_raw,1024,1024,0,1,36.112,71.790,0.5030
icelake,decode_raw,1024,1024,0,2,33.909,75.268,0.4505
icelake,decode_raw,1024,1024,0,3,33.692,73.631,0.4576
icelake,decode_raw,1024,1024,0,4,33.968,72.549,0.4682
icelake,decode_raw,1024,1024,16,0,35.436,73.488,0.4822
icelake,decode_raw,1024,1024,16,1,34.076,74.456,0.4577
icelake,decode_raw,1024,1024,16,2,33.703,71.164,0.4736
icelake,decode_raw,1024,1024,16,3,34.322,71.239,0.4818
icelake,decode_raw,1024,1024,16,4,33.494,71.035,0.4715
icelake,decode_raw,1024,1024,32,0,32.856,70.265,0.4676
icelake,decode_raw,1024,1024,32,1,32.939,70.393,0.4679
icelake,decode_raw,1024,1024,32,2,32.793,71.002,0.4619
icelake,decode_raw,1024,1024,32,3,32.507,98.021,0.3316
icelake,decode_raw,1024,1024,32,4,32.430,70.914,0.4573
icelake,decode_raw,1024,1024,48,0,34.213,70.380,0.4861
icelake,decode_raw,1024,1024,48,1,33.649,72.071,0.4669
icelake,decode_raw,1024,1024,48,2,41.744,104.898,0.3979
icelake,decode_raw,1024,1024,48,3,32.723,86.217,0.3795
icelake,decode_raw,1024,1024,48,4,33.141,70.254,0.4717
icelake,decode_raw,65536,65536,0,0,1191.800,2814.673,0.4234
icelake,decode_raw,65536,65536,0,1,1191.220,2965.267,0.4017
icelake,decode_raw,65536,65536,0,2,1266.158,4609.197,0.2747
icelake,decode_raw,65536,65536,0,3,1238.306,2809.859,0.4407
icelake,decode_raw,65536,65536,0,4,1188.558,2973.079,0.3998
icelake,decode_raw,65536,65536,16,0,1250.641,2805.233,0.4458
icelake,decode_raw,65536,65536,16,1,1186.925,2917.485,0.4068
icelake,decode_raw,65536,65536,16,2,1153.046,2778.131,0.4150
icelake,decode_raw,65536,65536,16,3,1177.083,2760.928,0.4263
icelake,decode_raw,65536,65536,16,4,1168.782,2719.553,0.4298
icelake,decode_raw,65536,65536,32,0,1204.216,2817.982,0.4273
icelake,decode_raw,65536,65536,32,1,1186.944,2737.167,0.4336
icelake,decode_raw,65536,65536,32,2,1199.092,2865.838,0.4184
icelake,decode_raw,65536,65536,32,3,1186.372,2793.407,0.4247
icelake,decode_raw,65536,65536,32,4,1228.977,2689.059,0.4570
icelake,decode_raw,65536,65536,48,0,1170.716,2760.139,0.4242
icelake,decode_raw,65536,65536,48,1,1177.379,2760.286,0.4265
icelake,decode_raw,65536,65536,48,2,1165.896,2776.003,0.4200
icelake,decode_raw,65536,65536,48,3,1164.078,2776.614,0.4192
icelake,decode_raw,65536,65536,48,4,1166.370,2778.466,0.4198
icelake,decode_checked,16,16,0,0,38.626,28.874,1.3377
icelake,decode_checked,16,16,0,1,39.114,28.220,1.3860
icelake,decode_checked,16,16,0,2,36.645,28.216,1.2987
icelake,decode_checked,16,16,0,3,35.439,28.397,1.2480
icelake,decode_checked,16,16,0,4,35.835,28.546,1.2553
icelake,decode_checked,16,16,16,0,35.978,28.093,1.2807
icelake,decode_checked,16,16,16,1,38.176,29.512,1.2936
icelake,decode_checked,16,16,16,2,36.210,28.951,1.2507
icelake,decode_checked,16,16,16,3,37.736,28.786,1.3109
icelake,decode_checked,16,16,16,4,36.732,29.554,1.2429
icelake,decode_checked,16,16,32,0,37.677,28.258,1.3333
icelake,decode_checked,16,16,32,1,37.006,29.161,1.2690
icelake,decode_checked,16,16,32,2,35.683,29.682,1.2022
icelake,decode_checked,16,16,32,3,37.273,29.955,1.2443
icelake,decode_checked,16,16,32,4,37.157,28.855,1.2877
icelake,decode_checked,16,16,48,0,38.975,35.085,1.1109
icelake,decode_checked,16,16,48,1,38.090,28.640,1.3299
icelake,decode_checked,16,16,48,2,35.847,30.720,1.1669
icelake,decode_checked,16,16,48,3,35.549,27.694,1.2837
icelake,decode_checked,16,16,48,4,44.857,27.474,1.6327
icelake,decode_checked,32,32,0,0,47.239,46.992,1.0053
icelake,decode_checked,32,32,0,1,47.832,46.979,1.0182
icelake,decode_checked,32,32,0,2,49.081,47.079,1.0425
icelake,decode_checked,32,32,0,3,47.003,47.864,0.9820
icelake,decode_checked,32,32,0,4,49.706,46.856,1.0608
icelake,decode_checked,32,32,16,0,47.566,46.834,1.0156
icelake,decode_checked,32,32,16,1,48.769,47.253,1.0321
icelake,decode_checked,32,32,16,2,49.190,66.036,0.7449
icelake,decode_checked,32,32,16,3,48.554,47.975,1.0121
icelake,decode_checked,32,32,16,4,48.919,47.838,1.0226
icelake,decode_checked,32,32,32,0,49.565,47.646,1.0403
icelake,decode_checked,32,32,32,1,47.818,48.313,0.9898
icelake,decode_checked,32,32,32,2,47.499,47.747,0.9948
icelake,decode_checked,32,32,32,3,46.909,50.800,0.9234
icelake,decode_checked,32,32,32,4,46.877,47.619,0.9844
icelake,decode_checked,32,32,48,0,46.884,47.953,0.9777
icelake,decode_checked,32,32,48,1,47.622,48.135,0.9893
icelake,decode_checked,32,32,48,2,47.990,50.143,0.9571
icelake,decode_checked,32,32,48,3,46.511,48.158,0.9658
icelake,decode_checked,32,32,48,4,46.999,52.255,0.8994
icelake,decode_checked,64,64,0,0,50.918,66.653,0.7639
icelake,decode_checked,64,64,0,1,50.872,67.363,0.7552
icelake,decode_checked,64,64,0,2,51.405,68.236,0.7533
icelake,decode_checked,64,64,0,3,51.930,66.869,0.7766
icelake,decode_checked,64,64,0,4,52.818,69.903,0.7556
icelake,decode_checked,64,64,16,0,50.204,69.284,0.7246
icelake,decode_checked,64,64,16,1,50.224,67.320,0.7460
icelake,decode_checked,64,64,16,2,51.781,68.608,0.7547
icelake,decode_checked,64,64,16,3,51.495,67.259,0.7656
icelake,decode_checked,64,64,16,4,54.077,67.285,0.8037
icelake,decode_checked,64,64,32,0,51.448,66.483,0.7739
icelake,decode_checked,64,64,32,1,51.073,68.702,0.7434
icelake,decode_checked,64,64,32,2,51.904,66.533,0.7801
icelake,decode_checked,64,64,32,3,51.103,66.289,0.7709
icelake,decode_checked,64,64,32,4,50.993,66.485,0.7670
icelake,decode_checked,64,64,48,0,50.969,68.000,0.7495
icelake,decode_checked,64,64,48,1,50.879,66.823,0.7614
icelake,decode_checked,64,64,48,2,51.691,67.461,0.7662
icelake,decode_checked,64,64,48,3,52.669,66.151,0.7962
icelake,decode_checked,64,64,48,4,51.088,68.117,0.7500
icelake,decode_checked,128,128,0,0,87.634,100.759,0.8697
icelake,decode_checked,128,128,0,1,81.730,101.101,0.8084
icelake,decode_checked,128,128,0,2,82.601,101.102,0.8170
icelake,decode_checked,128,128,0,3,87.739,101.675,0.8629
icelake,decode_checked,128,128,0,4,84.438,107.489,0.7856
icelake,decode_checked,128,128,16,0,84.539,102.928,0.8213
icelake,decode_checked,128,128,16,1,83.604,99.244,0.8424
icelake,decode_checked,128,128,16,2,84.567,111.131,0.7610
icelake,decode_checked,128,128,16,3,89.064,112.467,0.7919
icelake,decode_checked,128,128,16,4,89.972,106.288,0.8465
icelake,decode_checked,128,128,32,0,88.081,112.072,0.7859
icelake,decode_checked,128,128,32,1,92.210,104.681,0.8809
icelake,decode_checked,128,128,32,2,94.841,106.257,0.8926
icelake,decode_checked,128,128,32,3,89.117,113.457,0.7855
icelake,decode_checked,128,128,32,4,92.606,111.341,0.8317
icelake,decode_checked,128,128,48,0,88.609,104.795,0.8455
icelake,decode_checked,128,128,48,1,89.512,105.641,0.8473
icelake,decode_checked,128,128,48,2,90.130,104.713,0.8607
icelake,decode_checked,128,128,48,3,89.430,105.586,0.8470
icelake,decode_checked,128,128,48,4,88.332,107.291,0.8233
icelake,decode_checked,256,256,0,0,159.258,177.988,0.8948
icelake,decode_checked,256,256,0,1,165.837,175.347,0.9458
icelake,decode_checked,256,256,0,2,161.664,174.357,0.9272
icelake,decode_checked,256,256,0,3,153.039,195.914,0.7812
icelake,decode_checked,256,256,0,4,162.001,173.379,0.9344
icelake,decode_checked,256,256,16,0,153.947,172.026,0.8949
icelake,decode_checked,256,256,16,1,153.517,179.682,0.8544
icelake,decode_checked,256,256,16,2,147.095,182.795,0.8047
icelake,decode_checked,256,256,16,3,158.160,176.867,0.8942
icelake,decode_checked,256,256,16,4,154.830,177.894,0.8703
icelake,decode_checked,256,256,32,0,159.265,187.924,0.8475
icelake,decode_checked,256,256,32,1,176.521,185.339,0.9524
icelake,decode_checked,256,256,32,2,148.687,175.444,0.8475
icelake,decode_checked,256,256,32,3,148.049,177.673,0.8333
icelake,decode_checked,256,256,32,4,160.124,176.397,0.9077
icelake,decode_checked,256,256,48,0,151.320,174.365,0.8678
icelake,decode_checked,256,256,48,1,152.987,176.948,0.8646
icelake,decode_checked,256,256,48,2,161.467,175.450,0.9203
icelake,decode_checked,256,256,48,3,155.068,171.279,0.9054
icelake,decode_checked,256,256,48,4,154.621,173.502,0.8912
icelake,decode_checked,1024,1024,0,0,546.474,834.170,0.6551
icelake,decode_checked,1024,1024,0,1,536.890,597.509,0.8985
icelake,decode_checked,1024,1024,0,2,538.051,604.990,0.8894
icelake,decode_checked,1024,1024,0,3,554.049,591.048,0.9374
icelake,decode_checked,1024,1024,0,4,567.763,591.448,0.9600
icelake,decode_checked,1024,1024,16,0,547.041,611.199,0.8950
icelake,decode_checked,1024,1024,16,1,556.041,583.828,0.9524
icelake,decode_checked,1024,1024,16,2,551.824,594.367,0.9284
icelake,decode_checked,1024,1024,16,3,534.552,590.857,0.9047
icelake,decode_checked,1024,1024,16,4,565.585,606.076,0.9332
icelake,decode_checked,1024,1024,32,0,564.727,636.120,0.8878
icelake,decode_checked,1024,1024,32,1,546.101,609.627,0.8958
icelake,decode_checked,1024,1024,32,2,549.349,605.692,0.9070
icelake,decode_checked,1024,1024,32,3,644.540,592.216,1.0884
icelake,decode_checked,1024,1024,32,4,551.257,641.486,0.8593
icelake,decode_checked,1024,1024,48,0,577.254,581.615,0.9925
icelake,decode_checked,1024,1024,48,1,540.136,599.867,0.9004
icelake,decode_checked,1024,1024,48,2,532.096,586.204,0.9077
icelake,decode_checked,1024,1024,48,3,588.136,602.012,0.9770
icelake,decode_checked,1024,1024,48,4,541.329,573.885,0.9433
icelake,decode_checked,65536,65536,0,0,33591.087,35222.617,0.9537
icelake,decode_checked,65536,65536,0,1,34076.929,37641.821,0.9053
icelake,decode_checked,65536,65536,0,2,38225.802,37336.907,1.0238
icelake,decode_checked,65536,65536,0,3,34868.440,35640.646,0.9783
icelake,decode_checked,65536,65536,0,4,33956.459,35671.926,0.9519
icelake,decode_checked,65536,65536,16,0,33793.991,36337.371,0.9300
icelake,decode_checked,65536,65536,16,1,34232.907,36296.231,0.9432
icelake,decode_checked,65536,65536,16,2,34289.837,34306.484,0.9995
icelake,decode_checked,65536,65536,16,3,34544.987,35648.012,0.9691
icelake,decode_checked,65536,65536,16,4,33655.550,35701.960,0.9427
icelake,decode_checked,65536,65536,32,0,33675.513,35896.108,0.9381
icelake,decode_checked,65536,65536,32,1,34994.953,36933.211,0.9475
icelake,decode_checked,65536,65536,32,2,35033.110,35421.227,0.9890
icelake,decode_checked,65536,65536,32,3,34233.007,37344.873,0.9167
icelake,decode_checked,65536,65536,32,4,34533.437,35815.376,0.9642
icelake,decode_checked,65536,65536,48,0,34352.442,34396.921,0.9987
icelake,decode_checked,65536,65536,48,1,35478.836,36153.050,0.9814
icelake,decode_checked,65536,65536,48,2,34449.042,35733.352,0.9641
icelake,decode_checked,65536,65536,48,3,34133.469,38150.289,0.8947
icelake,decode_checked,65536,65536,48,4,34113.383,40988.181,0.8323
icelake,encode_url,16,15,0,0,7.645,28.660,0.2667
icelake,encode_url,16,15,0,1,7.613,27.305,0.2788
icelake,encode_url,16,15,0,2,7.454,27.177,0.2743
icelake,encode_url,16,15,0,3,7.561,26.881,0.2813
icelake,encode_url,16,15,0,4,7.855,27.872,0.2818
icelake,encode_url,16,15,16,0,7.791,27.860,0.2797
icelake,encode_url,16,15,16,1,8.310,32.389,0.2566
icelake,encode_url,16,15,16,2,7.650,26.353,0.2903
icelake,encode_url,16,15,16,3,7.563,26.235,0.2883
icelake,encode_url,16,15,16,4,7.985,26.713,0.2989
icelake,encode_url,16,15,32,0,7.446,27.371,0.2720
icelake,encode_url,16,15,32,1,7.294,26.616,0.2740
icelake,encode_url,16,15,32,2,7.354,30.153,0.2439
icelake,encode_url,16,15,32,3,7.430,28.795,0.2580
icelake,encode_url,16,15,32,4,7.753,26.161,0.2964
icelake,encode_url,16,15,48,0,7.656,39.435,0.1941
icelake,encode_url,16,15,48,1,9.441,27.539,0.3428
icelake,encode_url,16,15,48,2,7.140,28.255,0.2527
icelake,encode_url,16,15,48,3,7.306,26.017,0.2808
icelake,encode_url,16,15,48,4,7.350,26.804,0.2742
icelake,encode_url,32,30,0,0,7.286,43.366,0.1680
icelake,encode_url,32,30,0,1,7.307,43.074,0.1696
icelake,encode_url,32,30,0,2,7.121,44.586,0.1597
icelake,encode_url,32,30,0,3,7.417,43.087,0.1721
icelake,encode_url,32,30,0,4,7.226,43.776,0.1651
icelake,encode_url,32,30,16,0,7.114,66.817,0.1065
icelake,encode_url,32,30,16,1,8.960,87.145,0.1028
icelake,encode_url,32,30,16,2,7.175,44.437,0.1615
icelake,encode_url,32,30,16,3,7.306,45.328,0.1612
icelake,encode_url,32,30,16,4,7.256,43.866,0.1654
icelake,encode_url,32,30,32,0,12.517,51.942,0.2410
icelake,encode_url,32,30,32,1,8.887,43.427,0.2046
icelake,encode_url,32,30,32,2,7.468,44.149,0.1692
icelake,encode_url,32,30,32,3,7.260,44.197,0.1643
icelake,encode_url,32,30,32,4,7.407,49.622,0.1493
icelake,encode_url,32,30,48,0,7.562,43.281,0.1747
icelake,encode_url,32,30,48,1,7.326,47.270,0.1550
icelake,encode_url,32,30,48,2,7.742,43.534,0.1779
icelake,encode_url,32,30,48,3,7.553,43.043,0.1755
icelake,encode_url,32,30,48,4,7.232,43.402,0.1666
icelake,encode_url,64,63,0,0,8.703,78.431,0.1110
icelake,encode_url,64,63,0,1,8.838,79.087,0.1118
icelake,encode_url,64,63,0,2,8.776,80.113,0.1095
icelake,encode_url,64,63,0,3,8.774,81.140,0.1081
icelake,encode_url,64,63,0,4,8.667,80.030,0.1083
icelake,encode_url,64,63,16,0,9.021,93.814,0.0962
icelake,encode_url,64,63,16,1,8.737,104.823,0.0834
icelake,encode_url,64,63,16,2,8.732,80.438,0.1086
icelake,encode_url,64,63,16,3,8.945,80.803,0.1107
icelake,encode_url,64,63,16,4,8.558,80.204,0.1067
icelake,encode_url,64,63,32,0,8.791,83.314,0.1055
icelake,encode_url,64,63,32,1,8.967,84.472,0.1061
icelake,encode_url,64,63,32,2,8.740,81.294,0.1075
icelake,encode_url,64,63,32,3,8.732,79.193,0.1103
icelake,encode_url,64,63,32,4,8.731,80.671,0.1082
icelake,encode_url,64,63,48,0,8.812,81.086,0.1087
icelake,encode_url,64,63,48,1,8.782,78.618,0.1117
icelake,encode_url,64,63,48,2,8.819,80.785,0.1092
icelake,encode_url,64,63,48,3,8.914,80.164,0.1112
icelake,encode_url,64,63,48,4,8.796,78.836,0.1116
icelake,encode_url,128,126,0,0,9.784,82.369,0.1188
icelake,encode_url,128,126,0,1,9.873,82.399,0.1198
icelake,encode_url,128,126,0,2,9.422,80.174,0.1175
icelake,encode_url,128,126,0,3,9.774,78.842,0.1240
icelake,encode_url,128,126,0,4,9.761,77.367,0.1262
icelake,encode_url,128,126,16,0,9.979,84.740,0.1178
icelake,encode_url,128,126,16,1,10.112,79.205,0.1277
icelake,encode_url,128,126,16,2,9.526,79.247,0.1202
icelake,encode_url,128,126,16,3,9.663,79.213,0.1220
icelake,encode_url,128,126,16,4,12.330,203.944,0.0605
icelake,encode_url,128,126,32,0,11.709,79.653,0.1470
icelake,encode_url,128,126,32,1,11.168,79.111,0.1412
icelake,encode_url,128,126,32,2,9.541,77.207,0.1236
icelake,encode_url,128,126,32,3,9.520,78.171,0.1218
icelake,encode_url,128,126,32,4,9.398,80.661,0.1165
icelake,encode_url,128,126,48,0,9.562,78.373,0.1220
icelake,encode_url,128,126,48,1,9.397,78.930,0.1191
icelake,encode_url,128,126,48,2,9.412,80.638,0.1167
icelake,encode_url,128,126,48,3,9.687,76.153,0.1272
icelake,encode_url,128,126,48,4,9.517,76.843,0.1239
icelake,encode_url,256,255,0,0,10.487,153.349,0.0684
icelake,encode_url,256,255,0,1,10.666,148.742,0.0717
icelake,encode_url,256,255,0,2,11.000,154.347,0.0713
icelake,encode_url,256,255,0,3,10.845,152.479,0.0711
icelake,encode_url,256,255,0,4,10.682,149.570,0.0714
icelake,encode_url,256,255,16,0,11.533,151.825,0.0760
icelake,encode_url,256,255,16,1,10.764,150.186,0.0717
icelake,encode_url,256,255,16,2,11.076,148.334,0.0747
icelake,encode_url,256,255,16,3,11.247,146.904,0.0766
icelake,encode_url,256,255,16,4,12.207,180.110,0.0678
icelake,encode_url,256,255,32,0,12.509,279.436,0.0448
icelake,encode_url,256,255,32,1,10.482,149.004,0.0703
icelake,encode_url,256,255,32,2,10.538,150.587,0.0700
icelake,encode_url,256,255,32,3,10.654,148.431,0.0718
icelake,encode_url,256,255,32,4,10.687,152.070,0.0703
icelake,encode_url,256,255,48,0,10.713,158.876,0.0674
icelake,encode_url,256,255,48,1,10.861,148.326,0.0732
icelake,encode_url,256,255,48,2,10.602,149.262,0.0710
icelake,encode_url,256,255,48,3,11.044,151.624,0.0728
icelake,encode_url,256,255,48,4,10.701,151.237,0.0708
icelake,encode_url,1024,1023,0,0,21.463,433.495,0.0495
icelake,encode_url,1024,1023,0,1,20.848,445.566,0.0468
icelake,encode_url,1024,1023,0,2,20.788,436.336,0.0476
icelake,encode_url,1024,1023,0,3,20.878,436.375,0.0478
icelake,encode_url,1024,1023,0,4,21.557,437.122,0.0493
icelake,encode_url,1024,1023,16,0,22.990,440.679,0.0522
icelake,encode_url,1024,1023,16,1,23.076,433.600,0.0532
icelake,encode_url,1024,1023,16,2,23.299,438.636,0.0531
icelake,encode_url,1024,1023,16,3,22.440,444.520,0.0505
icelake,encode_url,1024,1023,16,4,23.379,436.112,0.0536
icelake,encode_url,1024,1023,32,0,22.438,442.104,0.0508
icelake,encode_url,1024,1023,32,1,20.327,443.476,0.0458
icelake,encode_url,1024,1023,32,2,21.310,440.396,0.0484
icelake,encode_url,1024,1023,32,3,21.710,434.370,0.0500
icelake,encode_url,1024,1023,32,4,21.381,447.857,0.0477
icelake,encode_url,1024,1023,48,0,21.446,443.922,0.0483
icelake,encode_url,1024,1023,48,1,20.898,449.418,0.0465
icelake,encode_url,1024,1023,48,2,20.855,442.892,0.0471
icelake,encode_url,1024,1023,48,3,20.900,430.619,0.0485
icelake,encode_url,1024,1023,48,4,21.309,433.260,0.0492
icelake,encode_url,65536,65535,0,0,1352.935,26370.553,0.0513
icelake,encode_url,65536,65535,0,1,1404.275,25009.477,0.0561
icelake,encode_url,65536,65535,0,2,1392.715,25761.771,0.0541
icelake,encode_url,65536,65535,0,3,1398.024,25112.769,0.0557
icelake,encode_url,65536,65535,0,4,1393.292,25024.345,0.0557
icelake,encode_url,65536,65535,16,0,1642.204,24849.320,0.0661
icelake,encode_url,65536,65535,16,1,1603.714,25975.851,0.0617
icelake,encode_url,65536,65535,16,2,1548.620,25046.486,0.0618
icelake,encode_url,65536,65535,16,3,1571.858,24316.704,0.0646
icelake,encode_url,65536,65535,16,4,1713.072,26205.397,0.0654
icelake,encode_url,65536,65535,32,0,1453.775,26782.473,0.0543
icelake,encode_url,65536,65535,32,1,1477.966,25712.238,0.0575
icelake,encode_url,65536,65535,32,2,1489.945,25463.748,0.0585
icelake,encode_url,65536,65535,32,3,1450.872,26016.662,0.0558
icelake,encode_url,65536,65535,32,4,1419.331,25333.226,0.0560
icelake,encode_url,65536,65535,48,0,1630.856,26819.128,0.0608
icelake,encode_url,65536,65535,48,1,1731.230,26789.617,0.0646
icelake,encode_url,65536,65535,48,2,1627.253,26312.600,0.0618
icelake,encode_url,65536,65535,48,3,1687.667,26086.151,0.0647
icelake,encode_url,65536,65535,48,4,1718.895,27064.272,0.0635
icelake,decode_url,16,16,0,0,36.131,38.272,0.9440
icelake,decode_url,16,16,0,1,36.985,35.677,1.0367
icelake,decode_url,16,16,0,2,35.503,35.234,1.0076
icelake,decode_url,16,16,0,3,37.052,34.620,1.0703
icelake,decode_url,16,16,0,4,36.072,35.080,1.0283
icelake,decode_url,16,16,16,0,34.759,35.581,0.9769
icelake,decode_url,16,16,16,1,35.289,37.526,0.9404
icelake,decode_url,16,16,16,2,36.096,36.002,1.0026
icelake,decode_url,16,16,16,3,37.024,34.200,1.0826
icelake,decode_url,16,16,16,4,34.419,34.952,0.9847
icelake,decode_url,16,16,32,0,35.046,35.601,0.9844
icelake,decode_url,16,16,32,1,38.771,36.993,1.0480
icelake,decode_url,16,16,32,2,34.927,35.365,0.9876
icelake,decode_url,16,16,32,3,37.145,35.557,1.0447
icelake,decode_url,16,16,32,4,37.808,37.590,1.0058
icelake,decode_url,16,16,48,0,39.162,37.844,1.0348
icelake,decode_url,16,16,48,1,38.527,36.940,1.0430
icelake,decode_url,16,16,48,2,37.331,36.242,1.0300
icelake,decode_url,16,16,48,3,42.310,36.671,1.1538
icelake,decode_url,16,16,48,4,38.059,41.026,0.9277
icelake,decode_url,32,32,0,0,59.908,58.922,1.0167
icelake,decode_url,32,32,0,1,48.447,55.988,0.8653
icelake,decode_url,32,32,0,2,49.638,59.248,0.8378
icelake,decode_url,32,32,0,3,46.102,59.962,0.7688
icelake,decode_url,32,32,0,4,48.424,57.377,0.8440
icelake,decode_url,32,32,16,0,48.236,60.376,0.7989
icelake,decode_url,32,32,16,1,49.996,58.526,0.8542
icelake,decode_url,32,32,16,2,47.838,57.730,0.8287
icelake,decode_url,32,32,16,3,48.054,61.731,0.7784
icelake,decode_url,32,32,16,4,47.296,59.226,0.7986
icelake,decode_url,32,32,32,0,47.211,57.690,0.8184
icelake,decode_url,32,32,32,1,45.571,61.763,0.7378
icelake,decode_url,32,32,32,2,47.211,59.601,0.7921
icelake,decode_url,32,32,32,3,47.771,61.277,0.7796
icelake,decode_url,32,32,32,4,45.904,59.970,0.7654
icelake,decode_url,32,32,48,0,45.980,64.669,0.7110
icelake,decode_url,32,32,48,1,45.703,57.880,0.7896
icelake,decode_url,32,32,48,2,46.546,61.221,0.7603
icelake,decode_url,32,32,48,3,46.945,58.744,0.7991
icelake,decode_url,32,32,48,4,47.811,58.351,0.8194
icelake,decode_url,64,64,0,0,54.185,92.919,0.5831
icelake,decode_url,64,64,0,1,54.198,91.060,0.5952
icelake,decode_url,64,64,0,2,54.953,92.537,0.5939
icelake,decode_url,64,64,0,3,55.083,86.273,0.6385
icelake,decode_url,64,64,0,4,53.931,92.895,0.5806
icelake,decode_url,64,64,16,0,55.733,95.472,0.5838
icelake,decode_url,64,64,16,1,54.117,90.793,0.5961
icelake,decode_url,64,64,16,2,54.326,92.106,0.5898
icelake,decode_url,64,64,16,3,53.379,89.060,0.5994
icelake,decode_url,64,64,16,4,53.682,91.390,0.5874
icelake,decode_url,64,64,32,0,53.673,90.843,0.5908
icelake,decode_url,64,64,32,1,57.840,91.302,0.6335
icelake,decode_url,64,64,32,2,52.173,90.405,0.5771
icelake,decode_url,64,64,32,3,53.606,89.728,0.5974
icelake,decode_url,64,64,32,4,52.075,96.853,0.5377
icelake,decode_url,64,64,48,0,55.833,93.129,0.5995
icelake,decode_url,64,64,48,1,55.976,96.519,0.5799
icelake,decode_url,64,64,48,2,56.977,92.542,0.6157
icelake,decode_url,64,64,48,3,50.937,93.062,0.5473
icelake,decode_url,64,64,48,4,54.216,89.929,0.6029
icelake,decode_url,128,128,0,0,92.287,147.381,0.6262
icelake,decode_url,128,128,0,1,87.677,146.220,0.5996
icelake,decode_url,128,128,0,2,87.100,142.333,0.6119
icelake,decode_url,128,128,0,3,88.200,141.065,0.6252
icelake,decode_url,128,128,0,4,88.353,140.694,0.6280
icelake,decode_url,128,128,16,0,89.458,142.148,0.6293
icelake,decode_url,128,128,16,1,90.508,136.947,0.6609
icelake,decode_url,128,128,16,2,92.057,139.446,0.6602
icelake,decode_url,128,128,16,3,88.674,135.798,0.6530
icelake,decode_url,128,128,16,4,85.666,138.152,0.6201
icelake,decode_url,128,128,32,0,89.000,143.066,0.6221
icelake,decode_url,128,128,32,1,87.111,136.828,0.6366
icelake,decode_url,128,128,32,2,86.109,137.156,0.6278
icelake,decode_url,128,128,32,3,93.789,150.960,0.6213
icelake,decode_url,128,128,32,4,86.951,137.526,0.6322
icelake,decode_url,128,128,48,0,85.621,144.761,0.5915
icelake,decode_url,128,128,48,1,88.282,156.126,0.5655
icelake,decode_url,128,128,48,2,84.276,144.248,0.5842
icelake,decode_url,128,128,48,3,84.567,143.546,0.5891
icelake,decode_url,128,128,48,4,89.854,147.319,0.6099
icelake,decode_url,256,256,0,0,160.022,243.367,0.6575
icelake,decode_url,256,256,0,1,161.391,254.592,0.6339
icelake,decode_url,256,256,0,2,166.618,258.194,0.6453
icelake,decode_url,256,256,0,3,149.270,250.330,0.5963
icelake,decode_url,256,256,0,4,160.829,250.906,0.6410
icelake,decode_url,256,256,16,0,151.675,243.413,0.6231
icelake,decode_url,256,256,16,1,155.081,242.295,0.6400
icelake,decode_url,256,256,16,2,154.900,539.533,0.2871
icelake,decode_url,256,256,16,3,149.910,283.880,0.5281
icelake,decode_url,256,256,16,4,172.128,253.494,0.6790
icelake,decode_url,256,256,32,0,151.769,250.780,0.6052
icelake,decode_url,256,256,32,1,154.560,243.883,0.6337
icelake,decode_url,256,256,32,2,156.459,248.378,0.6299
icelake,decode_url,256,256,32,3,154.824,247.731,0.6250
icelake,decode_url,256,256,32,4,152.442,241.489,0.6313
icelake,decode_url,256,256,48,0,147.922,238.884,0.6192
icelake,decode_url,256,256,48,1,152.297,236.842,0.6430
icelake,decode_url,256,256,48,2,152.224,239.463,0.6357
icelake,decode_url,256,256,48,3,159.410,241.322,0.6606
icelake,decode_url,256,256,48,4,151.868,246.219,0.6168
icelake,decode_url,1024,1024,0,0,533.267,922.288,0.5782
icelake,decode_url,1024,1024,0,1,551.270,948.446,0.5812
icelake,decode_url,1024,1024,0,2,551.831,944.724,0.5841
icelake,decode_url,1024,1024,0,3,537.675,939.615,0.5722
icelake,decode_url,1024,1024,0,4,539.746,939.138,0.5747
icelake,decode_url,1024,1024,16,0,541.656,934.722,0.5795
icelake,decode_url,1024,1024,16,1,543.412,967.043,0.5619
icelake,decode_url,1024,1024,16,2,534.258,924.750,0.5777
icelake,decode_url,1024,1024,16,3,545.235,933.607,0.5840
icelake,decode_url,1024,1024,16,4,544.639,942.840,0.5777
icelake,decode_url,1024,1024,32,0,533.976,933.997,0.5717
icelake,decode_url,1024,1024,32,1,536.912,951.332,0.5644
icelake,decode_url,1024,1024,32,2,545.483,946.963,0.5760
icelake,decode_url,1024,1024,32,3,540.400,956.977,0.5647
icelake,decode_url,1024,1024,32,4,555.374,927.773,0.5986
icelake,decode_url,1024,1024,48,0,546.020,921.845,0.5923
icelake,decode_url,1024,1024,48,1,553.730,906.825,0.6106
icelake,decode_url,1024,1024,48,2,532.329,970.030,0.5488
icelake,decode_url,1024,1024,48,3,541.567,997.162,0.5431
icelake,decode_url,1024,1024,48,4,544.302,911.938,0.5969
icelake,decode_url,65536,65536,0,0,34772.864,61222.018,0.5680
icelake,decode_url,65536,65536,0,1,35033.556,69994.894,0.5005
icelake,decode_url,65536,65536,0,2,32743.096,58591.405,0.5588
icelake,decode_url,65536,65536,0,3,33016.426,59485.100,0.5550
icelake,decode_url,65536,65536,0,4,35020.102,58942.752,0.5941
icelake,decode_url,65536,65536,16,0,33341.167,60653.280,0.5497
icelake,decode_url,65536,65536,16,1,35119.809,59224.357,0.5930
icelake,decode_url,65536,65536,16,2,34819.947,61063.938,0.5702
icelake,decode_url,65536,65536,16,3,36018.304,59031.367,0.6102
icelake,decode_url,65536,65536,16,4,33562.277,57790.918,0.5808
icelake,decode_url,65536,65536,32,0,34334.427,57176.277,0.6005
icelake,decode_url,65536,65536,32,1,33604.884,60995.898,0.5509
icelake,decode_url,65536,65536,32,2,34308.242,60041.722,0.5714
icelake,decode_url,65536,65536,32,3,33417.782,59451.082,0.5621
icelake,decode_url,65536,65536,32,4,33441.196,62174.870,0.5379
icelake,decode_url,65536,65536,48,0,33502.342,60106.785,0.5574
icelake,decode_url,65536,65536,48,1,32941.334,62056.070,0.5308
icelake,decode_url,65536,65536,48,2,35163.340,58732.752,0.5987
icelake,decode_url,65536,65536,48,3,34468.483,58015.372,0.5941
icelake,decode_url,65536,65536,48,4,33639.982,67066.248,0.5016
haswell,encode,16,15,0,0,15.847,19.720,0.8036
haswell,encode,16,15,0,1,15.671,19.382,0.8085
haswell,encode,16,15,0,2,15.810,19.689,0.8030
haswell,encode,16,15,0,3,15.714,20.760,0.7569
haswell,encode,16,15,0,4,15.306,19.839,0.7715
haswell,encode,16,15,16,0,14.971,19.148,0.7819
haswell,encode,16,15,16,1,15.218,20.104,0.7570
haswell,encode,16,15,16,2,15.220,19.806,0.7684
haswell,encode,16,15,16,3,15.254,20.222,0.7543
haswell,encode,16,15,16,4,15.123,20.036,0.7548
haswell,encode,16,15,32,0,16.185,19.428,0.8331
haswell,encode,16,15,32,1,16.564,19.969,0.8295
haswell,encode,16,15,32,2,15.017,19.650,0.7642
haswell,encode,16,15,32,3,16.248,20.098,0.8084
haswell,encode,16,15,32,4,15.815,19.812,0.7983
haswell,encode,16,15,48,0,15.456,19.831,0.7794
haswell,encode,16,15,48,1,14.975,19.298,0.7760
haswell,encode,16,15,48,2,15.319,20.375,0.7518
haswell,encode,16,15,48,3,15.962,19.636,0.8129
haswell,encode,16,15,48,4,15.726,19.651,0.8003
haswell,encode,32,30,0,0,12.634,32.262,0.3916
haswell,encode,32,30,0,1,13.248,32.314,0.4100
haswell,encode,32,30,0,2,14.021,32.804,0.4274
haswell,encode,32,30,0,3,13.354,33.101,0.4034
haswell,encode,32,30,0,4,13.127,32.427,0.4048
haswell,encode,32,30,16,0,13.399,33.124,0.4045
haswell,encode,32,30,16,1,14.051,32.054,0.4383
haswell,encode,32,30,16,2,12.876,33.749,0.3815
haswell,encode,32,30,16,3,13.061,33.060,0.3951
haswell,encode,32,30,16,4,13.203,33.609,0.3928
haswell,encode,32,30,32,0,15.223,34.292,0.4439
haswell,encode,32,30,32,1,13.291,33.328,0.3988
haswell,encode,32,30,32,2,12.941,32.422,0.3991
haswell,encode,32,30,32,3,15.768,36.328,0.4340
haswell,encode,32,30,32,4,12.683,34.569,0.3669
haswell,encode,32,30,48,0,12.468,32.522,0.3834
haswell,encode,32,30,48,1,12.976,34.057,0.3810
haswell,encode,32,30,48,2,13.240,32.917,0.4022
haswell,encode,32,30,48,3,13.633,33.334,0.4090
haswell,encode,32,30,48,4,13.311,34.061,0.3908
haswell,encode,64,63,0,0,18.012,24.216,0.7438
haswell,encode,64,63,0,1,19.417,24.397,0.7959
haswell,encode,64,63,0,2,18.791,26.075,0.7207
haswell,encode,64,63,0,3,18.503,24.030,0.7700
haswell,encode,64,63,0,4,18.867,23.291,0.8101
haswell,encode,64,63,16,0,18.579,25.638,0.7247
haswell,encode,64,63,16,1,19.175,27.198,0.7050
haswell,encode,64,63,16,2,18.718,24.598,0.7610
haswell,encode,64,63,16,3,19.412,24.354,0.7971
haswell,encode,64,63,16,4,20.462,23.875,0.8570
haswell,encode,64,63,32,0,19.230,23.996,0.8014
haswell,encode,64,63,32,1,18.427,23.802,0.7742
haswell,encode,64,63,32,2,18.611,35.225,0.5283
haswell,encode,64,63,32,3,20.022,27.369,0.7315
haswell,encode,64,63,32,4,20.762,25.971,0.7994
haswell,encode,64,63,48,0,19.690,26.342,0.7475
haswell,encode,64,63,48,1,20.017,28.989,0.6905
haswell,encode,64,63,48,2,19.368,26.814,0.7223
haswell,encode,64,63,48,3,20.082,26.796,0.7495
haswell,encode,64,63,48,4,20.001,27.110,0.7378
haswell,encode,128,126,0,0,18.398,20.867,0.8817
haswell,encode,128,126,0,1,18.075,24.087,0.7504
haswell,encode,128,126,0,2,17.798,19.489,0.9132
haswell,encode,128,126,0,3,17.943,19.960,0.8989
haswell,encode,128,126,0,4,20.053,21.218,0.9451
haswell,encode,128,126,16,0,18.029,20.062,0.8987
haswell,encode,128,126,16,1,17.384,19.805,0.8777
haswell,encode,128,126,16,2,18.360,20.927,0.8774
haswell,encode,128,126,16,3,18.462,20.424,0.9039
haswell,encode,128,126,16,4,20.328,21.251,0.9566
haswell,encode,128,126,32,0,17.938,20.255,0.8856
haswell,encode,128,126,32,1,18.561,20.738,0.8950
haswell,encode,128,126,32,2,21.639,20.812,1.0397
haswell,encode,128,126,32,3,17.949,21.610,0.8306
haswell,encode,128,126,32,4,18.117,20.124,0.9002
haswell,encode,128,126,48,0,17.085,20.337,0.8401
haswell,encode,128,126,48,1,19.000,20.776,0.9145
haswell,encode,128,126,48,2,18.577,22.807,0.8146
haswell,encode,128,126,48,3,18.395,22.665,0.8116
haswell,encode,128,126,48,4,17.000,18.206,0.9338
haswell,encode,256,255,0,0,24.296,31.188,0.7790
haswell,encode,256,255,0,1,24.742,29.308,0.8442
haswell,encode,256,255,0,2,24.535,29.879,0.8212
haswell,encode,256,255,0,3,24.574,29.569,0.8311
haswell,encode,256,255,0,4,25.325,30.077,0.8420
haswell,encode,256,255,16,0,24.322,28.809,0.8442
haswell,encode,256,255,16,1,24.170,29.076,0.8313
haswell,encode,256,255,16,2,24.850,29.607,0.8393
haswell,encode,256,255,16,3,24.820,28.795,0.8619
haswell,encode,256,255,16,4,24.735,28.887,0.8563
haswell,encode,256,255,32,0,24.551,28.972,0.8474
haswell,encode,256,255,32,1,24.578,28.678,0.8571
haswell,encode,256,255,32,2,26.306,30.415,0.8649
haswell,encode,256,255,32,3,24.158,29.359,0.8229
haswell,encode,256,255,32,4,24.373,28.712,0.8489
haswell,encode,256,255,48,0,25.063,29.274,0.8562
haswell,encode,256,255,48,1,24.462,30.933,0.7908
haswell,encode,256,255,48,2,24.111,28.986,0.8318
haswell,encode,256,255,48,3,24.521,28.920,0.8479
haswell,encode,256,255,48,4,25.638,32.288,0.7940
haswell,encode,1024,1023,0,0,55.889,58.639,0.9531
haswell,encode,1024,1023,0,1,57.976,58.988,0.9828
haswell,encode,1024,1023,0,2,56.551,81.449,0.6943
haswell,encode,1024,1023,0,3,65.813,102.018,0.6451
haswell,encode,1024,1023,0,4,58.840,60.066,0.9796
haswell,encode,1024,1023,16,0,55.446,58.659,0.9452
haswell,encode,1024,1023,16,1,54.687,59.526,0.9187
haswell,encode,1024,1023,16,2,54.743,59.057,0.9270
haswell,encode,1024,1023,16,3,55.527,58.509,0.9490
haswell,encode,1024,1023,16,4,56.105,58.545,0.9583
haswell,encode,1024,1023,32,0,54.572,59.313,0.9201
haswell,encode,1024,1023,32,1,56.215,59.332,0.9475
haswell,encode,1024,1023,32,2,55.392,58.824,0.9416
haswell,encode,1024,1023,32,3,55.321,59.407,0.9312
haswell,encode,1024,1023,32,4,57.228,59.143,0.9676
haswell,encode,1024,1023,48,0,58.315,59.429,0.9813
haswell,encode,1024,1023,48,1,54.858,59.666,0.9194
haswell,encode,1024,1023,48,2,56.796,59.231,0.9589
haswell,encode,1024,1023,48,3,57.790,59.105,0.9778
haswell,encode,1024,1023,48,4,63.363,59.517,1.0646
haswell,encode,65536,65535,0,0,2756.212,2807.484,0.9817
haswell,encode,65536,65535,0,1,2801.420,2720.501,1.0297
haswell,encode,65536,65535,0,2,2717.290,2755.178,0.9862
haswell,encode,65536,65535,0,3,2778.697,2710.653,1.0251
haswell,encode,65536,65535,0,4,2772.479,2655.281,1.0441
haswell,encode,65536,65535,16,0,2846.405,2782.184,1.0231
haswell,encode,65536,65535,16,1,2838.498,2806.286,1.0115
haswell,encode,65536,65535,16,2,2867.734,3377.265,0.8491
haswell,encode,65536,65535,16,3,2796.758,2983.734,0.9373
haswell,encode,65536,65535,16,4,2867.939,2848.685,1.0068
haswell,encode,65536,65535,32,0,2707.801,2684.195,1.0088
haswell,encode,65536,65535,32,1,2670.732,2715.715,0.9834
haswell,encode,65536,65535,32,2,2686.164,13077.537,0.2054
haswell,encode,65536,65535,32,3,2735.592,3769.898,0.7256
haswell,encode,65536,65535,32,4,2907.241,2705.923,1.0744
haswell,encode,65536,65535,48,0,2821.280,4072.826,0.6927
haswell,encode,65536,65535,48,1,2851.433,3009.549,0.9475
haswell,encode,65536,65535,48,2,2865.762,2850.383,1.0054
haswell,encode,65536,65535,48,3,3213.025,2861.030,1.1230
haswell,encode,65536,65535,48,4,2985.053,2784.899,1.0719
haswell,decode_raw,16,16,0,0,30.893,29.956,1.0313
haswell,decode_raw,16,16,0,1,31.317,17.891,1.7504
haswell,decode_raw,16,16,0,2,40.057,17.903,2.2375
haswell,decode_raw,16,16,0,3,29.976,17.582,1.7049
haswell,decode_raw,16,16,0,4,30.723,17.853,1.7209
haswell,decode_raw,16,16,16,0,29.876,17.744,1.6837
haswell,decode_raw,16,16,16,1,29.664,17.511,1.6941
haswell,decode_raw,16,16,16,2,30.133,18.287,1.6478
haswell,decode_raw,16,16,16,3,33.319,17.952,1.8560
haswell,decode_raw,16,16,16,4,31.133,18.187,1.7118
haswell,decode_raw,16,16,32,0,33.427,18.481,1.8087
haswell,decode_raw,16,16,32,1,31.401,19.540,1.6071
haswell,decode_raw,16,16,32,2,35.170,18.150,1.9377
haswell,decode_raw,16,16,32,3,29.929,18.030,1.6600
haswell,decode_raw,16,16,32,4,33.990,28.059,1.2114
haswell,decode_raw,16,16,48,0,56.085,34.372,1.6317
haswell,decode_raw,16,16,48,1,32.836,24.167,1.3587
haswell,decode_raw,16,16,48,2,35.475,19.259,1.8420
haswell,decode_raw,16,16,48,3,33.527,20.124,1.6660
haswell,decode_raw,16,16,48,4,39.089,20.803,1.8790
haswell,decode_raw,32,32,0,0,36.262,31.685,1.1445
haswell,decode_raw,32,32,0,1,45.834,31.747,1.4437
haswell,decode_raw,32,32,0,2,81.239,57.101,1.4227
haswell,decode_raw,32,32,0,3,34.827,29.977,1.1618
haswell,decode_raw,32,32,0,4,35.384,30.978,1.1422
haswell,decode_raw,32,32,16,0,36.680,31.737,1.1557
haswell,decode_raw,32,32,16,1,35.544,31.211,1.1388
haswell,decode_raw,32,32,16,2,37.519,32.094,1.1690
haswell,decode_raw,32,32,16,3,38.995,30.730,1.2689
haswell,decode_raw,32,32,16,4,40.226,32.978,1.2198
haswell,decode_raw,32,32,32,0,39.230,32.499,1.2071
haswell,decode_raw,32,32,32,1,38.539,32.892,1.1717
haswell,decode_raw,32,32,32,2,36.732,31.665,1.1600
haswell,decode_raw,32,32,32,3,38.583,30.511,1.2646
haswell,decode_raw,32,32,32,4,36.482,30.431,1.1988
haswell,decode_raw,32,32,48,0,38.055,30.452,1.2497
haswell,decode_raw,32,32,48,1,39.370,30.637,1.2851
haswell,decode_raw,32,32,48,2,37.190,32.400,1.1479
haswell,decode_raw,32,32,48,3,37.372,30.994,1.2058
haswell,decode_raw,32,32,48,4,37.464,31.187,1.2013
haswell,decode_raw,64,64,0,0,24.639,34.751,0.7090
haswell,decode_raw,64,64,0,1,24.163,35.920,0.6727
haswell,decode_raw,64,64,0,2,25.220,35.404,0.7123
haswell,decode_raw,64,64,0,3,24.675,34.395,0.7174
haswell,decode_raw,64,64,0,4,24.074,34.623,0.6953
haswell,decode_raw,64,64,16,0,24.583,35.756,0.6875
haswell,decode_raw,64,64,16,1,27.459,38.055,0.7215
haswell,decode_raw,64,64,16,2,22.034,35.114,0.6275
haswell,decode_raw,64,64,16,3,21.514,34.437,0.6247
haswell,decode_raw,64,64,16,4,21.921,32.679,0.6708
haswell,decode_raw,64,64,32,0,24.780,36.634,0.6764
haswell,decode_raw,64,64,32,1,23.398,32.901,0.7112
haswell,decode_raw,64,64,32,2,21.672,31.519,0.6876
haswell,decode_raw,64,64,32,3,26.333,32.581,0.8082
haswell,decode_raw,64,64,32,4,21.700,33.306,0.6515
haswell,decode_raw,64,64,48,0,21.211,31.675,0.6697
haswell,decode_raw,64,64,48,1,22.597,36.601,0.6174
haswell,decode_raw,64,64,48,2,23.360,35.147,0.6646
haswell,decode_raw,64,64,48,3,22.581,35.416,0.6376
haswell,decode_raw,64,64,48,4,21.442,34.832,0.6156
haswell,decode_raw,128,128,0,0,23.881,37.019,0.6451
haswell,decode_raw,128,128,0,1,23.801,36.349,0.6548
haswell,decode_raw,128,128,0,2,24.235,35.411,0.6844
haswell,decode_raw,128,128,0,3,26.230,35.046,0.7484
haswell,decode_raw,128,128,0,4,25.128,35.856,0.7008
haswell,decode_raw,128,128,16,0,24.507,35.730,0.6859
haswell,decode_raw,128,128,16,1,23.857,35.292,0.6760
haswell,decode_raw,128,128,16,2,24.212,36.083,0.6710
haswell,decode_raw,128,128,16,3,23.187,34.022,0.6815
haswell,decode_raw,128,128,16,4,23.868,36.154,0.6602
haswell,decode_raw,128,128,32,0,24.779,37.991,0.6522
haswell,decode_raw,128,128,32,1,23.187,34.522,0.6717
haswell,decode_raw,128,128,32,2,24.896,40.303,0.6177
haswell,decode_raw,128,128,32,3,25.974,37.613,0.6906
haswell,decode_raw,128,128,32,4,28.579,44.100,0.6480
haswell,decode_raw,128,128,48,0,34.034,60.591,0.5617
haswell,decode_raw,128,128,48,1,24.311,37.320,0.6514
haswell,decode_raw,128,128,48,2,31.112,44.368,0.7012
haswell,decode_raw,128,128,48,3,24.752,40.900,0.6052
haswell,decode_raw,128,128,48,4,26.485,39.183,0.6759
haswell,decode_raw,256,256,0,0,30.988,39.646,0.7816
haswell,decode_raw,256,256,0,1,31.480,40.466,0.7779
haswell,decode_raw,256,256,0,2,33.901,39.758,0.8527
haswell,decode_raw,256,256,0,3,31.649,39.803,0.7952
haswell,decode_raw,256,256,0,4,33.303,42.051,0.7920
haswell,decode_raw,256,256,16,0,30.149,40.619,0.7422
haswell,decode_raw,256,256,16,1,29.319,39.037,0.7511
haswell,decode_raw,256,256,16,2,29.878,39.765,0.7514
haswell,decode_raw,256,256,16,3,31.849,43.268,0.7361
haswell,decode_raw,256,256,16,4,31.027,41.032,0.7561
haswell,decode_raw,256,256,32,0,29.330,39.378,0.7448
haswell,decode_raw,256,256,32,1,30.539,40.906,0.7466
haswell,decode_raw,256,256,32,2,29.195,40.273,0.7249
haswell,decode_raw,256,256,32,3,30.652,40.909,0.7493
haswell,decode_raw,256,256,32,4,29.151,39.261,0.7425
haswell,decode_raw,256,256,48,0,29.031,39.245,0.7397
haswell,decode_raw,256,256,48,1,28.489,39.084,0.7289
haswell,decode_raw,256,256,48,2,28.628,42.202,0.6784
haswell,decode_raw,256,256,48,3,31.767,40.333,0.7876
haswell,decode_raw,256,256,48,4,31.943,40.768,0.7835
haswell,decode_raw,1024,1024,0,0,65.576,80.745,0.8121
haswell,decode_raw,1024,1024,0,1,59.197,75.773,0.7812
haswell,decode_raw,1024,1024,0,2,62.939,87.239,0.7215
haswell,decode_raw,1024,1024,0,3,60.646,72.880,0.8321
haswell,decode_raw,1024,1024,0,4,62.244,72.161,0.8626
haswell,decode_raw,1024,1024,16,0,61.016,69.827,0.8738
haswell,decode_raw,1024,1024,16,1,67.508,72.406,0.9324
haswell,decode_raw,1024,1024,16,2,59.142,72.485,0.8159
haswell,decode_raw,1024,1024,16,3,61.178,72.519,0.8436
haswell,decode_raw,1024,1024,16,4,59.371,71.021,0.8360
haswell,decode_raw,1024,1024,32,0,65.061,76.657,0.8487
haswell,decode_raw,1024,1024,32,1,66.544,70.876,0.9389
haswell,decode_raw,1024,1024,32,2,60.101,71.497,0.8406
haswell,decode_raw,1024,1024,32,3,57.469,86.182,0.6668
haswell,decode_raw,1024,1024,32,4,57.715,73.265,0.7878
haswell,decode_raw,1024,1024,48,0,57.854,69.904,0.8276
haswell,decode_raw,1024,1024,48,1,59.532,71.674,0.8306
haswell,decode_raw,1024,1024,48,2,57.542,71.764,0.8018
haswell,decode_raw,1024,1024,48,3,58.188,70.443,0.8260
haswell,decode_raw,1024,1024,48,4,62.667,70.238,0.8922
haswell,decode_raw,65536,65536,0,0,2870.706,2885.422,0.9949
haswell,decode_raw,65536,65536,0,1,2928.653,2866.306,1.0218
haswell,decode_raw,65536,65536,0,2,2901.954,2868.442,1.0117
haswell,decode_raw,65536,65536,0,3,2798.471,2797.813,1.0002
haswell,decode_raw,65536,65536,0,4,2876.385,2913.224,0.9874
haswell,decode_raw,65536,65536,16,0,3261.860,2842.695,1.1475
haswell,decode_raw,65536,65536,16,1,2915.838,3826.139,0.7621
haswell,decode_raw,65536,65536,16,2,2899.950,2868.870,1.0108
haswell,decode_raw,65536,65536,16,3,2914.760,2890.808,1.0083
haswell,decode_raw,65536,65536,16,4,3100.517,2869.447,1.0805
haswell,decode_raw,65536,65536,32,0,2828.608,2795.190,1.0120
haswell,decode_raw,65536,65536,32,1,2888.872,3019.810,0.9566
haswell,decode_raw,65536,65536,32,2,2745.888,2854.488,0.9620
haswell,decode_raw,65536,65536,32,3,2808.384,2842.848,0.9879
haswell,decode_raw,65536,65536,32,4,2888.091,2752.492,1.0493
haswell,decode_raw,65536,65536,48,0,2858.690,2819.808,1.0138
haswell,decode_raw,65536,65536,48,1,2909.837,2903.899,1.0020
haswell,decode_raw,65536,65536,48,2,2815.674,2810.791,1.0017
haswell,decode_raw,65536,65536,48,3,2880.702,2779.191,1.0365
haswell,decode_raw,65536,65536,48,4,2857.934,2924.464,0.9773
haswell,decode_checked,16,16,0,0,36.595,28.263,1.2948
haswell,decode_checked,16,16,0,1,36.610,28.923,1.2658
haswell,decode_checked,16,16,0,2,37.276,29.602,1.2592
haswell,decode_checked,16,16,0,3,37.275,28.836,1.2926
haswell,decode_checked,16,16,0,4,37.480,28.183,1.3299
haswell,decode_checked,16,16,16,0,37.559,29.199,1.2863
haswell,decode_checked,16,16,16,1,36.491,27.932,1.3064
haswell,decode_checked,16,16,16,2,37.571,28.145,1.3349
haswell,decode_checked,16,16,16,3,37.072,27.842,1.3315
haswell,decode_checked,16,16,16,4,36.737,27.965,1.3137
haswell,decode_checked,16,16,32,0,38.046,29.175,1.3041
haswell,decode_checked,16,16,32,1,37.048,28.688,1.2914
haswell,decode_checked,16,16,32,2,36.529,28.229,1.2940
haswell,decode_checked,16,16,32,3,37.639,28.087,1.3401
haswell,decode_checked,16,16,32,4,37.480,28.216,1.3283
haswell,decode_checked,16,16,48,0,38.194,28.287,1.3503
haswell,decode_checked,16,16,48,1,36.524,27.864,1.3108
haswell,decode_checked,16,16,48,2,36.056,28.473,1.2663
haswell,decode_checked,16,16,48,3,36.715,28.772,1.2760
haswell,decode_checked,16,16,48,4,38.186,27.938,1.3668
haswell,decode_checked,32,32,0,0,51.609,48.522,1.0636
haswell,decode_checked,32,32,0,1,50.677,45.133,1.1229
haswell,decode_checked,32,32,0,2,51.071,45.482,1.1229
haswell,decode_checked,32,32,0,3,49.867,46.510,1.0722
haswell,decode_checked,32,32,0,4,50.946,45.681,1.1152
haswell,decode_checked,32,32,16,0,95.423,71.617,1.3324
haswell,decode_checked,32,32,16,1,59.406,47.929,1.2395
haswell,decode_checked,32,32,16,2,54.011,48.487,1.1139
haswell,decode_checked,32,32,16,3,56.415,46.073,1.2245
haswell,decode_checked,32,32,16,4,54.309,46.424,1.1699
haswell,decode_checked,32,32,32,0,51.284,47.404,1.0818
haswell,decode_checked,32,32,32,1,50.177,46.048,1.0897
haswell,decode_checked,32,32,32,2,51.407,44.983,1.1428
haswell,decode_checked,32,32,32,3,51.129,47.252,1.0821
haswell,decode_checked,32,32,32,4,52.862,45.685,1.1571
haswell,decode_checked,32,32,48,0,51.682,46.400,1.1139
haswell,decode_checked,32,32,48,1,51.017,48.407,1.0539
haswell,decode_checked,32,32,48,2,51.806,43.671,1.1863
haswell,decode_checked,32,32,48,3,50.039,44.341,1.1285
haswell,decode_checked,32,32,48,4,52.793,44.722,1.1805
haswell,decode_checked,64,64,0,0,54.577,63.449,0.8602
haswell,decode_checked,64,64,0,1,53.479,63.506,0.8421
haswell,decode_checked,64,64,0,2,55.829,62.374,0.8951
haswell,decode_checked,64,64,0,3,55.986,63.383,0.8833
haswell,decode_checked,64,64,0,4,54.888,62.480,0.8785
haswell,decode_checked,64,64,16,0,55.203,63.601,0.8680
haswell,decode_checked,64,64,16,1,53.683,65.276,0.8224
haswell,decode_checked,64,64,16,2,53.815,63.596,0.8462
haswell,decode_checked,64,64,16,3,55.560,67.007,0.8292
haswell,decode_checked,64,64,16,4,53.487,62.922,0.8500
haswell,decode_checked,64,64,32,0,52.282,63.421,0.8244
haswell,decode_checked,64,64,32,1,54.416,63.865,0.8521
haswell,decode_checked,64,64,32,2,53.692,63.593,0.8443
haswell,decode_checked,64,64,32,3,53.209,63.918,0.8325
haswell,decode_checked,64,64,32,4,54.164,64.501,0.8397
haswell,decode_checked,64,64,48,0,53.916,63.737,0.8459
haswell,decode_checked,64,64,48,1,53.117,65.369,0.8126
haswell,decode_checked,64,64,48,2,53.456,63.951,0.8359
haswell,decode_checked,64,64,48,3,56.561,67.739,0.8350
haswell,decode_checked,64,64,48,4,54.050,64.905,0.8328
haswell,decode_checked,128,128,0,0,87.352,99.012,0.8822
haswell,decode_checked,128,128,0,1,90.010,96.804,0.9298
haswell,decode_checked,128,128,0,2,88.803,102.160,0.8693
haswell,decode_checked,128,128,0,3,91.033,111.969,0.8130
haswell,decode_checked,128,128,0,4,91.423,98.690,0.9264
haswell,decode_checked,128,128,16,0,86.950,98.830,0.8798
haswell,decode_checked,128,128,16,1,94.365,96.868,0.9742
haswell,decode_checked,128,128,16,2,93.623,126.336,0.7411
haswell,decode_checked,128,128,16,3,87.408,104.933,0.8330
haswell,decode_checked,128,128,16,4,85.287,98.925,0.8621
haswell,decode_checked,128,128,32,0,91.384,97.246,0.9397
haswell,decode_checked,128,128,32,1,88.889,97.018,0.9162
haswell,decode_checked,128,128,32,2,85.301,96.937,0.8800
haswell,decode_checked,128,128,32,3,90.507,99.749,0.9073
haswell,decode_checked,128,128,32,4,89.956,99.554,0.9036
haswell,decode_checked,128,128,48,0,87.028,99.410,0.8754
haswell,decode_checked,128,128,48,1,91.395,105.141,0.8693
haswell,decode_checked,128,128,48,2,92.464,101.771,0.9085
haswell,decode_checked,128,128,48,3,89.764,103.751,0.8652
haswell,decode_checked,128,128,48,4,91.365,103.652,0.8815
haswell,decode_checked,256,256,0,0,159.167,168.140,0.9466
haswell,decode_checked,256,256,0,1,168.555,200.201,0.8419
haswell,decode_checked,256,256,0,2,158.650,174.486,0.9092
haswell,decode_checked,256,256,0,3,158.242,164.810,0.9602
haswell,decode_checked,256,256,0,4,152.721,162.079,0.9423
haswell,decode_checked,256,256,16,0,159.905,164.519,0.9720
haswell,decode_checked,256,256,16,1,158.666,164.586,0.9640
haswell,decode_checked,256,256,16,2,158.132,186.041,0.8500
haswell,decode_checked,256,256,16,3,205.558,205.386,1.0008
haswell,decode_checked,256,256,16,4,189.887,158.354,1.1991
haswell,decode_checked,256,256,32,0,157.117,165.068,0.9518
haswell,decode_checked,256,256,32,1,187.326,159.258,1.1762
haswell,decode_checked,256,256,32,2,180.968,227.039,0.7971
haswell,decode_checked,256,256,32,3,163.810,215.458,0.7603
haswell,decode_checked,256,256,32,4,163.249,167.706,0.9734
haswell,decode_checked,256,256,48,0,169.135,180.618,0.9364
haswell,decode_checked,256,256,48,1,165.959,171.609,0.9671
haswell,decode_checked,256,256,48,2,160.584,182.341,0.8807
haswell,decode_checked,256,256,48,3,172.342,240.255,0.7173
haswell,decode_checked,256,256,48,4,166.736,187.654,0.8885
haswell,decode_checked,1024,1024,0,0,702.415,726.754,0.9665
haswell,decode_checked,1024,1024,0,1,602.010,659.990,0.9122
haswell,decode_checked,1024,1024,0,2,602.891,614.587,0.9810
haswell,decode_checked,1024,1024,0,3,578.697,581.890,0.9945
haswell,decode_checked,1024,1024,0,4,610.297,626.753,0.9737
haswell,decode_checked,1024,1024,16,0,595.080,625.385,0.9515
haswell,decode_checked,1024,1024,16,1,673.784,739.854,0.9107
haswell,decode_checked,1024,1024,16,2,723.136,793.989,0.9108
haswell,decode_checked,1024,1024,16,3,744.489,825.562,0.9018
haswell,decode_checked,1024,1024,16,4,651.816,877.188,0.7431
haswell,decode_checked,1024,1024,32,0,588.378,623.077,0.9443
haswell,decode_checked,1024,1024,32,1,574.909,606.388,0.9481
haswell,decode_checked,1024,1024,32,2,585.676,607.332,0.9643
haswell,decode_checked,1024,1024,32,3,609.513,588.066,1.0365
haswell,decode_checked,1024,1024,32,4,587.733,624.618,0.9409
haswell,decode_checked,1024,1024,48,0,595.608,623.152,0.9558
haswell,decode_checked,1024,1024,48,1,607.809,590.341,1.0296
haswell,decode_checked,1024,1024,48,2,570.599,618.081,0.9232
haswell,decode_checked,1024,1024,48,3,575.255,598.036,0.9619
haswell,decode_checked,1024,1024,48,4,606.738,674.779,0.8992
haswell,decode_checked,65536,65536,0,0,36675.192,36984.058,0.9916
haswell,decode_checked,65536,65536,0,1,36776.021,37671.520,0.9762
haswell,decode_checked,65536,65536,0,2,38707.064,36857.901,1.0502
haswell,decode_checked,65536,65536,0,3,38293.581,39876.191,0.9603
haswell,decode_checked,65536,65536,0,4,34376.902,34481.382,0.9970
haswell,decode_checked,65536,65536,16,0,34328.173,34751.421,0.9878
haswell,decode_checked,65536,65536,16,1,35214.651,34390.422,1.0240
haswell,decode_checked,65536,65536,16,2,34701.947,35429.096,0.9795
haswell,decode_checked,65536,65536,16,3,35439.333,34369.302,1.0311
haswell,decode_checked,65536,65536,16,4,36272.764,36832.751,0.9848
haswell,decode_checked,65536,65536,32,0,35082.763,35533.587,0.9873
haswell,decode_checked,65536,65536,32,1,35052.184,34801.708,1.0072
haswell,decode_checked,65536,65536,32,2,35147.294,35074.552,1.0021
haswell,decode_checked,65536,65536,32,3,34073.223,36836.740,0.9250
haswell,decode_checked,65536,65536,32,4,36856.488,44922.537,0.8204
haswell,decode_checked,65536,65536,48,0,35696.776,34358.041,1.0390
haswell,decode_checked,65536,65536,48,1,34814.060,33634.386,1.0351
haswell,decode_checked,65536,65536,48,2,34541.149,34156.760,1.0113
haswell,decode_checked,65536,65536,48,3,34605.423,34195.040,1.0120
haswell,decode_checked,65536,65536,48,4,34625.464,35611.214,0.9723
haswell,encode_url,16,15,0,0,14.936,26.137,0.5714
haswell,encode_url,16,15,0,1,15.117,26.821,0.5636
haswell,encode_url,16,15,0,2,15.325,26.234,0.5842
haswell,encode_url,16,15,0,3,15.299,26.122,0.5857
haswell,encode_url,16,15,0,4,15.180,26.102,0.5815
haswell,encode_url,16,15,16,0,15.113,26.295,0.5748
haswell,encode_url,16,15,16,1,15.205,27.624,0.5504
haswell,encode_url,16,15,16,2,15.120,26.355,0.5737
haswell,encode_url,16,15,16,3,15.035,26.429,0.5689
haswell,encode_url,16,15,16,4,15.069,27.301,0.5520
haswell,encode_url,16,15,32,0,16.593,26.992,0.6147
haswell,encode_url,16,15,32,1,16.796,27.482,0.6112
haswell,encode_url,16,15,32,2,16.400,28.579,0.5738
haswell,encode_url,16,15,32,3,17.615,27.738,0.6350
haswell,encode_url,16,15,32,4,16.814,28.912,0.5816
haswell,encode_url,16,15,48,0,15.605,26.443,0.5901
haswell,encode_url,16,15,48,1,15.673,27.205,0.5761
haswell,encode_url,16,15,48,2,15.476,26.717,0.5793
haswell,encode_url,16,15,48,3,17.114,28.004,0.6111
haswell,encode_url,16,15,48,4,16.509,27.584,0.5985
haswell,encode_url,32,30,0,0,12.806,44.929,0.2850
haswell,encode_url,32,30,0,1,12.445,44.698,0.2784
haswell,encode_url,32,30,0,2,13.125,45.497,0.2885
haswell,encode_url,32,30,0,3,13.301,45.510,0.2923
haswell,encode_url,32,30,0,4,13.003,45.474,0.2859
haswell,encode_url,32,30,16,0,12.373,44.096,0.2806
haswell,encode_url,32,30,16,1,12.271,43.425,0.2826
haswell,encode_url,32,30,16,2,12.133,43.713,0.2776
haswell,encode_url,32,30,16,3,12.371,43.327,0.2855
haswell,encode_url,32,30,16,4,12.347,44.106,0.2799
haswell,encode_url,32,30,32,0,13.627,47.002,0.2899
haswell,encode_url,32,30,32,1,12.393,43.682,0.2837
haswell,encode_url,32,30,32,2,14.179,48.142,0.2945
haswell,encode_url,32,30,32,3,13.638,50.906,0.2679
haswell,encode_url,32,30,32,4,13.946,46.944,0.2971
haswell,encode_url,32,30,48,0,13.265,49.497,0.2680
haswell,encode_url,32,30,48,1,15.156,46.841,0.3236
haswell,encode_url,32,30,48,2,12.524,43.159,0.2902
haswell,encode_url,32,30,48,3,12.746,43.150,0.2954
haswell,encode_url,32,30,48,4,13.285,43.389,0.3062
haswell,encode_url,64,63,0,0,18.265,44.439,0.4110
haswell,encode_url,64,63,0,1,18.634,43.857,0.4249
haswell,encode_url,64,63,0,2,17.958,44.298,0.4054
haswell,encode_url,64,63,0,3,18.322,43.296,0.4232
haswell,encode_url,64,63,0,4,18.083,43.729,0.4135
haswell,encode_url,64,63,16,0,18.178,42.658,0.4261
haswell,encode_url,64,63,16,1,18.424,43.731,0.4213
haswell,encode_url,64,63,16,2,18.099,43.910,0.4122
haswell,encode_url,64,63,16,3,18.153,43.661,0.4158
haswell,encode_url,64,63,16,4,17.948,43.942,0.4085
haswell,encode_url,64,63,32,0,18.110,44.316,0.4087
haswell,encode_url,64,63,32,1,18.210,44.002,0.4138
haswell,encode_url,64,63,32,2,18.249,44.431,0.4107
haswell,encode_url,64,63,32,3,18.554,44.384,0.4180
haswell,encode_url,64,63,32,4,18.184,44.224,0.4112
haswell,encode_url,64,63,48,0,18.291,43.999,0.4157
haswell,encode_url,64,63,48,1,18.503,44.398,0.4168
haswell,encode_url,64,63,48,2,18.097,44.837,0.4036
haswell,encode_url,64,63,48,3,17.932,44.415,0.4037
haswell,encode_url,64,63,48,4,18.227,43.995,0.4143
haswell,encode_url,128,126,0,0,16.032,62.294,0.2574
haswell,encode_url,128,126,0,1,15.754,63.093,0.2497
haswell,encode_url,128,126,0,2,16.599,61.518,0.2698
haswell,encode_url,128,126,0,3,16.131,63.493,0.2541
haswell,encode_url,128,126,0,4,16.012,61.774,0.2592
haswell,encode_url,128,126,16,0,16.181,61.774,0.2619
haswell,encode_url,128,126,16,1,17.450,63.141,0.2764
haswell,encode_url,128,126,16,2,15.908,61.745,0.2576
haswell,encode_url,128,126,16,3,16.174,62.085,0.2605
haswell,encode_url,128,126,16,4,15.890,62.707,0.2534
haswell,encode_url,128,126,32,0,17.776,62.464,0.2846
haswell,encode_url,128,126,32,1,16.726,61.739,0.2709
haswell,encode_url,128,126,32,2,16.436,62.395,0.2634
haswell,encode_url,128,126,32,3,16.046,63.598,0.2523
haswell,encode_url,128,126,32,4,16.366,61.693,0.2653
haswell,encode_url,128,126,48,0,15.758,63.536,0.2480
haswell,encode_url,128,126,48,1,16.167,61.396,0.2633
haswell,encode_url,128,126,48,2,16.106,62.843,0.2563
haswell,encode_url,128,126,48,3,16.069,61.475,0.2614
haswell,encode_url,128,126,48,4,16.080,62.184,0.2586
haswell,encode_url,256,255,0,0,24.709,115.075,0.2147
haswell,encode_url,256,255,0,1,25.609,114.184,0.2243
haswell,encode_url,256,255,0,2,24.624,117.138,0.2102
haswell,encode_url,256,255,0,3,24.636,115.866,0.2126
haswell,encode_url,256,255,0,4,24.451,116.158,0.2105
haswell,encode_url,256,255,16,0,25.260,118.005,0.2141
haswell,encode_url,256,255,16,1,24.760,114.953,0.2154
haswell,encode_url,256,255,16,2,24.701,116.300,0.2124
haswell,encode_url,256,255,16,3,24.999,117.201,0.2133
haswell,encode_url,256,255,16,4,24.457,117.904,0.2074
haswell,encode_url,256,255,32,0,24.911,117.250,0.2125
haswell,encode_url,256,255,32,1,24.369,118.559,0.2055
haswell,encode_url,256,255,32,2,26.632,117.492,0.2267
haswell,encode_url,256,255,32,3,24.509,117.472,0.2086
haswell,encode_url,256,255,32,4,24.668,116.717,0.2114
haswell,encode_url,256,255,48,0,24.079,114.499,0.2103
haswell,encode_url,256,255,48,1,24.638,115.951,0.2125
haswell,encode_url,256,255,48,2,24.808,118.532,0.2093
haswell,encode_url,256,255,48,3,24.126,115.390,0.2091
haswell,encode_url,256,255,48,4,25.092,115.891,0.2165
haswell,encode_url,1024,1023,0,0,54.488,419.625,0.1299
haswell,encode_url,1024,1023,0,1,58.827,426.464,0.1379
haswell,encode_url,1024,1023,0,2,56.058,442.748,0.1266
haswell,encode_url,1024,1023,0,3,56.661,450.917,0.1257
haswell,encode_url,1024,1023,0,4,55.142,415.191,0.1328
haswell,encode_url,1024,1023,16,0,56.176,422.219,0.1330
haswell,encode_url,1024,1023,16,1,56.605,502.978,0.1125
haswell,encode_url,1024,1023,16,2,59.789,409.873,0.1459
haswell,encode_url,1024,1023,16,3,56.441,427.148,0.1321
haswell,encode_url,1024,1023,16,4,56.288,421.648,0.1335
haswell,encode_url,1024,1023,32,0,55.898,414.851,0.1347
haswell,encode_url,1024,1023,32,1,55.549,416.676,0.1333
haswell,encode_url,1024,1023,32,2,55.526,405.920,0.1368
haswell,encode_url,1024,1023,32,3,55.081,415.939,0.1324
haswell,encode_url,1024,1023,32,4,56.020,419.790,0.1334
haswell,encode_url,1024,1023,48,0,55.608,409.068,0.1359
haswell,encode_url,1024,1023,48,1,55.976,411.328,0.1361
haswell,encode_url,1024,1023,48,2,60.200,423.333,0.1422
haswell,encode_url,1024,1023,48,3,55.581,416.640,0.1334
haswell,encode_url,1024,1023,48,4,55.322,414.604,0.1334
haswell,encode_url,65536,65535,0,0,2677.807,25576.920,0.1047
haswell,encode_url,65536,65535,0,1,3131.167,26187.022,0.1196
haswell,encode_url,65536,65535,0,2,2809.530,26143.197,0.1075
haswell,encode_url,65536,65535,0,3,2747.424,25782.053,0.1066
haswell,encode_url,65536,65535,0,4,2695.364,25849.881,0.1043
haswell,encode_url,65536,65535,16,0,2929.437,26077.251,0.1123
haswell,encode_url,65536,65535,16,1,2860.787,27160.873,0.1053
haswell,encode_url,65536,65535,16,2,2909.201,26922.481,0.1081
haswell,encode_url,65536,65535,16,3,3042.066,25914.772,0.1174
haswell,encode_url,65536,65535,16,4,2925.709,25907.954,0.1129
haswell,encode_url,65536,65535,32,0,2889.190,26777.021,0.1079
haswell,encode_url,65536,65535,32,1,2899.148,27714.890,0.1046
haswell,encode_url,65536,65535,32,2,2845.667,26061.778,0.1092
haswell,encode_url,65536,65535,32,3,2865.134,26579.407,0.1078
haswell,encode_url,65536,65535,32,4,2806.093,26363.598,0.1064
haswell,encode_url,65536,65535,48,0,2960.516,25757.387,0.1149
haswell,encode_url,65536,65535,48,1,2902.744,26595.439,0.1091
haswell,encode_url,65536,65535,48,2,2911.631,27164.528,0.1072
haswell,encode_url,65536,65535,48,3,2918.190,26335.064,0.1108
haswell,encode_url,65536,65535,48,4,3061.258,27475.902,0.1114
haswell,decode_url,16,16,0,0,39.133,34.382,1.1382
haswell,decode_url,16,16,0,1,37.802,35.818,1.0554
haswell,decode_url,16,16,0,2,37.011,34.557,1.0710
haswell,decode_url,16,16,0,3,36.928,34.362,1.0747
haswell,decode_url,16,16,0,4,37.993,33.560,1.1321
haswell,decode_url,16,16,16,0,37.497,35.030,1.0704
haswell,decode_url,16,16,16,1,37.011,34.344,1.0777
haswell,decode_url,16,16,16,2,39.497,35.076,1.1261
haswell,decode_url,16,16,16,3,40.490,36.492,1.1095
haswell,decode_url,16,16,16,4,40.593,38.841,1.0451
haswell,decode_url,16,16,32,0,43.189,39.086,1.1050
haswell,decode_url,16,16,32,1,41.879,37.181,1.1264
haswell,decode_url,16,16,32,2,38.752,36.344,1.0663
haswell,decode_url,16,16,32,3,41.572,37.226,1.1168
haswell,decode_url,16,16,32,4,43.903,36.273,1.2104
haswell,decode_url,16,16,48,0,46.209,35.059,1.3180
haswell,decode_url,16,16,48,1,41.032,37.016,1.1085
haswell,decode_url,16,16,48,2,37.644,34.130,1.1030
haswell,decode_url,16,16,48,3,38.127,34.147,1.1166
haswell,decode_url,16,16,48,4,36.320,34.322,1.0582
haswell,decode_url,32,32,0,0,51.535,54.697,0.9422
haswell,decode_url,32,32,0,1,52.844,56.171,0.9408
haswell,decode_url,32,32,0,2,51.742,55.543,0.9316
haswell,decode_url,32,32,0,3,52.185,54.827,0.9518
haswell,decode_url,32,32,0,4,51.426,55.280,0.9303
haswell,decode_url,32,32,16,0,51.446,55.823,0.9216
haswell,decode_url,32,32,16,1,51.717,55.605,0.9301
haswell,decode_url,32,32,16,2,50.606,54.709,0.9250
haswell,decode_url,32,32,16,3,51.797,54.002,0.9592
haswell,decode_url,32,32,16,4,54.899,56.900,0.9648
haswell,decode_url,32,32,32,0,57.476,56.661,1.0144
haswell,decode_url,32,32,32,1,55.111,54.337,1.0143
haswell,decode_url,32,32,32,2,53.108,56.885,0.9336
haswell,decode_url,32,32,32,3,55.341,56.536,0.9789
haswell,decode_url,32,32,32,4,53.010,55.379,0.9572
haswell,decode_url,32,32,48,0,56.188,54.206,1.0366
haswell,decode_url,32,32,48,1,55.035,54.716,1.0058
haswell,decode_url,32,32,48,2,54.816,56.768,0.9656
haswell,decode_url,32,32,48,3,54.057,55.354,0.9766
haswell,decode_url,32,32,48,4,54.519,53.081,1.0271
haswell,decode_url,64,64,0,0,55.599,86.562,0.6423
haswell,decode_url,64,64,0,1,55.602,82.275,0.6758
haswell,decode_url,64,64,0,2,56.324,82.399,0.6836
haswell,decode_url,64,64,0,3,56.201,84.543,0.6648
haswell,decode_url,64,64,0,4,59.326,85.218,0.6962
haswell,decode_url,64,64,16,0,55.848,82.904,0.6737
haswell,decode_url,64,64,16,1,53.392,82.325,0.6486
haswell,decode_url,64,64,16,2,55.655,83.444,0.6670
haswell,decode_url,64,64,16,3,60.627,94.501,0.6416
haswell,decode_url,64,64,16,4,54.926,85.887,0.6395
haswell,decode_url,64,64,32,0,56.805,85.316,0.6658
haswell,decode_url,64,64,32,1,56.273,86.292,0.6521
haswell,decode_url,64,64,32,2,56.843,85.915,0.6616
haswell,decode_url,64,64,32,3,57.149,85.607,0.6676
haswell,decode_url,64,64,32,4,55.780,85.990,0.6487
haswell,decode_url,64,64,48,0,58.837,85.946,0.6846
haswell,decode_url,64,64,48,1,56.776,91.205,0.6225
haswell,decode_url,64,64,48,2,57.868,86.202,0.6713
haswell,decode_url,64,64,48,3,55.261,88.727,0.6228
haswell,decode_url,64,64,48,4,56.228,84.800,0.6631
haswell,decode_url,128,128,0,0,90.075,136.772,0.6586
haswell,decode_url,128,128,0,1,87.527,147.494,0.5934
haswell,decode_url,128,128,0,2,87.370,131.698,0.6634
haswell,decode_url,128,128,0,3,89.979,133.083,0.6761
haswell,decode_url,128,128,0,4,88.557,130.592,0.6781
haswell,decode_url,128,128,16,0,86.983,132.308,0.6574
haswell,decode_url,128,128,16,1,87.915,130.559,0.6734
haswell,decode_url,128,128,16,2,88.348,133.290,0.6628
haswell,decode_url,128,128,16,3,88.235,130.650,0.6754
haswell,decode_url,128,128,16,4,90.005,130.144,0.6916
haswell,decode_url,128,128,32,0,87.705,130.241,0.6734
haswell,decode_url,128,128,32,1,88.844,133.553,0.6652
haswell,decode_url,128,128,32,2,87.775,126.693,0.6928
haswell,decode_url,128,128,32,3,88.499,132.992,0.6654
haswell,decode_url,128,128,32,4,86.777,130.917,0.6628
haswell,decode_url,128,128,48,0,90.099,128.813,0.6995
haswell,decode_url,128,128,48,1,87.427,133.802,0.6534
haswell,decode_url,128,128,48,2,88.646,129.168,0.6863
haswell,decode_url,128,128,48,3,87.998,127.081,0.6925
haswell,decode_url,128,128,48,4,87.560,130.701,0.6699
haswell,decode_url,256,256,0,0,155.160,232.710,0.6668
haswell,decode_url,256,256,0,1,161.567,235.676,0.6855
haswell,decode_url,256,256,0,2,155.383,257.132,0.6043
haswell,decode_url,256,256,0,3,178.008,262.171,0.6790
haswell,decode_url,256,256,0,4,176.525,249.469,0.7076
haswell,decode_url,256,256,16,0,160.359,240.977,0.6655
haswell,decode_url,256,256,16,1,168.002,248.807,0.6752
haswell,decode_url,256,256,16,2,164.977,242.358,0.6807
haswell,decode_url,256,256,16,3,163.612,243.231,0.6727
haswell,decode_url,256,256,16,4,159.349,242.169,0.6580
haswell,decode_url,256,256,32,0,169.628,238.403,0.7115
haswell,decode_url,256,256,32,1,161.759,230.172,0.7028
haswell,decode_url,256,256,32,2,156.360,230.620,0.6780
haswell,decode_url,256,256,32,3,162.447,241.040,0.6739
haswell,decode_url,256,256,32,4,162.761,255.461,0.6371
haswell,decode_url,256,256,48,0,158.010,233.957,0.6754
haswell,decode_url,256,256,48,1,157.569,228.061,0.6909
haswell,decode_url,256,256,48,2,161.951,232.671,0.6960
haswell,decode_url,256,256,48,3,278.163,234.269,1.1874
haswell,decode_url,256,256,48,4,153.782,239.413,0.6423
haswell,decode_url,1024,1024,0,0,565.125,943.561,0.5989
haswell,decode_url,1024,1024,0,1,563.684,961.041,0.5865
haswell,decode_url,1024,1024,0,2,578.579,970.912,0.5959
haswell,decode_url,1024,1024,0,3,579.800,1016.226,0.5705
haswell,decode_url,1024,1024,0,4,570.220,945.494,0.6031
haswell,decode_url,1024,1024,16,0,572.840,893.836,0.6409
haswell,decode_url,1024,1024,16,1,565.104,963.716,0.5864
haswell,decode_url,1024,1024,16,2,565.370,920.669,0.6141
haswell,decode_url,1024,1024,16,3,567.260,929.505,0.6103
haswell,decode_url,1024,1024,16,4,561.315,936.097,0.5996
haswell,decode_url,1024,1024,32,0,568.737,970.893,0.5858
haswell,decode_url,1024,1024,32,1,555.487,921.883,0.6026
haswell,decode_url,1024,1024,32,2,556.299,920.593,0.6043
haswell,decode_url,1024,1024,32,3,561.551,914.217,0.6142
haswell,decode_url,1024,1024,32,4,563.662,932.213,0.6046
haswell,decode_url,1024,1024,48,0,570.625,966.856,0.5902
haswell,decode_url,1024,1024,48,1,549.086,931.027,0.5898
haswell,decode_url,1024,1024,48,2,564.629,1058.890,0.5332
haswell,decode_url,1024,1024,48,3,665.379,1168.066,0.5696
haswell,decode_url,1024,1024,48,4,616.294,1021.544,0.6033
haswell,decode_url,65536,65536,0,0,40189.393,73771.572,0.5448
haswell,decode_url,65536,65536,0,1,79659.030,65124.886,1.2232
haswell,decode_url,65536,65536,0,2,38069.391,60986.922,0.6242
haswell,decode_url,65536,65536,0,3,38566.103,61285.690,0.6293
haswell,decode_url,65536,65536,0,4,39021.963,85896.460,0.4543
haswell,decode_url,65536,65536,16,0,39590.130,60863.776,0.6505
haswell,decode_url,65536,65536,16,1,37457.134,60166.625,0.6226
haswell,decode_url,65536,65536,16,2,34772.941,59212.840,0.5873
haswell,decode_url,65536,65536,16,3,36770.591,58941.798,0.6238
haswell,decode_url,65536,65536,16,4,35017.109,61970.500,0.5651
haswell,decode_url,65536,65536,32,0,37126.704,61369.736,0.6050
haswell,decode_url,65536,65536,32,1,36232.849,63222.684,0.5731
haswell,decode_url,65536,65536,32,2,35760.293,60937.286,0.5868
haswell,decode_url,65536,65536,32,3,37511.984,62205.294,0.6030
haswell,decode_url,65536,65536,32,4,36351.616,60387.378,0.6020
haswell,decode_url,65536,65536,48,0,35949.868,63444.938,0.5666
haswell,decode_url,65536,65536,48,1,38615.876,57792.637,0.6682
haswell,decode_url,65536,65536,48,2,35437.830,62012.864,0.5715
haswell,decode_url,65536,65536,48,3,36037.878,57865.947,0.6228
haswell,decode_url,65536,65536,48,4,34810.464,58259.890,0.5975
westmere,encode,16,15,0,0,15.352,19.841,0.7738
westmere,encode,16,15,0,1,16.364,20.163,0.8116
westmere,encode,16,15,0,2,16.513,19.375,0.8523
westmere,encode,16,15,0,3,14.799,20.458,0.7234
westmere,encode,16,15,0,4,15.710,19.736,0.7960
westmere,encode,16,15,16,0,15.855,20.020,0.7920
westmere,encode,16,15,16,1,14.908,20.430,0.7297
westmere,encode,16,15,16,2,15.141,20.050,0.7552
westmere,encode,16,15,16,3,16.117,19.922,0.8090
westmere,encode,16,15,16,4,15.882,21.180,0.7499
westmere,encode,16,15,32,0,15.399,19.720,0.7809
westmere,encode,16,15,32,1,15.718,21.058,0.7464
westmere,encode,16,15,32,2,16.129,20.441,0.7890
westmere,encode,16,15,32,3,15.364,21.122,0.7274
westmere,encode,16,15,32,4,15.494,19.642,0.7888
westmere,encode,16,15,48,0,15.349,20.733,0.7403
westmere,encode,16,15,48,1,16.314,19.409,0.8405
westmere,encode,16,15,48,2,15.629,21.048,0.7425
westmere,encode,16,15,48,3,16.567,21.349,0.7760
westmere,encode,16,15,48,4,15.451,19.056,0.8108
westmere,encode,32,30,0,0,14.008,16.750,0.8363
westmere,encode,32,30,0,1,13.660,16.655,0.8202
westmere,encode,32,30,0,2,14.620,16.980,0.8610
westmere,encode,32,30,0,3,13.933,17.452,0.7984
westmere,encode,32,30,0,4,13.719,16.961,0.8088
westmere,encode,32,30,16,0,13.718,16.906,0.8114
westmere,encode,32,30,16,1,13.883,17.392,0.7982
westmere,encode,32,30,16,2,13.442,17.102,0.7860
westmere,encode,32,30,16,3,13.632,16.868,0.8082
westmere,encode,32,30,16,4,13.330,17.289,0.7710
westmere,encode,32,30,32,0,13.156,20.173,0.6521
westmere,encode,32,30,32,1,15.114,17.201,0.8787
westmere,encode,32,30,32,2,13.654,16.554,0.8248
westmere,encode,32,30,32,3,13.805,16.807,0.8214
westmere,encode,32,30,32,4,13.851,17.016,0.8140
westmere,encode,32,30,48,0,13.583,17.054,0.7965
westmere,encode,32,30,48,1,13.622,18.169,0.7497
westmere,encode,32,30,48,2,14.263,16.983,0.8398
westmere,encode,32,30,48,3,13.690,16.382,0.8356
westmere,encode,32,30,48,4,14.455,17.137,0.8435
westmere,encode,64,63,0,0,20.872,26.276,0.7943
westmere,encode,64,63,0,1,20.069,27.654,0.7257
westmere,encode,64,63,0,2,21.543,28.015,0.7690
westmere,encode,64,63,0,3,20.736,26.109,0.7942
westmere,encode,64,63,0,4,21.189,26.520,0.7990
westmere,encode,64,63,16,0,21.061,25.960,0.8113
westmere,encode,64,63,16,1,20.965,27.175,0.7715
westmere,encode,64,63,16,2,20.550,27.208,0.7553
westmere,encode,64,63,16,3,21.087,27.420,0.7691
westmere,encode,64,63,16,4,20.172,26.063,0.7740
westmere,encode,64,63,32,0,20.610,25.765,0.7999
westmere,encode,64,63,32,1,21.080,27.327,0.7714
westmere,encode,64,63,32,2,20.709,26.029,0.7956
westmere,encode,64,63,32,3,21.054,26.686,0.7890
westmere,encode,64,63,32,4,21.139,26.766,0.7898
westmere,encode,64,63,48,0,20.052,28.298,0.7086
westmere,encode,64,63,48,1,20.298,26.987,0.7522
westmere,encode,64,63,48,2,20.697,36.453,0.5678
westmere,encode,64,63,48,3,20.233,27.309,0.7409
westmere,encode,64,63,48,4,20.423,26.376,0.7743
westmere,encode,128,126,0,0,22.541,24.640,0.9148
westmere,encode,128,126,0,1,22.919,24.268,0.9444
westmere,encode,128,126,0,2,24.375,25.314,0.9629
westmere,encode,128,126,0,3,22.619,24.380,0.9278
westmere,encode,128,126,0,4,22.960,23.609,0.9725
westmere,encode,128,126,16,0,22.695,24.473,0.9273
westmere,encode,128,126,16,1,23.089,24.434,0.9450
westmere,encode,128,126,16,2,22.872,24.793,0.9225
westmere,encode,128,126,16,3,23.284,24.803,0.9388
westmere,encode,128,126,16,4,23.266,23.901,0.9734
westmere,encode,128,126,32,0,24.569,24.655,0.9965
westmere,encode,128,126,32,1,25.451,24.557,1.0364
westmere,encode,128,126,32,2,22.826,24.961,0.9144
westmere,encode,128,126,32,3,22.207,24.934,0.8906
westmere,encode,128,126,32,4,22.111,26.138,0.8460
westmere,encode,128,126,48,0,23.332,24.582,0.9492
westmere,encode,128,126,48,1,23.324,24.316,0.9592
westmere,encode,128,126,48,2,22.162,24.764,0.8949
westmere,encode,128,126,48,3,22.681,24.647,0.9202
westmere,encode,128,126,48,4,22.697,23.318,0.9734
westmere,encode,256,255,0,0,38.148,45.603,0.8365
westmere,encode,256,255,0,1,36.836,42.909,0.8585
westmere,encode,256,255,0,2,36.931,47.949,0.7702
westmere,encode,256,255,0,3,37.783,46.785,0.8076
westmere,encode,256,255,0,4,37.411,45.642,0.8197
westmere,encode,256,255,16,0,38.381,45.726,0.8394
westmere,encode,256,255,16,1,38.102,46.989,0.8109
westmere,encode,256,255,16,2,37.963,46.309,0.8198
westmere,encode,256,255,16,3,39.923,46.417,0.8601
westmere,encode,256,255,16,4,45.785,51.180,0.8946
westmere,encode,256,255,32,0,38.094,43.155,0.8827
westmere,encode,256,255,32,1,35.920,42.989,0.8356
westmere,encode,256,255,32,2,38.503,43.931,0.8764
westmere,encode,256,255,32,3,38.318,46.800,0.8188
westmere,encode,256,255,32,4,37.337,42.979,0.8687
westmere,encode,256,255,48,0,36.534,45.313,0.8063
westmere,encode,256,255,48,1,35.596,45.680,0.7793
westmere,encode,256,255,48,2,38.029,42.964,0.8852
westmere,encode,256,255,48,3,40.198,45.776,0.8781
westmere,encode,256,255,48,4,42.179,49.923,0.8449
westmere,encode,1024,1023,0,0,122.142,118.125,1.0340
westmere,encode,1024,1023,0,1,114.034,123.482,0.9235
westmere,encode,1024,1023,0,2,108.067,129.454,0.8348
westmere,encode,1024,1023,0,3,119.764,118.833,1.0078
westmere,encode,1024,1023,0,4,120.481,111.323,1.0823
westmere,encode,1024,1023,16,0,105.627,124.818,0.8462
westmere,encode,1024,1023,16,1,121.073,141.155,0.8577
westmere,encode,1024,1023,16,2,115.128,109.767,1.0488
westmere,encode,1024,1023,16,3,112.659,110.200,1.0223
westmere,encode,1024,1023,16,4,117.612,112.049,1.0496
westmere,encode,1024,1023,32,0,113.345,111.881,1.0131
westmere,encode,1024,1023,32,1,108.046,110.391,0.9788
westmere,encode,1024,1023,32,2,111.525,128.846,0.8656
westmere,encode,1024,1023,32,3,126.289,113.566,1.1120
westmere,encode,1024,1023,32,4,119.445,129.735,0.9207
westmere,encode,1024,1023,48,0,124.679,133.302,0.9353
westmere,encode,1024,1023,48,1,114.046,104.184,1.0947
westmere,encode,1024,1023,48,2,116.344,132.510,0.8780
westmere,encode,1024,1023,48,3,114.493,127.780,0.8960
westmere,encode,1024,1023,48,4,112.699,120.728,0.9335
westmere,encode,65536,65535,0,0,7095.113,5914.242,1.1997
westmere,encode,65536,65535,0,1,7198.475,6853.622,1.0503
westmere,encode,65536,65535,0,2,6938.593,6151.366,1.1280
westmere,encode,65536,65535,0,3,6991.369,7236.274,0.9662
westmere,encode,65536,65535,0,4,6940.450,7041.623,0.9856
westmere,encode,65536,65535,16,0,6772.726,7097.540,0.9542
westmere,encode,65536,65535,16,1,6265.616,7402.372,0.8464
westmere,encode,65536,65535,16,2,5796.518,6939.435,0.8353
westmere,encode,65536,65535,16,3,6139.454,6385.270,0.9615
westmere,encode,65536,65535,16,4,6895.073,6336.478,1.0882
westmere,encode,65536,65535,32,0,7605.912,8247.321,0.9222
westmere,encode,65536,65535,32,1,6414.703,7160.982,0.8958
westmere,encode,65536,65535,32,2,6627.864,6491.768,1.0210
westmere,encode,65536,65535,32,3,6840.641,7164.730,0.9548
westmere,encode,65536,65535,32,4,6668.548,6659.220,1.0014
westmere,encode,65536,65535,48,0,5515.780,6596.469,0.8362
westmere,encode,65536,65535,48,1,7157.773,6897.793,1.0377
westmere,encode,65536,65535,48,2,7699.894,7144.722,1.0777
westmere,encode,65536,65535,48,3,5693.599,6175.761,0.9219
westmere,encode,65536,65535,48,4,6277.565,6469.271,0.9704
westmere,decode_raw,16,16,0,0,30.347,18.602,1.6313
westmere,decode_raw,16,16,0,1,29.175,18.446,1.5816
westmere,decode_raw,16,16,0,2,29.372,22.042,1.3325
westmere,decode_raw,16,16,0,3,29.667,18.237,1.6268
westmere,decode_raw,16,16,0,4,30.660,17.984,1.7048
westmere,decode_raw,16,16,16,0,36.899,20.249,1.8223
westmere,decode_raw,16,16,16,1,30.461,18.116,1.6814
westmere,decode_raw,16,16,16,2,30.789,18.712,1.6454
westmere,decode_raw,16,16,16,3,32.636,18.374,1.7762
westmere,decode_raw,16,16,16,4,29.400,18.930,1.5531
westmere,decode_raw,16,16,32,0,28.795,18.472,1.5589
westmere,decode_raw,16,16,32,1,30.355,18.626,1.6297
westmere,decode_raw,16,16,32,2,29.957,19.975,1.4997
westmere,decode_raw,16,16,32,3,29.926,19.578,1.5286
westmere,decode_raw,16,16,32,4,30.232,19.912,1.5183
westmere,decode_raw,16,16,48,0,29.079,20.650,1.4082
westmere,decode_raw,16,16,48,1,29.027,20.209,1.4364
westmere,decode_raw,16,16,48,2,29.452,20.522,1.4352
westmere,decode_raw,16,16,48,3,31.558,19.086,1.6535
westmere,decode_raw,16,16,48,4,28.886,19.299,1.4968
westmere,decode_raw,32,32,0,0,35.507,23.000,1.5438
westmere,decode_raw,32,32,0,1,38.593,22.412,1.7219
westmere,decode_raw,32,32,0,2,33.400,20.664,1.6164
westmere,decode_raw,32,32,0,3,33.825,20.679,1.6357
westmere,decode_raw,32,32,0,4,34.414,20.937,1.6437
westmere,decode_raw,32,32,16,0,34.781,21.575,1.6121
westmere,decode_raw,32,32,16,1,37.296,22.586,1.6513
westmere,decode_raw,32,32,16,2,33.291,20.836,1.5977
westmere,decode_raw,32,32,16,3,34.321,20.671,1.6603
westmere,decode_raw,32,32,16,4,34.300,20.613,1.6640
westmere,decode_raw,32,32,32,0,35.369,20.703,1.7084
westmere,decode_raw,32,32,32,1,33.706,22.193,1.5187
westmere,decode_raw,32,32,32,2,33.449,22.403,1.4931
westmere,decode_raw,32,32,32,3,33.248,22.026,1.5095
westmere,decode_raw,32,32,32,4,35.175,21.719,1.6196
westmere,decode_raw,32,32,48,0,38.605,21.445,1.8002
westmere,decode_raw,32,32,48,1,34.920,21.089,1.6559
westmere,decode_raw,32,32,48,2,34.496,21.273,1.6216
westmere,decode_raw,32,32,48,3,33.129,21.405,1.5477
westmere,decode_raw,32,32,48,4,34.680,21.552,1.6091
westmere,decode_raw,64,64,0,0,23.651,26.086,0.9067
westmere,decode_raw,64,64,0,1,26.789,30.486,0.8787
westmere,decode_raw,64,64,0,2,28.516,26.990,1.0565
westmere,decode_raw,64,64,0,3,24.697,23.921,1.0324
westmere,decode_raw,64,64,0,4,24.131,25.926,0.9308
westmere,decode_raw,64,64,16,0,22.605,23.826,0.9488
westmere,decode_raw,64,64,16,1,24.320,23.330,1.0425
westmere,decode_raw,64,64,16,2,22.377,24.517,0.9127
westmere,decode_raw,64,64,16,3,23.841,23.683,1.0067
westmere,decode_raw,64,64,16,4,23.085,22.882,1.0089
westmere,decode_raw,64,64,32,0,22.970,25.955,0.8850
westmere,decode_raw,64,64,32,1,22.815,24.846,0.9183
westmere,decode_raw,64,64,32,2,25.283,30.076,0.8406
westmere,decode_raw,64,64,32,3,26.146,23.002,1.1366
westmere,decode_raw,64,64,32,4,24.032,24.518,0.9802
westmere,decode_raw,64,64,48,0,24.844,23.865,1.0410
westmere,decode_raw,64,64,48,1,25.651,24.479,1.0479
westmere,decode_raw,64,64,48,2,22.695,24.556,0.9242
westmere,decode_raw,64,64,48,3,22.983,23.502,0.9779
westmere,decode_raw,64,64,48,4,23.443,23.921,0.9800
westmere,decode_raw,128,128,0,0,28.045,28.123,0.9972
westmere,decode_raw,128,128,0,1,28.964,27.507,1.0530
westmere,decode_raw,128,128,0,2,27.997,30.142,0.9288
westmere,decode_raw,128,128,0,3,27.756,28.599,0.9705
westmere,decode_raw,128,128,0,4,28.795,28.220,1.0204
westmere,decode_raw,128,128,16,0,28.641,28.375,1.0094
westmere,decode_raw,128,128,16,1,28.432,28.080,1.0125
westmere,decode_raw,128,128,16,2,28.211,30.775,0.9167
westmere,decode_raw,128,128,16,3,30.207,30.593,0.9874
westmere,decode_raw,128,128,16,4,27.407,28.584,0.9588
westmere,decode_raw,128,128,32,0,28.773,29.422,0.9779
westmere,decode_raw,128,128,32,1,28.540,28.580,0.9986
westmere,decode_raw,128,128,32,2,29.118,27.583,1.0557
westmere,decode_raw,128,128,32,3,28.434,41.354,0.6876
westmere,decode_raw,128,128,32,4,28.920,30.240,0.9563
westmere,decode_raw,128,128,48,0,28.773,28.254,1.0184
westmere,decode_raw,128,128,48,1,27.641,28.499,0.9699
westmere,decode_raw,128,128,48,2,28.058,28.087,0.9990
westmere,decode_raw,128,128,48,3,28.258,28.845,0.9796
westmere,decode_raw,128,128,48,4,28.415,29.098,0.9766
westmere,decode_raw,256,256,0,0,43.463,48.821,0.8902
westmere,decode_raw,256,256,0,1,37.780,53.941,0.7004
westmere,decode_raw,256,256,0,2,39.476,41.252,0.9569
westmere,decode_raw,256,256,0,3,38.995,40.583,0.9609
westmere,decode_raw,256,256,0,4,38.045,39.580,0.9612
westmere,decode_raw,256,256,16,0,38.371,40.669,0.9435
westmere,decode_raw,256,256,16,1,42.233,41.744,1.0117
westmere,decode_raw,256,256,16,2,39.938,40.348,0.9898
westmere,decode_raw,256,256,16,3,39.264,38.990,1.0070
westmere,decode_raw,256,256,16,4,39.136,39.427,0.9926
westmere,decode_raw,256,256,32,0,38.369,38.948,0.9851
westmere,decode_raw,256,256,32,1,38.908,39.174,0.9932
westmere,decode_raw,256,256,32,2,38.973,41.725,0.9340
westmere,decode_raw,256,256,32,3,40.559,40.336,1.0055
westmere,decode_raw,256,256,32,4,40.315,40.448,0.9967
westmere,decode_raw,256,256,48,0,38.533,43.300,0.8899
westmere,decode_raw,256,256,48,1,38.670,41.046,0.9421
westmere,decode_raw,256,256,48,2,37.713,38.746,0.9733
westmere,decode_raw,256,256,48,3,38.030,40.417,0.9409
westmere,decode_raw,256,256,48,4,41.028,39.092,1.0495
westmere,decode_raw,1024,1024,0,0,105.121,112.078,0.9379
westmere,decode_raw,1024,1024,0,1,99.458,99.655,0.9980
westmere,decode_raw,1024,1024,0,2,106.039,109.417,0.9691
westmere,decode_raw,1024,1024,0,3,102.913,116.914,0.8802
westmere,decode_raw,1024,1024,0,4,99.664,118.961,0.8378
westmere,decode_raw,1024,1024,16,0,107.298,120.509,0.8904
westmere,decode_raw,1024,1024,16,1,102.900,118.218,0.8704
westmere,decode_raw,1024,1024,16,2,103.636,105.272,0.9845
westmere,decode_raw,1024,1024,16,3,104.662,102.995,1.0162
westmere,decode_raw,1024,1024,16,4,101.683,122.194,0.8321
westmere,decode_raw,1024,1024,32,0,109.543,112.700,0.9720
westmere,decode_raw,1024,1024,32,1,101.455,111.957,0.9062
westmere,decode_raw,1024,1024,32,2,105.644,105.471,1.0016
westmere,decode_raw,1024,1024,32,3,102.439,104.436,0.9809
westmere,decode_raw,1024,1024,32,4,101.357,116.239,0.8720
westmere,decode_raw,1024,1024,48,0,98.565,92.179,1.0693
westmere,decode_raw,1024,1024,48,1,95.239,92.413,1.0306
westmere,decode_raw,1024,1024,48,2,96.515,92.642,1.0418
westmere,decode_raw,1024,1024,48,3,100.417,103.975,0.9658
westmere,decode_raw,1024,1024,48,4,100.188,92.396,1.0843
westmere,decode_raw,65536,65536,0,0,5168.009,4921.807,1.0500
westmere,decode_raw,65536,65536,0,1,5165.974,4904.447,1.0533
westmere,decode_raw,65536,65536,0,2,5313.616,6736.193,0.7888
westmere,decode_raw,65536,65536,0,3,5510.538,5779.072,0.9535
westmere,decode_raw,65536,65536,0,4,5646.800,6682.216,0.8450
westmere,decode_raw,65536,65536,16,0,5177.953,4900.347,1.0567
westmere,decode_raw,65536,65536,16,1,5247.561,4906.193,1.0696
westmere,decode_raw,65536,65536,16,2,5179.821,5407.516,0.9579
westmere,decode_raw,65536,65536,16,3,5313.059,4902.502,1.0837
westmere,decode_raw,65536,65536,16,4,5172.446,4901.371,1.0553
westmere,decode_raw,65536,65536,32,0,5157.779,5052.697,1.0208
westmere,decode_raw,65536,65536,32,1,5146.589,4900.822,1.0501
westmere,decode_raw,65536,65536,32,2,5140.331,5269.525,0.9755
westmere,decode_raw,65536,65536,32,3,5328.765,4905.077,1.0864
westmere,decode_raw,65536,65536,32,4,5151.868,5306.992,0.9708
westmere,decode_raw,65536,65536,48,0,5504.691,6420.694,0.8573
westmere,decode_raw,65536,65536,48,1,5167.852,4905.343,1.0535
westmere,decode_raw,65536,65536,48,2,5160.547,4885.504,1.0563
westmere,decode_raw,65536,65536,48,3,5168.291,4908.844,1.0529
westmere,decode_raw,65536,65536,48,4,5637.961,5911.471,0.9537
westmere,decode_checked,16,16,0,0,34.928,27.343,1.2774
westmere,decode_checked,16,16,0,1,37.043,27.596,1.3424
westmere,decode_checked,16,16,0,2,34.549,26.981,1.2805
westmere,decode_checked,16,16,0,3,34.548,27.011,1.2790
westmere,decode_checked,16,16,0,4,34.945,27.958,1.2499
westmere,decode_checked,16,16,16,0,34.668,26.987,1.2846
westmere,decode_checked,16,16,16,1,36.169,27.036,1.3378
westmere,decode_checked,16,16,16,2,34.718,27.749,1.2512
westmere,decode_checked,16,16,16,3,36.881,28.186,1.3085
westmere,decode_checked,16,16,16,4,35.225,27.233,1.2935
westmere,decode_checked,16,16,32,0,37.437,27.615,1.3557
westmere,decode_checked,16,16,32,1,35.866,27.069,1.3250
westmere,decode_checked,16,16,32,2,41.939,27.912,1.5026
westmere,decode_checked,16,16,32,3,37.560,30.436,1.2341
westmere,decode_checked,16,16,32,4,35.226,27.149,1.2975
westmere,decode_checked,16,16,48,0,34.823,27.659,1.2590
westmere,decode_checked,16,16,48,1,35.094,27.414,1.2801
westmere,decode_checked,16,16,48,2,34.681,27.490,1.2616
westmere,decode_checked,16,16,48,3,37.106,27.830,1.3333
westmere,decode_checked,16,16,48,4,34.743,27.425,1.2668
westmere,decode_checked,32,32,0,0,49.043,36.143,1.3569
westmere,decode_checked,32,32,0,1,50.717,37.357,1.3576
westmere,decode_checked,32,32,0,2,48.183,36.923,1.3050
westmere,decode_checked,32,32,0,3,51.533,37.984,1.3567
westmere,decode_checked,32,32,0,4,49.415,36.929,1.3381
westmere,decode_checked,32,32,16,0,48.254,36.833,1.3101
westmere,decode_checked,32,32,16,1,49.568,36.150,1.3712
westmere,decode_checked,32,32,16,2,54.094,42.404,1.2757
westmere,decode_checked,32,32,16,3,56.784,37.697,1.5063
westmere,decode_checked,32,32,16,4,65.505,44.848,1.4606
westmere,decode_checked,32,32,32,0,61.577,49.247,1.2504
westmere,decode_checked,32,32,32,1,50.875,36.193,1.4056
westmere,decode_checked,32,32,32,2,51.344,40.334,1.2730
westmere,decode_checked,32,32,32,3,50.351,40.450,1.2448
westmere,decode_checked,32,32,32,4,48.076,36.066,1.3330
westmere,decode_checked,32,32,48,0,52.660,36.144,1.4569
westmere,decode_checked,32,32,48,1,51.414,37.000,1.3896
westmere,decode_checked,32,32,48,2,48.128,36.245,1.3279
westmere,decode_checked,32,32,48,3,53.710,37.825,1.4200
westmere,decode_checked,32,32,48,4,48.141,38.480,1.2511
westmere,decode_checked,64,64,0,0,64.624,58.033,1.1136
westmere,decode_checked,64,64,0,1,61.750,59.239,1.0424
westmere,decode_checked,64,64,0,2,65.007,61.853,1.0510
westmere,decode_checked,64,64,0,3,55.324,59.117,0.9358
westmere,decode_checked,64,64,0,4,59.337,56.042,1.0588
westmere,decode_checked,64,64,16,0,63.346,62.905,1.0070
westmere,decode_checked,64,64,16,1,55.565,58.417,0.9512
westmere,decode_checked,64,64,16,2,59.682,61.640,0.9682
westmere,decode_checked,64,64,16,3,78.793,62.544,1.2598
westmere,decode_checked,64,64,16,4,58.450,61.596,0.9489
westmere,decode_checked,64,64,32,0,64.347,60.319,1.0668
westmere,decode_checked,64,64,32,1,54.570,55.802,0.9779
westmere,decode_checked,64,64,32,2,57.350,54.594,1.0505
westmere,decode_checked,64,64,32,3,61.732,54.286,1.1372
westmere,decode_checked,64,64,32,4,57.929,53.987,1.0730
westmere,decode_checked,64,64,48,0,62.939,63.121,0.9971
westmere,decode_checked,64,64,48,1,59.627,58.061,1.0270
westmere,decode_checked,64,64,48,2,61.837,63.844,0.9686
westmere,decode_checked,64,64,48,3,59.668,65.674,0.9085
westmere,decode_checked,64,64,48,4,58.885,62.157,0.9474
westmere,decode_checked,128,128,0,0,106.466,100.462,1.0598
westmere,decode_checked,128,128,0,1,115.273,120.338,0.9579
westmere,decode_checked,128,128,0,2,97.378,102.655,0.9486
westmere,decode_checked,128,128,0,3,94.121,94.716,0.9937
westmere,decode_checked,128,128,0,4,112.225,121.943,0.9203
westmere,decode_checked,128,128,16,0,115.643,118.768,0.9737
westmere,decode_checked,128,128,16,1,117.333,108.224,1.0842
westmere,decode_checked,128,128,16,2,105.587,115.745,0.9122
westmere,decode_checked,128,128,16,3,111.902,107.012,1.0457
westmere,decode_checked,128,128,16,4,112.675,112.217,1.0041
westmere,decode_checked,128,128,32,0,117.477,114.180,1.0289
westmere,decode_checked,128,128,32,1,249.215,164.054,1.5191
westmere,decode_checked,128,128,32,2,99.171,119.758,0.8281
westmere,decode_checked,128,128,32,3,114.735,113.271,1.0129
westmere,decode_checked,128,128,32,4,116.281,120.100,0.9682
westmere,decode_checked,128,128,48,0,110.178,111.260,0.9903
westmere,decode_checked,128,128,48,1,105.589,117.289,0.9002
westmere,decode_checked,128,128,48,2,114.557,106.801,1.0726
westmere,decode_checked,128,128,48,3,109.547,110.636,0.9902
westmere,decode_checked,128,128,48,4,111.200,119.068,0.9339
westmere,decode_checked,256,256,0,0,191.891,221.280,0.8672
westmere,decode_checked,256,256,0,1,187.024,189.231,0.9883
westmere,decode_checked,256,256,0,2,192.456,225.426,0.8537
westmere,decode_checked,256,256,0,3,195.833,186.624,1.0493
westmere,decode_checked,256,256,0,4,165.524,219.144,0.7553
westmere,decode_checked,256,256,16,0,179.303,211.479,0.8479
westmere,decode_checked,256,256,16,1,202.929,217.594,0.9326
westmere,decode_checked,256,256,16,2,200.878,201.760,0.9956
westmere,decode_checked,256,256,16,3,223.390,187.642,1.1905
westmere,decode_checked,256,256,16,4,180.291,237.927,0.7578
westmere,decode_checked,256,256,32,0,215.950,208.467,1.0359
westmere,decode_checked,256,256,32,1,217.766,182.430,1.1937
westmere,decode_checked,256,256,32,2,182.570,210.816,0.8660
westmere,decode_checked,256,256,32,3,219.396,215.078,1.0201
westmere,decode_checked,256,256,32,4,209.561,175.916,1.1913
westmere,decode_checked,256,256,48,0,196.522,181.971,1.0800
westmere,decode_checked,256,256,48,1,182.848,204.171,0.8956
westmere,decode_checked,256,256,48,2,218.331,208.058,1.0494
westmere,decode_checked,256,256,48,3,236.239,201.164,1.1744
westmere,decode_checked,256,256,48,4,241.496,240.634,1.0036
westmere,decode_checked,1024,1024,0,0,1081.352,945.539,1.1436
westmere,decode_checked,1024,1024,0,1,1372.268,1045.593,1.3124
westmere,decode_checked,1024,1024,0,2,845.308,695.549,1.2153
westmere,decode_checked,1024,1024,0,3,935.785,816.673,1.1458
westmere,decode_checked,1024,1024,0,4,794.660,988.411,0.8040
westmere,decode_checked,1024,1024,16,0,784.330,852.028,0.9205
westmere,decode_checked,1024,1024,16,1,783.203,917.208,0.8539
westmere,decode_checked,1024,1024,16,2,815.461,800.174,1.0191
westmere,decode_checked,1024,1024,16,3,843.810,838.041,1.0069
westmere,decode_checked,1024,1024,16,4,617.354,701.704,0.8798
westmere,decode_checked,1024,1024,32,0,639.371,645.257,0.9909
westmere,decode_checked,1024,1024,32,1,738.348,848.596,0.8701
westmere,decode_checked,1024,1024,32,2,646.267,787.270,0.8209
westmere,decode_checked,1024,1024,32,3,683.373,820.233,0.8331
westmere,decode_checked,1024,1024,32,4,683.591,731.918,0.9340
westmere,decode_checked,1024,1024,48,0,689.763,756.604,0.9117
westmere,decode_checked,1024,1024,48,1,723.404,845.141,0.8560
westmere,decode_checked,1024,1024,48,2,638.508,734.170,0.8697
westmere,decode_checked,1024,1024,48,3,762.402,747.240,1.0203
westmere,decode_checked,1024,1024,48,4,721.873,755.974,0.9549
westmere,decode_checked,65536,65536,0,0,45006.759,47392.747,0.9497
westmere,decode_checked,65536,65536,0,1,48697.894,47849.734,1.0177
westmere,decode_checked,65536,65536,0,2,46831.746,43948.381,1.0656
westmere,decode_checked,65536,65536,0,3,45451.141,45655.650,0.9955
westmere,decode_checked,65536,65536,0,4,46111.391,44576.441,1.0344
westmere,decode_checked,65536,65536,16,0,45691.333,37479.254,1.2191
westmere,decode_checked,65536,65536,16,1,41013.256,51610.737,0.7947
westmere,decode_checked,65536,65536,16,2,50455.666,51244.918,0.9846
westmere,decode_checked,65536,65536,16,3,45931.377,51717.982,0.8881
westmere,decode_checked,65536,65536,16,4,39112.388,50271.007,0.7780
westmere,decode_checked,65536,65536,32,0,50993.425,47677.030,1.0696
westmere,decode_checked,65536,65536,32,1,55047.922,53747.415,1.0242
westmere,decode_checked,65536,65536,32,2,41159.375,54947.750,0.7491
westmere,decode_checked,65536,65536,32,3,51858.843,46134.226,1.1241
westmere,decode_checked,65536,65536,32,4,41852.154,51281.273,0.8161
westmere,decode_checked,65536,65536,48,0,43421.440,47423.007,0.9156
westmere,decode_checked,65536,65536,48,1,43769.256,45550.277,0.9609
westmere,decode_checked,65536,65536,48,2,47268.703,52558.460,0.8994
westmere,decode_checked,65536,65536,48,3,52181.162,45893.063,1.1370
westmere,decode_checked,65536,65536,48,4,45752.923,46234.191,0.9896
westmere,encode_url,16,15,0,0,14.987,26.497,0.5656
westmere,encode_url,16,15,0,1,16.708,26.603,0.6280
westmere,encode_url,16,15,0,2,15.593,26.225,0.5946
westmere,encode_url,16,15,0,3,15.415,25.705,0.5997
westmere,encode_url,16,15,0,4,15.673,30.692,0.5107
westmere,encode_url,16,15,16,0,14.857,26.288,0.5652
westmere,encode_url,16,15,16,1,15.216,27.529,0.5527
westmere,encode_url,16,15,16,2,15.398,31.457,0.4895
westmere,encode_url,16,15,16,3,15.152,28.772,0.5266
westmere,encode_url,16,15,16,4,17.722,26.789,0.6616
westmere,encode_url,16,15,32,0,15.337,26.248,0.5843
westmere,encode_url,16,15,32,1,16.267,26.973,0.6031
westmere,encode_url,16,15,32,2,15.795,27.251,0.5796
westmere,encode_url,16,15,32,3,15.939,27.406,0.5816
westmere,encode_url,16,15,32,4,16.790,27.087,0.6198
westmere,encode_url,16,15,48,0,16.322,28.557,0.5716
westmere,encode_url,16,15,48,1,16.826,28.621,0.5879
westmere,encode_url,16,15,48,2,16.263,27.626,0.5887
westmere,encode_url,16,15,48,3,20.158,31.751,0.6349
westmere,encode_url,16,15,48,4,19.988,30.967,0.6455
westmere,encode_url,32,30,0,0,15.492,35.220,0.4398
westmere,encode_url,32,30,0,1,15.847,30.481,0.5199
westmere,encode_url,32,30,0,2,15.998,56.400,0.2836
westmere,encode_url,32,30,0,3,13.771,28.590,0.4817
westmere,encode_url,32,30,0,4,13.680,31.096,0.4399
westmere,encode_url,32,30,16,0,14.938,31.693,0.4713
westmere,encode_url,32,30,16,1,13.795,30.946,0.4458
westmere,encode_url,32,30,16,2,13.784,31.729,0.4344
westmere,encode_url,32,30,16,3,14.040,30.058,0.4671
westmere,encode_url,32,30,16,4,13.823,31.504,0.4388
westmere,encode_url,32,30,32,0,14.121,31.690,0.4456
westmere,encode_url,32,30,32,1,13.725,30.117,0.4557
westmere,encode_url,32,30,32,2,13.522,31.654,0.4272
westmere,encode_url,32,30,32,3,13.740,30.390,0.4521
westmere,encode_url,32,30,32,4,13.708,29.320,0.4675
westmere,encode_url,32,30,48,0,13.685,30.395,0.4502
westmere,encode_url,32,30,48,1,14.443,31.588,0.4572
westmere,encode_url,32,30,48,2,13.846,30.051,0.4607
westmere,encode_url,32,30,48,3,13.715,31.426,0.4364
westmere,encode_url,32,30,48,4,13.776,30.556,0.4508
westmere,encode_url,64,63,0,0,19.898,49.671,0.4006
westmere,encode_url,64,63,0,1,20.372,54.685,0.3725
westmere,encode_url,64,63,0,2,20.594,51.986,0.3961
westmere,encode_url,64,63,0,3,20.138,50.090,0.4020
westmere,encode_url,64,63,0,4,20.201,52.042,0.3882
westmere,encode_url,64,63,16,0,20.812,51.149,0.4069
westmere,encode_url,64,63,16,1,20.390,51.092,0.3991
westmere,encode_url,64,63,16,2,19.872,50.459,0.3938
westmere,encode_url,64,63,16,3,20.326,58.914,0.3450
westmere,encode_url,64,63,16,4,20.631,52.570,0.3925
westmere,encode_url,64,63,32,0,20.338,49.719,0.4091
westmere,encode_url,64,63,32,1,20.492,49.754,0.4119
westmere,encode_url,64,63,32,2,20.872,52.481,0.3977
westmere,encode_url,64,63,32,3,19.998,50.182,0.3985
westmere,encode_url,64,63,32,4,23.804,52.042,0.4574
westmere,encode_url,64,63,48,0,20.001,50.766,0.3940
westmere,encode_url,64,63,48,1,20.335,49.167,0.4136
westmere,encode_url,64,63,48,2,19.917,51.781,0.3846
westmere,encode_url,64,63,48,3,20.406,48.263,0.4228
westmere,encode_url,64,63,48,4,20.014,49.373,0.4054
westmere,encode_url,128,126,0,0,22.131,89.359,0.2477
westmere,encode_url,128,126,0,1,22.157,82.813,0.2675
westmere,encode_url,128,126,0,2,22.350,89.686,0.2492
westmere,encode_url,128,126,0,3,22.723,107.653,0.2111
westmere,encode_url,128,126,0,4,23.571,79.713,0.2957
westmere,encode_url,128,126,16,0,23.397,85.258,0.2744
westmere,encode_url,128,126,16,1,22.357,75.446,0.2963
westmere,encode_url,128,126,16,2,22.634,80.137,0.2824
westmere,encode_url,128,126,16,3,23.131,85.728,0.2698
westmere,encode_url,128,126,16,4,24.431,105.834,0.2308
westmere,encode_url,128,126,32,0,22.395,100.234,0.2234
westmere,encode_url,128,126,32,1,23.014,101.370,0.2270
westmere,encode_url,128,126,32,2,22.874,91.311,0.2505
westmere,encode_url,128,126,32,3,25.337,90.950,0.2786
westmere,encode_url,128,126,32,4,23.612,92.218,0.2560
westmere,encode_url,128,126,48,0,23.031,84.477,0.2726
westmere,encode_url,128,126,48,1,23.552,83.167,0.2832
westmere,encode_url,128,126,48,2,22.351,75.873,0.2946
westmere,encode_url,128,126,48,3,22.315,78.884,0.2829
westmere,encode_url,128,126,48,4,23.052,82.699,0.2788
westmere,encode_url,256,255,0,0,39.899,147.184,0.2711
westmere,encode_url,256,255,0,1,38.977,155.937,0.2500
westmere,encode_url,256,255,0,2,35.606,146.120,0.2437
westmere,encode_url,256,255,0,3,37.112,141.327,0.2626
westmere,encode_url,256,255,0,4,36.535,157.920,0.2314
westmere,encode_url,256,255,16,0,41.153,150.063,0.2742
westmere,encode_url,256,255,16,1,37.547,135.454,0.2772
westmere,encode_url,256,255,16,2,37.410,162.697,0.2299
westmere,encode_url,256,255,16,3,38.691,153.558,0.2520
westmere,encode_url,256,255,16,4,39.101,165.808,0.2358
westmere,encode_url,256,255,32,0,37.743,168.854,0.2235
westmere,encode_url,256,255,32,1,38.028,148.451,0.2562
westmere,encode_url,256,255,32,2,38.699,165.678,0.2336
westmere,encode_url,256,255,32,3,38.547,150.004,0.2570
westmere,encode_url,256,255,32,4,36.233,146.731,0.2469
westmere,encode_url,256,255,48,0,37.360,168.210,0.2221
westmere,encode_url,256,255,48,1,38.181,150.969,0.2529
westmere,encode_url,256,255,48,2,37.282,151.114,0.2467
westmere,encode_url,256,255,48,3,40.113,143.537,0.2795
westmere,encode_url,256,255,48,4,38.576,147.526,0.2615
westmere,encode_url,1024,1023,0,0,123.124,558.494,0.2205
westmere,encode_url,1024,1023,0,1,107.327,620.499,0.1730
westmere,encode_url,1024,1023,0,2,118.766,506.373,0.2345
westmere,encode_url,1024,1023,0,3,127.624,609.223,0.2095
westmere,encode_url,1024,1023,0,4,136.899,600.444,0.2280
westmere,encode_url,1024,1023,16,0,114.015,629.637,0.1811
westmere,encode_url,1024,1023,16,1,121.087,557.289,0.2173
westmere,encode_url,1024,1023,16,2,143.701,589.322,0.2438
westmere,encode_url,1024,1023,16,3,169.783,620.047,0.2738
westmere,encode_url,1024,1023,16,4,125.109,575.229,0.2175
westmere,encode_url,1024,1023,32,0,126.972,635.397,0.1998
westmere,encode_url,1024,1023,32,1,125.239,628.094,0.1994
westmere,encode_url,1024,1023,32,2,120.640,589.033,0.2048
westmere,encode_url,1024,1023,32,3,122.569,796.683,0.1538
westmere,encode_url,1024,1023,32,4,119.432,613.001,0.1948
westmere,encode_url,1024,1023,48,0,136.691,627.693,0.2178
westmere,encode_url,1024,1023,48,1,126.029,950.203,0.1326
westmere,encode_url,1024,1023,48,2,138.294,709.337,0.1950
westmere,encode_url,1024,1023,48,3,118.461,599.612,0.1976
westmere,encode_url,1024,1023,48,4,124.973,676.554,0.1847
westmere,encode_url,65536,65535,0,0,9832.235,44136.034,0.2228
westmere,encode_url,65536,65535,0,1,7246.238,34201.413,0.2119
westmere,encode_url,65536,65535,0,2,6999.795,36980.316,0.1893
westmere,encode_url,65536,65535,0,3,6015.357,37653.128,0.1598
westmere,encode_url,65536,65535,0,4,6245.456,34335.928,0.1819
westmere,encode_url,65536,65535,16,0,5739.744,44757.540,0.1282
westmere,encode_url,65536,65535,16,1,6587.126,38424.512,0.1714
westmere,encode_url,65536,65535,16,2,6644.055,39247.025,0.1693
westmere,encode_url,65536,65535,16,3,6905.767,33339.319,0.2071
westmere,encode_url,65536,65535,16,4,6668.640,65379.628,0.1020
westmere,encode_url,65536,65535,32,0,6773.157,37604.405,0.1801
westmere,encode_url,65536,65535,32,1,7607.178,40948.271,0.1858
westmere,encode_url,65536,65535,32,2,6037.706,35605.814,0.1696
westmere,encode_url,65536,65535,32,3,7077.817,37881.104,0.1868
westmere,encode_url,65536,65535,32,4,6633.607,38336.905,0.1730
westmere,encode_url,65536,65535,48,0,7163.743,38663.798,0.1853
westmere,encode_url,65536,65535,48,1,7405.620,37473.323,0.1976
westmere,encode_url,65536,65535,48,2,6530.487,39655.039,0.1647
westmere,encode_url,65536,65535,48,3,7027.185,35796.034,0.1963
westmere,encode_url,65536,65535,48,4,5716.115,35964.499,0.1589
westmere,decode_url,16,16,0,0,37.738,36.667,1.0292
westmere,decode_url,16,16,0,1,36.794,35.593,1.0338
westmere,decode_url,16,16,0,2,39.016,36.677,1.0638
westmere,decode_url,16,16,0,3,47.563,36.007,1.3209
westmere,decode_url,16,16,0,4,38.171,36.871,1.0353
westmere,decode_url,16,16,16,0,36.795,35.770,1.0287
westmere,decode_url,16,16,16,1,37.752,39.491,0.9560
westmere,decode_url,16,16,16,2,36.212,36.485,0.9925
westmere,decode_url,16,16,16,3,38.258,35.542,1.0764
westmere,decode_url,16,16,16,4,38.763,38.963,0.9949
westmere,decode_url,16,16,32,0,37.805,38.440,0.9835
westmere,decode_url,16,16,32,1,44.627,35.951,1.2413
westmere,decode_url,16,16,32,2,40.401,37.188,1.0864
westmere,decode_url,16,16,32,3,38.241,36.804,1.0391
westmere,decode_url,16,16,32,4,36.555,35.910,1.0180
westmere,decode_url,16,16,48,0,39.565,39.706,0.9965
westmere,decode_url,16,16,48,1,39.161,37.246,1.0514
westmere,decode_url,16,16,48,2,39.918,38.954,1.0247
westmere,decode_url,16,16,48,3,40.320,38.244,1.0543
westmere,decode_url,16,16,48,4,37.915,44.386,0.8542
westmere,decode_url,32,32,0,0,57.168,49.243,1.1609
westmere,decode_url,32,32,0,1,54.262,58.952,0.9205
westmere,decode_url,32,32,0,2,52.416,59.807,0.8764
westmere,decode_url,32,32,0,3,54.225,55.052,0.9850
westmere,decode_url,32,32,0,4,51.453,50.856,1.0117
westmere,decode_url,32,32,16,0,55.646,50.195,1.1086
westmere,decode_url,32,32,16,1,55.101,53.393,1.0320
westmere,decode_url,32,32,16,2,56.016,58.690,0.9544
westmere,decode_url,32,32,16,3,53.418,56.144,0.9514
westmere,decode_url,32,32,16,4,55.981,57.721,0.9699
westmere,decode_url,32,32,32,0,56.364,54.580,1.0327
westmere,decode_url,32,32,32,1,56.516,53.392,1.0585
westmere,decode_url,32,32,32,2,50.734,53.957,0.9403
westmere,decode_url,32,32,32,3,51.842,47.794,1.0847
westmere,decode_url,32,32,32,4,52.947,55.399,0.9557
westmere,decode_url,32,32,48,0,55.934,50.019,1.1182
westmere,decode_url,32,32,48,1,53.688,62.976,0.8525
westmere,decode_url,32,32,48,2,52.953,51.340,1.0314
westmere,decode_url,32,32,48,3,56.088,52.187,1.0747
westmere,decode_url,32,32,48,4,53.999,55.593,0.9713
westmere,decode_url,64,64,0,0,64.648,95.747,0.6752
westmere,decode_url,64,64,0,1,65.352,90.032,0.7259
westmere,decode_url,64,64,0,2,63.288,76.842,0.8236
westmere,decode_url,64,64,0,3,60.872,81.401,0.7478
westmere,decode_url,64,64,0,4,66.154,84.416,0.7837
westmere,decode_url,64,64,16,0,62.853,80.534,0.7805
westmere,decode_url,64,64,16,1,65.670,87.551,0.7501
westmere,decode_url,64,64,16,2,62.825,76.312,0.8233
westmere,decode_url,64,64,16,3,62.381,77.784,0.8020
westmere,decode_url,64,64,16,4,54.438,88.030,0.6184
westmere,decode_url,64,64,32,0,65.385,88.237,0.7410
westmere,decode_url,64,64,32,1,65.620,75.031,0.8746
westmere,decode_url,64,64,32,2,55.723,81.566,0.6832
westmere,decode_url,64,64,32,3,65.237,75.769,0.8610
westmere,decode_url,64,64,32,4,55.507,74.655,0.7435
westmere,decode_url,64,64,48,0,76.292,89.064,0.8566
westmere,decode_url,64,64,48,1,65.703,78.249,0.8397
westmere,decode_url,64,64,48,2,58.486,92.398,0.6330
westmere,decode_url,64,64,48,3,65.028,73.747,0.8818
westmere,decode_url,64,64,48,4,54.086,73.710,0.7338
westmere,decode_url,128,128,0,0,91.182,123.123,0.7406
westmere,decode_url,128,128,0,1,89.604,131.743,0.6801
westmere,decode_url,128,128,0,2,92.696,122.179,0.7587
westmere,decode_url,128,128,0,3,116.869,165.152,0.7076
westmere,decode_url,128,128,0,4,111.180,169.396,0.6563
westmere,decode_url,128,128,16,0,104.012,169.453,0.6138
westmere,decode_url,128,128,16,1,116.014,160.241,0.7240
westmere,decode_url,128,128,16,2,128.122,164.221,0.7802
westmere,decode_url,128,128,16,3,116.244,124.031,0.9372
westmere,decode_url,128,128,16,4,98.299,146.720,0.6700
westmere,decode_url,128,128,32,0,113.554,153.309,0.7407
westmere,decode_url,128,128,32,1,104.024,126.653,0.8213
westmere,decode_url,128,128,32,2,103.776,149.503,0.6941
westmere,decode_url,128,128,32,3,108.757,159.406,0.6823
westmere,decode_url,128,128,32,4,100.299,171.666,0.5843
westmere,decode_url,128,128,48,0,106.096,165.986,0.6392
westmere,decode_url,128,128,48,1,104.226,122.854,0.8484
westmere,decode_url,128,128,48,2,104.370,164.986,0.6326
westmere,decode_url,128,128,48,3,113.265,167.285,0.6771
westmere,decode_url,128,128,48,4,102.501,164.192,0.6243
westmere,decode_url,256,256,0,0,225.672,238.732,0.9453
westmere,decode_url,256,256,0,1,215.542,237.060,0.9092
westmere,decode_url,256,256,0,2,209.000,316.656,0.6600
westmere,decode_url,256,256,0,3,217.780,232.426,0.9370
westmere,decode_url,256,256,0,4,183.883,314.832,0.5841
westmere,decode_url,256,256,16,0,221.685,312.188,0.7101
westmere,decode_url,256,256,16,1,217.413,301.385,0.7214
westmere,decode_url,256,256,16,2,202.657,328.877,0.6162
westmere,decode_url,256,256,16,3,198.171,311.531,0.6361
westmere,decode_url,256,256,16,4,201.716,322.634,0.6252
westmere,decode_url,256,256,32,0,207.728,314.606,0.6603
westmere,decode_url,256,256,32,1,210.334,309.732,0.6791
westmere,decode_url,256,256,32,2,194.004,311.900,0.6220
westmere,decode_url,256,256,32,3,216.776,265.744,0.8157
westmere,decode_url,256,256,32,4,184.055,306.203,0.6011
westmere,decode_url,256,256,48,0,191.124,261.882,0.7298
westmere,decode_url,256,256,48,1,191.144,310.021,0.6166
westmere,decode_url,256,256,48,2,210.842,324.494,0.6498
westmere,decode_url,256,256,48,3,190.680,293.323,0.6501
westmere,decode_url,256,256,48,4,195.999,285.946,0.6854
westmere,decode_url,1024,1024,0,0,800.625,1079.386,0.7417
westmere,decode_url,1024,1024,0,1,773.441,965.556,0.8010
westmere,decode_url,1024,1024,0,2,676.801,957.104,0.7071
westmere,decode_url,1024,1024,0,3,709.380,881.570,0.8047
westmere,decode_url,1024,1024,0,4,773.011,1160.608,0.6660
westmere,decode_url,1024,1024,16,0,728.993,1116.776,0.6528
westmere,decode_url,1024,1024,16,1,668.791,975.520,0.6856
westmere,decode_url,1024,1024,16,2,818.447,1218.028,0.6719
westmere,decode_url,1024,1024,16,3,829.591,1101.452,0.7532
westmere,decode_url,1024,1024,16,4,732.813,1054.532,0.6949
westmere,decode_url,1024,1024,32,0,720.622,1035.513,0.6959
westmere,decode_url,1024,1024,32,1,810.095,1025.722,0.7898
westmere,decode_url,1024,1024,32,2,746.939,933.101,0.8005
westmere,decode_url,1024,1024,32,3,757.615,1056.776,0.7169
westmere,decode_url,1024,1024,32,4,770.755,1248.912,0.6171
westmere,decode_url,1024,1024,48,0,697.575,1137.269,0.6134
westmere,decode_url,1024,1024,48,1,763.468,1008.665,0.7569
westmere,decode_url,1024,1024,48,2,807.597,1139.734,0.7086
westmere,decode_url,1024,1024,48,3,773.607,1075.959,0.7190
westmere,decode_url,1024,1024,48,4,803.267,1171.994,0.6854
westmere,decode_url,65536,65536,0,0,44198.831,66672.514,0.6629
westmere,decode_url,65536,65536,0,1,40328.440,71423.440,0.5646
westmere,decode_url,65536,65536,0,2,45273.877,64293.136,0.7042
westmere,decode_url,65536,65536,0,3,44020.936,63053.934,0.6981
westmere,decode_url,65536,65536,0,4,40214.144,69890.876,0.5754
westmere,decode_url,65536,65536,16,0,43155.606,70927.274,0.6084
westmere,decode_url,65536,65536,16,1,45200.810,76124.390,0.5938
westmere,decode_url,65536,65536,16,2,43977.943,77217.008,0.5695
westmere,decode_url,65536,65536,16,3,52054.655,82085.932,0.6341
westmere,decode_url,65536,65536,16,4,39543.247,75015.145,0.5271
westmere,decode_url,65536,65536,32,0,50859.775,71883.412,0.7075
westmere,decode_url,65536,65536,32,1,44149.643,67707.010,0.6521
westmere,decode_url,65536,65536,32,2,38670.893,64328.210,0.6011
westmere,decode_url,65536,65536,32,3,52807.857,77454.040,0.6818
westmere,decode_url,65536,65536,32,4,46164.001,79178.333,0.5830
westmere,decode_url,65536,65536,48,0,52138.482,78465.663,0.6645
westmere,decode_url,65536,65536,48,1,47900.141,67461.722,0.7100
westmere,decode_url,65536,65536,48,2,45040.826,73903.550,0.6095
westmere,decode_url,65536,65536,48,3,51939.033,69135.358,0.7513
westmere,decode_url,65536,65536,48,4,43947.039,80864.633,0.5435
# independent scalar byte oracle and output canaries passed
