tier,benchmark,size,baseline_ns,enabled_ns,speedup,baseline_low,baseline_high,enabled_low,enabled_high,baseline_samples,enabled_samples
c2,asciiCharValidation,16,9.370749106548704,15.065210574678003,0.6220124876514704,5.064142070527114,13.677356142570293,12.614783737441405,17.515637411914604,"[[11.402577324106636,8.430866656055233,8.403767049889709],[11.302372796819645,8.355840437795106,8.329070374625896]]","[[16.358170755508155,14.326629287488027,14.335802317150593],[15.739705511661544,15.309983320114535,14.32097225614517]]"
c2,asciiCharValidation,32,11.474465393614155,16.24111655561942,0.7065071760502817,11.283959787222004,11.664971000006306,10.56966490232428,21.91256820891456,"[[11.415491621978871,11.43044952604877,11.543208418310257],[11.453976415300431,11.427610904933868,11.576055475112733]]","[[15.488356197007196,20.36876674553698,15.400275949101628],[15.417747411585003,15.378402950768471,15.393150079717245]]"
c2,asciiCharValidation,64,19.138066988871408,16.009436279756848,1.195424164501692,15.57339089950627,22.702743078236544,15.372794211448777,16.64607834806492,"[[18.594048941763095,18.491342640741514,18.485780172363672],[21.688776812756615,19.087135088996178,18.48131827660737]]","[[15.844287656896318,15.846586697286101,16.436102650301365],[15.90571925119467,16.086495965437404,15.937425457425228]]"
c2,asciiCharValidation,128,32.5848008846056,17.136037305489413,1.9015365281777998,30.969928651756597,34.1996731174546,16.1313906837454,18.140683927233425,"[[32.319719191512576,31.88729983292145,32.560636178378076],[32.19434739248498,33.26966112611615,33.27714158622039]]","[[17.469578982324347,17.274430892948857,17.59840718633328],[16.76426926737158,16.830781305671895,16.878756198286517]]"
c2,asciiCharValidation,256,57.334323130170645,18.654313791485706,3.0735155294932084,51.71542233327521,62.953223927066084,17.999306718488725,19.309320864482686,"[[61.07301904799656,58.190406129627014,56.39210880860812],[56.20192353558816,56.17097672623915,55.977504532964886]]","[[18.582932026639774,19.028453699607976,18.837602573278986],[18.40240782308206,18.496845629513714,18.577640996791732]]"
c2,asciiCharValidation,512,108.81859210123113,22.083658572725895,4.927561787050356,92.72650128333521,124.91068291912705,20.89016869681861,23.27714844863318,"[[106.89063685600705,105.54948614092945,107.22311531535776],[106.48632839286455,120.47455593533017,106.28742996689779]]","[[21.789233099995236,21.904778496579475,22.08959250610685],[21.89913178860731,22.92944609167216,21.889769453394337]]"
c2,asciiCharValidation,1024,210.62787368800866,32.730483946735895,6.435220268382677,177.6295934982804,243.62615387773693,32.09264646240899,33.368321431062796,"[[203.34551497040027,203.96151245580592,204.60062836551427],[215.26759682659744,232.77775608667764,203.81423342305646]]","[[32.802080983861714,33.02047165117477,32.64630324864793],[32.336402479577366,32.7770847760264,32.8005605411272]]"
c2,asciiValidation,16,12.940052517857373,5.130736262199978,2.5220654223043,8.571919419964676,17.30818561575007,3.6939470461696704,6.567525478230285,"[[14.794004086746316,12.04307573606804,12.280067864241603],[15.06472981742683,11.795015605629686,11.66342199703176]]","[[5.6253705722904845,4.8131200918513715,4.820283006440548],[5.934422395700205,4.786234049617688,4.804987457299569]]"
c2,asciiValidation,32,20.874620759850494,4.48224164451431,4.657183261281408,19.702050584653083,22.047190935047905,4.385962280708614,4.578521008320005,"[[20.67987846606135,20.8938087562588,20.797805986971554],[20.67148819565119,20.517115478465104,21.687627675694966]]","[[4.452171524072356,4.469089323100263,4.5492514446239305],[4.475163209479843,4.465611873612114,4.482162492197353]]"
c2,asciiValidation,64,40.08053271250895,4.535740497937357,8.83660181413282,36.54246400930445,43.61860141571344,4.466157946674961,4.605323049199753,"[[39.13464282644202,39.18261074015595,41.15418058277155],[40.69187420136639,38.62379442179878,41.69609350251901]]","[[4.514361266975489,4.543681500387145,4.535075903363629],[4.577449617939411,4.507149717359153,4.5367249815993125]]"
c2,asciiValidation,128,80.37688458879188,5.655670042622978,14.211735122990806,58.94238007512962,101.81138910245414,4.735326356966215,6.57601372827974,"[[76.9142394884132,90.32625666988005,89.7216076686743],[73.7442989990803,77.71782860250804,73.83707610419543]]","[[5.498758384129785,6.075933416703791,6.055381914847346],[5.382138253808975,5.576852696665371,5.344955589582601]]"
c2,asciiValidation,256,147.45248280957603,7.612206991577087,19.370529857205973,142.19295646557305,152.712009153579,7.4575088440442,7.766905139109974,"[[147.75275525203435,148.647104729434,150.35925572877184],[146.20047521156826,145.13771384181936,146.61759209382834]]","[[7.570334803381777,7.553776216644812,7.567955158054589],[7.679681668365698,7.633898584653623,7.66759551836202]]"
c2,asciiValidation,512,310.89044074388,12.493942056171408,24.88329458758095,259.6009118940297,362.1799695937303,11.132484561397918,13.855399550944897,"[[306.91758430305595,339.2569904490957,327.48933610726436],[295.8275800948287,300.53799642916084,295.3131570798744]]","[[12.870420429122712,12.925541364689483,12.995045631860043],[12.080619150832678,12.162971452140425,11.929054308383108]]"
c2,asciiValidation,1024,598.667721389316,18.995851279728285,31.515709013167175,535.9027273655294,661.4327154131025,17.671230208077784,20.320472351378786,"[[642.28329058733,602.0295076128573,591.6201464768767],[584.5961806792109,587.8931213017752,583.5840816778457]]","[[19.230169973710932,19.19034473770957,19.743068302786988],[18.55488428514512,18.62958478348666,18.62705559553044]]"
c2,base64Decode,16,23.00013243623327,24.3458231982453,0.9447260110675157,18.77174967980143,27.228515192665107,18.851883797263746,29.83976259922685,"[[25.413181342417264,22.24430176948458,21.795043898472525],[24.343932317515996,22.32991522708719,21.874420062422054]]","[[26.906324985420948,25.106103019672965,24.93120557805104],[25.14528180527298,22.041578614006735,21.94444518704713]]"
c2,base64Decode,32,11.519483420611227,11.614401922499274,0.99182751703261,11.225074465473401,11.813892375749052,11.479866028402455,11.748937816596094,"[[11.46225477141793,11.563845985884992,11.427256481700844],[11.421080803703788,11.695313111009636,11.547149369950167]]","[[11.627897380108829,11.615948255967544,11.631308940977535],[11.54666847741252,11.686194190359377,11.578394290169843]]"
c2,base64Decode,64,14.561924026415618,12.751026121547412,1.142019778455951,8.685790929783527,20.438057123047706,12.108507730012644,13.39354451308218,"[[12.593876227117931,12.647055703694873,12.712453084756568],[16.495376177445706,16.603930707613223,16.3188522578654]]","[[12.633773820961197,12.498761422794813,12.637119175788355],[12.673186934041619,12.966192788153831,13.097122587544654]]"
c2,base64Decode,128,13.613096036744794,13.541104986661743,1.0053164826765588,13.030550794453141,14.195641279036447,13.087955420353278,13.994254552970208,"[[13.713164659812197,13.822981769341835,13.582508339220094],[13.3691567105976,13.819711174650696,13.371053566846344]]","[[13.675004454384036,13.801186896187648,13.457765910353553],[13.403676224253669,13.500124758453211,13.408871676338348]]"
c2,base64Decode,256,15.39378443760993,16.05388936533535,0.9588819311816883,14.737328730724109,16.050240144495753,14.888600848207945,17.21917788246276,"[[15.651021914029648,15.65372493129931,15.489317937956349],[15.249917362418515,15.142956848647302,15.175767631308457]]","[[16.452232406395904,16.419519305459012,16.423527869161372],[15.628259964431361,15.663517141652765,15.73627950491169]]"
c2,base64Decode,512,19.161780911602808,21.556470786183983,0.8889108565899394,18.023602024264143,20.299959798941472,15.387352537380009,27.725589034987955,"[[19.198051748910142,19.893422288935174,19.29143152547152],[18.832432663184093,18.89158920310528,18.86375804001063]]","[[20.013801905262792,21.717915077758466,25.81789313855223],[20.16266019721938,20.27185290855808,21.35470148975295]]"
c2,base64Decode,1024,28.969224613930066,29.905262063580473,0.9686999081412384,28.3797315159718,29.55871771188833,28.8259876593809,30.984536467780046,"[[28.703353339712677,29.29678335233053,29.06671183729687],[28.861437009303565,29.04486088537298,28.842201259563765]]","[[30.284918312426058,30.41337072794087,29.941156232092954],[29.504521737573775,29.78477294376807,29.502832427681113]]"
c2,base64Encode,16,19.57949142515373,19.809503587767633,0.9883887972459877,15.51440016719758,23.64458268310988,15.647006478647576,23.97200069688769,"[[20.988370696846655,18.315474651712197,18.584102453805915],[21.80746258095349,18.787267923450443,18.99427024415368]]","[[21.35194800463039,18.70610384650941,18.70225141557271],[22.035990094457304,18.923066933546384,19.137661231889595]]"
c2,base64Encode,32,32.65015279089697,29.67352830524535,1.1003124554327248,18.331658254108383,46.96864732768555,28.02490026565736,31.322156344833335,"[[29.524583990431875,29.179307986172212,29.182845029239765],[38.51623905345986,39.91146725412198,29.5864734319561]]","[[29.207056718416556,29.11486540307562,29.13637217706141],[30.12531733356511,30.44005259362732,30.01750560572607]]"
c2,base64Encode,64,22.75147090990606,23.09845926593279,0.9849778570928975,20.077477832684018,25.425463987128104,21.62325000168231,24.573668530183266,"[[22.1714211269202,22.222532211219512,22.11637094719008],[22.79156510465636,22.585258028147543,24.621678041302676]]","[[22.579744023929756,22.71281697603351,23.966219503119888],[23.48448049005697,22.885575567751197,22.961919034705407]]"
c2,base64Encode,128,31.33364628603274,31.493391545640396,0.994927657779374,30.366364218356413,32.30092835370906,29.298320319891612,33.68846277138918,"[[31.683274059626303,30.844942042180037,31.12607479778293],[31.420392448184874,31.73697289972728,31.190221468695004]]","[[30.741759961507825,30.745660634370637,30.92119236626701],[32.51425933563523,32.113967338136,31.923509637925672]]"
c2,base64Encode,256,25.019474388650238,25.60823332643472,0.9770089982280534,24.09120473572972,25.947744041570758,24.20128079871776,27.01518585415168,"[[25.160331233691267,24.73385434558571,24.507277568536686],[25.20553194070145,25.393934530189284,25.115916713197024]]","[[24.874942955908676,25.064361160863477,26.008834251695927],[25.96725324497714,25.836456407155474,25.89755193800763]]"
c2,base64Encode,512,35.84614595697497,36.204580047819,0.9900997583628754,34.19124862984277,37.501043284107176,33.54014653068513,38.86901356495287,"[[35.15194617584127,36.46142649994302,36.55238030605864],[35.30714092044892,36.01142187781453,35.592559961743454]]","[[35.46273282137273,35.58340619672029,35.09781198141562],[37.48591160427687,36.848252255646564,36.749365427481926]]"
c2,base64Encode,1024,34.50606517553946,35.60330203218558,0.9691815985030205,30.498568393281854,38.513561957797066,29.991233526252323,41.21537053811884,"[[33.168401843421755,33.60865117643367,32.98481715343527],[35.486954466766484,36.388377909410096,35.39918850376948]]","[[34.16480684382059,34.25009986798273,34.818328229737936],[34.37371182051718,39.11273011469738,36.90013531635767]]"
c2,charArrayCodePointCount,16,8.346052840926195,18.417350495394743,0.4531625134143548,6.327112425621694,10.364993256230695,16.007453381630487,20.827247609159,"[[9.22233795706887,8.335280649462039,8.305365061374149],[9.092555347517731,7.437178825695498,7.683599204438878]]","[[19.580070400755694,17.586171074689698,17.92048104132106],[19.398771690813334,18.240530115105578,17.778078649683103]]"
c2,charArrayCodePointCount,32,12.286906776920052,19.463993233782254,0.6312634118467814,10.117176864771874,14.45663668906823,18.096210622967124,20.831775844597384,"[[12.805897560476653,13.37080877750312,12.710800334866551],[11.607647465803362,11.602409644138662,11.623876878731966]]","[[19.812289834019314,19.03707704540085,19.20813567628478],[19.27331830225099,19.158110613904917,20.29502793083269]]"
c2,charArrayCodePointCount,64,21.401634490237438,20.26788803831321,1.0559380656623454,19.838881206644505,22.96438777383037,19.51724804940627,21.01852802722015,"[[21.747316262706512,21.735026238915196,21.901593189596145],[21.645433309726947,20.707685330087635,20.67275261039219]]","[[20.16605432844067,20.44325164143084,20.729295754942108],[20.0180410805141,20.14979759365707,20.100887830894475]]"
c2,charArrayCodePointCount,128,39.5607711026351,27.493715363804423,1.4389023301927757,37.07351803884837,42.04802416642183,21.86487661290766,33.12255411470119,"[[40.253424062894396,40.512426621447574,40.32909136600772],[38.82111382848018,38.64874926717512,38.799821469805615]]","[[26.6617749036559,31.589678239363263,26.604329330891407],[26.752843998243318,26.713575049535798,26.640090661136846]]"
c2,charArrayCodePointCount,256,74.9947385074383,45.01165822317403,1.6661181006841386,73.14469298423721,76.84478403063939,43.030330378498384,46.99298606784968,"[[76.21503997442855,74.92344253197653,74.86064088417615],[74.24870006679235,74.67137074530736,75.04923684194888]]","[[45.975199813829924,44.73408205738594,45.84050562033555],[44.353699251249765,44.62613337026693,44.540329225976095]]"
c2,charArrayCodePointCount,512,147.21126025240804,80.72326144811979,1.8236535245422358,142.3807890672706,152.04173143754548,74.9668006884004,86.47972220783917,"[[150.18468242852128,146.46465984663706,145.85175361735384],[147.52052637548294,147.80658662817308,145.43935261828003]]","[[80.41731524226246,83.45661944088945,82.75122161924433],[80.5346003385292,78.23307544049207,78.9467366073012]]"
c2,charArrayCodePointCount,1024,294.69585219965313,156.0343907828409,1.8886596135706568,284.2513107794442,305.14039361986204,149.62675184388237,162.4420297217994,"[[296.0795696445044,300.24620379725206,293.59372681499207],[289.47378430324136,292.3943675130579,296.3874611248709]]","[[157.57234162068266,156.60041497863344,158.38503773143316],[153.5361727961614,157.26306952689094,152.84930804324367]]"
c2,charsetAsciiEncode,16,12.296960441400568,12.253744345957767,1.0035267665313303,9.715664874341668,14.878256008459468,9.310925626592512,15.196563065323021,"[[13.425002857057278,12.04135015063181,11.576995131254497],[13.503329247952928,11.64939309051546,11.585692170991434]]","[[13.519167253132837,11.621330515380278,11.604893365773142],[13.69283869046496,11.558383150905271,11.525853100090115]]"
c2,charsetAsciiEncode,32,12.406519784259519,11.960257834455485,1.037312067681219,11.845566255045716,12.967473313473322,11.5577008007357,12.362814868175269,"[[12.048583591237207,12.33246606631545,12.542225577572923],[12.457073559547378,12.441871657840377,12.616898253043779]]","[[11.792692326237031,11.85495492135877,11.846117456774856],[12.098908294200022,12.064670783928342,12.104203224233888]]"
c2,charsetAsciiEncode,64,12.661640083508738,12.497919008717924,1.0130998668399605,12.372989828031237,12.950290338986239,12.17886221336582,12.816975804070028,"[[12.636120826837432,12.629821480340317,12.543937457612724],[12.633821984323873,12.852822740476949,12.673316011461136]]","[[12.597721796821698,12.578254734446457,12.592637923237165],[12.492691267624817,12.324604283512247,12.401604046665158]]"
c2,charsetAsciiEncode,128,17.5174677509822,14.285376726236482,1.2262517178710217,17.159249815257215,17.875685686707182,12.506095782555873,16.06465766991709,"[[17.315229651362486,17.576287318659677,17.43091565653395],[17.5506329369047,17.547770437242452,17.683970505189915]]","[[13.994137518359127,14.029315533314094,13.991173410312543],[14.031570573076163,15.578616661858158,14.087446660498811]]"
c2,charsetAsciiEncode,256,17.21664901330249,17.91731919559561,0.9608942512747467,15.560579383764615,18.872718642840365,16.23939137403186,19.59524701715936,"[[17.719645908595982,17.618771016316245,17.90762999285496],[16.682739924699852,16.65005264164993,16.721054595697964]]","[[17.347506993884455,17.363799285018505,17.41569616097428],[18.45245867752227,18.345424954527545,18.579029101646597]]"
c2,charsetAsciiEncode,512,22.006760200661965,23.207100317882027,0.9482770315645531,17.79127851539974,26.22224188592419,22.15623733656273,24.257963299201325,"[[20.624119003493405,20.633849842822357,20.656054812501406],[23.55771165762783,23.220984121749872,23.34784176577693]]","[[22.87092778824316,22.909625212654838,22.818469843734807],[23.521393104698685,23.55011154766446,23.572074410296214]]"
c2,charsetAsciiEncode,1024,31.664007888748568,30.152949040503174,1.0501131364038607,29.27803496121551,34.049980816281625,29.60579364252759,30.700104438478757,"[[32.20532225744251,32.57669519741912,32.404114885480126],[31.409610397925537,30.68759269837145,30.70071189585266]]","[[29.87304551738339,30.451039951594097,30.153979900807695],[30.12338308514732,30.05270021914152,30.26354556894501]]"
c2,charsetDecode,16,57.206152152740415,40.20262548453276,1.4229456773849125,39.04223383529696,75.37007047018386,31.69553166584533,48.70971930322019,"[[63.09540105550372,52.425948173733126,52.28256892994663],[67.53861236334606,54.01322887571473,53.881153518198225]]","[[42.66452459625324,37.88743566856278,38.294350508358264],[45.25542856760118,38.61834681634509,38.49566675007601]]"
c2,charsetDecode,32,88.2367411839658,58.96275985045473,1.4964825494559226,78.59259595753575,97.88088641039586,56.867207901851735,61.058311799057726,"[[86.19929186418389,86.31460026320757,85.74885733318948],[90.08375477294408,86.59290340598125,94.48103946428857]]","[[58.82984147538759,59.86438369264424,59.12573928509006],[59.62218318683157,58.50957592978586,57.82483553298904]]"
c2,charsetDecode,64,153.45201439272597,82.88553593288856,1.8513726510373807,143.2405787002456,163.66345008520634,79.58919377124204,86.18187809453508,"[[151.90680103812264,151.246069629954,151.0848692676848],[160.67874588718823,152.347677338976,153.4479231944302]]","[[81.6692006185224,81.99080580026212,82.146335401485],[82.91624689101067,84.5263636739589,84.0642632120923]]"
c2,charsetDecode,128,291.897968372446,131.79311041463325,2.2148196324838842,273.0992708698946,310.69666587499734,127.06176359428018,136.52445723498633,"[[283.262591179457,292.5137947449425,302.14825750185804],[286.77111762651106,296.01142369033965,290.6806254915675]]","[[129.80371647459913,133.11527593549056,129.47366039043578],[132.77181453472042,133.09244363055504,132.50175152199853]]"
c2,charsetDecode,256,562.5485638415754,227.47347029020045,2.4730293300748487,528.9463164138109,596.1508112693399,220.73151676375372,234.2154238166472,"[[570.8511520842354,574.2472790400126,568.9570643807057],[544.7603541767512,565.9026066819171,550.5729266858302]]","[[228.26333324218146,225.53054490745538,224.391246176085],[226.69844682960394,230.9405949726403,229.01665561323668]]"
c2,charsetDecode,512,1120.379494170058,428.57490870209733,2.614197591648639,1055.7458916267958,1185.0130967133202,396.65406503466363,460.49575236953103,"[[1127.4289139422872,1106.0004196530133,1110.5999778233631],[1112.286298068915,1163.9734469389596,1101.98790859381]]","[[415.6367511257756,434.8568531930044,413.3833031257612],[437.4759566705073,430.1896091065292,439.90697899100616]]"
c2,charsetDecode,1024,2199.1389322173522,820.7208478012956,2.6795212258940753,2140.0483270336435,2258.229537401061,792.1121596859861,849.3295359166051,"[[2214.7503372028746,2197.3856331044167,2202.615125791696],[2204.922932992868,2216.395127024874,2158.764437187384]]","[[809.8882966875617,805.9868154158215,824.4856986092226],[825.4156509520351,827.9622538564555,830.5863712866773]]"
c2,codePointCount,16,7.543764788642213,18.93328051004508,0.3984393927211852,4.22148775547082,10.866041821813607,14.14086374785203,23.72569727223813,"[[9.395386322811252,6.90015116151361,6.870685555680562],[8.688271467314502,6.6700598051860975,6.738034419347255]]","[[20.03825204176748,17.75962656053156,17.806459332014914],[21.894418042864803,17.598489006757415,18.50243807633431]]"
c2,codePointCount,32,11.605337144274314,19.102473775046782,0.6075305890190075,10.607882988730626,12.602791299818001,18.428211308333097,19.776736241760467,"[[11.719057087769537,11.792800168786147,12.131286159323542],[11.553233381492472,11.267181726948296,11.168464341325889]]","[[19.04296098482456,19.2615239821984,18.84532734190303],[19.343122463200473,18.80331584946491,19.318592028689327]]"
c2,codePointCount,64,20.40954732700384,20.280115295695413,1.0063822137804068,18.75244086756032,22.066653786447358,19.619214245893467,20.94101634549736,"[[21.46391275479673,20.47497245963796,20.611789717072142],[19.92553071457298,20.03398167901117,19.947096636932052]]","[[20.47220114488119,20.486515998389187,20.038339189383873],[20.119038248309746,20.520861721628044,20.04373547158044]]"
c2,codePointCount,128,39.712503419039365,27.037260780259103,1.468806464596995,36.27085740755557,43.15414943052316,25.535482566046902,28.539038994471305,"[[39.559124980153044,42.160185077612375,39.34808910971238],[38.98107959786556,38.857327358046845,39.369214390845976]]","[[27.095609390923585,27.441881141595236,26.586830893146548],[27.855380868166442,26.77962442042665,26.46423796729617]]"
c2,codePointCount,256,112.0089295139216,44.404819245735425,2.522449847032736,-6.589328081222064,230.60718710906525,42.4765320690394,46.33310642243145,"[[75.22895990338237,75.92740572551077,75.9129818991262],[172.72430032018383,127.88244186574735,144.3774873695791]]","[[43.81843276839372,44.55504351914162,44.87229884655809],[43.68458160578033,44.03398845008271,45.46457028445607]]"
c2,codePointCount,512,147.5573619692091,85.06772143850995,1.734586979338208,145.17808187904066,149.93664205937753,77.64628004988336,92.48916282713654,"[[147.41158073057332,149.02597283891728,147.5842482719191],[146.9996360172657,147.79226598266177,146.5304679739174]]","[[80.37521599030501,87.90644262915232,84.4182989682034],[86.65846506597448,86.41133061030094,84.63657536712354]]"
c2,codePointCount,1024,305.91683422047663,160.5930981729045,1.9049189392380212,279.21410964298025,332.619558797973,150.3764443534774,170.80975199233157,"[[300.58118031901324,298.67793461112916,300.2872623038313],[305.5149980783426,324.373225073328,306.0664049372155]]","[[156.00905925970582,159.8899996966654,161.8566517059426],[166.9202563926937,159.97972115995924,158.90290082246028]]"
c2,encodedLength,16,12.8429147639935,31.516967607011296,0.4074920824913515,8.36113336474326,17.32469616324374,27.565960626366238,35.46797458765636,"[[13.995851362254975,11.580387644032381,11.699491634734434],[15.57257319258864,12.100778999486215,12.108405750864359]]","[[33.679630410555546,30.85911946828919,30.46614770748076],[32.89394144934982,30.865647195712942,30.337319410679527]]"
c2,encodedLength,32,19.71565081414117,48.58378507581711,0.40580722114125195,19.10216976608695,20.329131862195393,47.842546001689556,49.32502414994467,"[[19.845988270841826,20.06087198506484,19.561928481531336],[19.610840325934163,19.457175792372848,19.757100029102013]]","[[48.72628101425336,48.244701413727185,48.322650567643066],[48.74163131195389,48.53877774174927,48.92866840557591]]"
c2,encodedLength,64,35.57259071905957,22.985340108871462,1.5476208118116952,29.417340848515458,41.72784058960368,22.469892637925962,23.50078757981696,"[[37.295670201975824,39.203650325311,34.7104382681631],[34.63365051439486,33.79352968404601,33.798605320466635]]","[[23.26907943044583,23.0996965982331,22.88321942926866],[22.9609723104295,22.966677322902758,22.732395561948913]]"
c2,encodedLength,128,66.68675730494893,26.809325259225186,2.4874463143007217,43.33699455015481,90.03652005974304,25.95511210625092,27.663538412199454,"[[83.55153582308172,63.76182606636399,64.91920258365074],[63.41251263051532,62.60195994604804,61.87350678003376]]","[[26.909217480832513,27.38430948580353,26.60336329332322],[26.722320447944874,26.603111246735132,26.63362960071185]]"
c2,encodedLength,256,123.58489814884977,34.68489472314366,3.5630754867590007,117.68550490718403,129.48429139051552,32.67821993984083,36.691569506446484,"[[122.47547658934445,127.71262619048834,122.6626120319327],[123.22414666971757,123.546170744734,121.8883566668816]]","[[34.64392301232539,34.25273596547874,34.35016140405753],[34.457819548432404,36.11691734867582,34.28781105989206]]"
c2,encodedLength,512,244.46947985256313,50.36474087741013,4.853980693509612,198.13744904482698,290.8015106602993,47.590296750347285,53.13918500447297,"[[277.946330081788,240.11156048993212,235.91245819781025],[240.3295748760045,236.43598327545217,236.08097219439173]]","[[51.73885411144239,50.769662710584086,51.14708229984235],[49.46021435787737,49.676933107211646,49.39569867750294]]"
c2,encodedLength,1024,474.4771575041482,79.82578581160203,5.943908383488619,451.98718084586767,496.9671341624287,77.24592227610309,82.40564934710098,"[[487.9424109274072,470.26313070593983,477.33908384753613],[469.9229347469156,476.40041379310344,464.99497100398696]]","[[81.43362964239664,80.09261669064772,80.0120161002961],[79.35670967205257,79.1941947395263,78.86554802469286]]"
c2,latin1CharsetEncode,16,13.067833283456945,12.593119969570276,1.0376962432688448,10.321774305135554,15.813892261778337,10.059558775818974,15.126681163321578,"[[14.618893327788884,12.392633572372464,12.546401570783921],[13.987700252363753,12.390582624555806,12.470788352876841]]","[[13.774128323191341,12.167545119080248,11.939875853157773],[13.733007976922043,12.035903584614749,11.908258960455502]]"
c2,latin1CharsetEncode,32,12.387715328745948,12.199059329389579,1.01546479890477,11.895091061898029,12.880339595593867,11.42118002738529,12.976938631393867,"[[12.304980035804476,12.163974072388012,12.29563015023446],[12.3701778420914,12.56378092972053,12.627748942236812]]","[[11.916140713897658,12.06146116825344,11.910679838257963],[12.38839758652818,12.332755901943234,12.584920767457]]"
c2,latin1CharsetEncode,64,12.781150775307813,12.377224045071586,1.032634678726452,11.638827646636614,13.923473903979012,12.179458275375156,12.574989814768015,"[[13.167947616543014,13.23145294796173,13.005059942900143],[12.309216099767779,12.362156130535434,12.611071914138776]]","[[12.347759754990925,12.347829045911014,12.281097997665087],[12.490031252615141,12.410179308335053,12.386446910912289]]"
c2,latin1CharsetEncode,128,13.736684572715419,15.580650273402908,0.8816502733627718,13.472796094828176,14.00057305060266,9.496521941033354,21.66477860577246,"[[13.782611250612756,13.616304656276299,13.688345741954166],[13.703002844263175,13.73757417662421,13.89226876656191]]","[[13.583696763258184,13.581960026207787,13.635550638216294],[17.585595847097025,17.603496132136932,17.493602233501225]]"
c2,latin1CharsetEncode,256,16.114864759423845,17.810105500033337,0.9048157945720019,15.58400017833302,16.64572934051467,16.479970371707847,19.14024062835883,"[[16.318497886123918,15.973716889496949,15.902152951474845],[16.018321505156376,16.11020607151623,16.36629325277475]]","[[17.171719038626858,17.442103826054886,17.56998411641929],[18.174937105559938,18.2869067839246,18.214982129614455]]"
c2,latin1CharsetEncode,512,22.59451255593231,23.494399170739822,0.9616978238827133,21.934352245772597,23.254672866092026,11.162178645724861,35.826619695754786,"[[22.31989882155374,22.462800400068538,22.86154508083531],[22.374655784857847,22.784412147706767,22.763763100571662]]","[[32.450071278146766,22.071318470390757,22.063372119281386],[21.414838726646494,21.403287636214483,21.563506793759043]]"
c2,latin1CharsetEncode,1024,28.89752705437401,29.332750384610158,0.9851625461462183,27.763792291458635,30.031261817289383,22.63050720391098,36.034993565309335,"[[28.51815872798925,29.578556276123628,28.75612233032288],[28.55597887351858,29.156236221192014,28.820109897097716]]","[[27.380786907328027,27.104526252001786,26.98225173620513],[31.40514649129538,31.440384380530322,31.683406540300307]]"
c2,latin1Decode,16,42.18123022670133,64.95872712374191,0.6493543222660288,36.1875655186072,48.17489493479546,58.240092722237705,71.67736152524611,"[[41.53120867226654,39.248623721221115,43.55789605032269],[43.362189893160526,40.45716442216419,44.93029860107295]]","[[68.42795437091938,63.365566165476984,64.43866092074566],[67.25143781102211,64.12056668974654,62.148176784540816]]"
c2,latin1Decode,32,59.346784040891706,66.09539580851218,0.8978958869211985,36.50585240391646,82.18771567786695,58.52316398635359,73.66762763067078,"[[55.59105349388603,59.55945536759179,54.520584877401035],[57.41189418318077,75.3950680848181,53.60264823847249]]","[[71.4099404831502,66.30181706006843,64.1499255704557],[64.83969702875042,64.69098261900378,65.18001208964459]]"
c2,latin1Decode,64,85.02078966041154,74.48376727854185,1.1414673662043047,77.04103327657232,93.00054604425075,72.54220400036232,76.42533055672138,"[[83.63952003232285,82.89072128257442,83.2980572584381],[90.5892761854803,84.77617392393833,84.93098927971523]]","[[74.42224581591668,73.8628365183223,73.93442590272451],[74.38405876214773,74.5133403299622,75.78569634217763]]"
c2,latin1Decode,128,149.08204011299983,98.44177059555125,1.5144185157488128,143.36110122963544,154.80297899636423,96.76053332908936,100.12300786201314,"[[150.5275682648117,151.09602159700307,145.76790280492438],[148.0306465558651,150.57568764582783,148.49441380956688]]","[[98.06735031250795,98.14169289810702,99.54400393575574],[98.15437173598377,98.01127424402867,98.73193044692437]]"
c2,latin1Decode,256,279.62779666832495,167.27380516177243,1.6716771427414692,259.87005992935013,299.38553340729976,163.7242240532129,170.82338627033195,"[[273.05892118671096,273.26987435712044,282.78543870969486],[280.85619595572155,276.2597455616732,291.53660423902863]]","[[169.62757523976296,166.68522657117134,166.76279999866796],[166.60031679578205,167.77132022504844,166.1955921402018]]"
c2,latin1Decode,512,538.63974345412,310.97175549144583,1.7321178979836218,514.335096368413,562.9443905398269,302.9003893177196,319.04312166517207,"[[536.7423089291457,522.5931354679304,542.4690756830541],[543.7262220774638,547.2296130773517,539.078105489774]]","[[314.2051657761058,310.81558275621086,311.68824840050786],[307.64645418938636,307.63401116439684,313.8410706620672]]"
c2,latin1Decode,1024,1158.4829801942085,650.2717210388472,1.7815367679582683,969.0887749042806,1347.8771854841364,597.28377656999,703.2596655077044,"[[1102.8473727096548,1103.933441092336,1085.3210887891987],[1226.7573615874571,1208.869591205288,1223.1690257813168]]","[[670.9621784565917,661.8554073604313,668.2504970444204],[639.4959961914992,632.0234813777088,629.042765802432]]"
c2,latin1Encode,16,26.51741175936181,46.75364366100831,0.5671731587730102,23.431562977319444,29.603260541404175,43.060419373383795,50.44686794863283,"[[27.2904792267846,25.592306149348072,25.90974738206826],[28.368851038083456,25.648745663275523,26.294341096610946]]","[[48.428706279689095,46.34891230212513,45.326422623845794],[48.27556005541228,46.52855951182885,45.61370119314872]]"
c2,latin1Encode,32,48.576054035903454,34.78012954523328,1.3966611013546655,44.450236167122796,52.70187190468411,32.748881904042406,36.81137718642415,"[[47.81870838792481,46.753772128474345,47.72443656560532],[48.551076203950416,49.96444914886464,50.643881780601205]]","[[35.60719432543821,34.410262453817964,33.837779056657034],[35.62212565809157,34.86818180394008,34.3352339734548]]"
c2,latin1Encode,64,83.99117246088679,37.04757956690789,2.267116325621187,79.54670346693246,88.43564145484112,34.88707135740807,39.208087776407716,"[[84.07399176927093,84.8181534128677,81.86522625756541],[84.2029848136341,86.3373254298906,82.64935308209202]]","[[36.34718975845018,36.350119162472566,36.34023793928684],[37.764345719644666,37.66091529622146,37.82266952537164]]"
c2,latin1Encode,128,156.5222090791147,44.81325766847474,3.492765695300591,146.38514406704394,166.65927409118547,44.02160075795768,45.6049145789918,"[[163.6802391999647,154.8886574342558,154.3319988583564],[156.79315716385827,154.90003124023744,154.5391705780156]]","[[44.92433482421235,44.72871695703242,44.680330657957626],[44.41376663322947,45.258286524252554,44.874110414164015]]"
c2,latin1Encode,256,306.9492433363122,75.4782356340818,4.0667252057189165,289.4315719820847,324.4669146905397,74.46924808939752,76.48722317876607,"[[302.3455533110493,316.18607668461823,306.4337286378055],[299.12245940271134,311.9824151906111,305.62522679107775]]","[[75.74035307160499,75.37362199065485,75.97826253343062],[75.59267150774656,75.034829411703,75.14967528935077]]"
c2,latin1Encode,512,604.3177083608751,164.95391070275963,3.6635549032228254,592.9863812098736,615.6490355118767,132.93578945592702,196.97203194959224,"[[611.6953940497059,603.855567329732,605.4949278779305],[602.9437213278588,600.1986241858068,601.7180153942168]]","[[156.09363695165953,155.38531622844746,152.53673502956164],[172.66548188087904,177.03656016896474,176.0057339570454]]"
c2,latin1Encode,1024,1211.0768243975197,361.2943595036153,3.3520501844020654,1147.8040172741507,1274.3496315208886,246.90990731467076,475.6788116925598,"[[1201.8252054465838,1209.6360046373452,1222.241873895109],[1173.723058172784,1240.8721520926888,1218.1626521406076]]","[[326.9221260536485,323.3891800261539,322.1309226307911],[397.4627335846062,402.55083887357006,395.31035585292204]]"
c2,latin1EncodedLength,16,11.393938795424415,17.62409156840373,0.6464979344439709,10.15601789476366,12.631859696085169,14.701720695629737,20.546462441177727,"[[10.535073583640754,11.773314012285564,11.620115100180044],[11.36839635545133,11.566130736693264,11.500602984295528]]","[[19.338822121070237,17.932169312490156,17.62635060815956],[17.775285784902323,16.490120993671766,16.581800590128346]]"
c2,latin1EncodedLength,32,14.795710320278133,21.464052758893047,0.6893251002724978,14.565641677668738,15.025778962887527,19.898706459915907,23.029399057870187,"[[14.92139970002001,14.779632140674304,14.8540287502027],[14.759804931596653,14.68390030197171,14.775496097203419]]","[[21.91068546293192,21.770494799913667,22.159766374571976],[20.784246137497615,21.186393161481796,20.97273061696131]]"
c2,latin1EncodedLength,64,23.090154555317188,13.034192925470128,1.7715062748685189,22.633873933611248,23.546435177023127,11.609658965850269,14.458726885089987,"[[23.19957699524884,23.002247662293392,23.359492978824047],[22.968207817373056,22.93154089988634,23.079860978277452]]","[[13.173898786968294,13.216510997550705,13.884648399433619],[12.485972040838261,12.624839038699282,12.819288289330611]]"
c2,latin1EncodedLength,128,37.79246355284119,13.091775493127601,2.8867332450575534,36.4108294276532,39.174097678029185,12.285525296654392,13.89802568960081,"[[38.61418345621545,37.89909065795797,38.02397997213627],[37.5353691041966,37.341285895731026,37.34087223080982]]","[[13.45797341219483,13.275608759035848,13.302290141627738],[12.832637575096529,12.776808303157575,12.905334767653084]]"
c2,latin1EncodedLength,256,67.79405005747682,15.979376682890368,4.242596654603311,65.13571447248732,70.45238564246633,10.668878418075373,21.289874947705364,"[[68.60918952942119,68.56909624983739,68.77778563552299],[66.83920870879489,66.84650562256824,67.12251459871628]]","[[14.084999522589934,14.206343123170052,14.488146051220195],[17.51616155661718,17.6241662267272,17.95644361701765]]"
c2,latin1EncodedLength,512,128.60501167168877,16.1775928618167,7.949576477179732,122.47162621889358,134.73839712448395,15.145273075337322,17.209912648296076,"[[129.53324034698937,128.2479800832171,129.3875896992049],[125.10939684610223,127.70043394486872,131.65142910975035]]","[[16.40188477573684,16.502143841614565,16.6113159985207],[15.796752050948518,15.814339342386848,15.939121161692734]]"
c2,latin1EncodedLength,1024,248.04049360686292,19.719813430429173,12.578237338904918,232.25520447736375,263.8257827363621,18.767792363264487,20.67183449759386,"[[246.02453397001787,244.67307137865825,259.3249286738778],[247.28498911181012,246.4391772010168,244.49626130579662]]","[[20.082400153088713,19.905356859624177,20.081128994260794],[19.36632799589224,19.455222698842103,19.428443880867007]]"
c2,latin1ToChars,16,8.102121087147992,8.665773071311724,0.9349565261488653,3.7089010510541884,12.495341123241797,3.8416550840977495,13.4898910585257,"[[9.997570712591639,7.247222615806714,7.062948999180307],[10.239978999068784,7.103658864792196,6.9613463314483175]]","[[9.898332800739182,7.454785042856523,7.023143304971739],[11.53696666092847,7.830320054784152,8.25109056359028]]"
c2,latin1ToChars,32,9.387097580988755,9.149404372484845,1.0259790909688862,8.529664596897206,10.244530565080304,8.8715797068283,9.427229038141391,"[[9.176249843329808,9.115165280850249,9.97450400637243],[9.337755661784184,9.364928931668993,9.353981761926866]]","[[9.33055695709139,9.09627384251249,9.12410126997431],[9.095022069319102,9.191092789554652,9.059379306457123]]"
c2,latin1ToChars,64,9.230510483201709,9.41398547185349,0.9805103811557447,8.43607974309717,10.024941223306246,8.711077534447119,10.11689340925986,"[[9.06139627129578,9.020471307050515,9.096442173015875],[9.210642859386304,9.786987825027822,9.207122463433954]]","[[9.269709039462674,9.638111372777269,9.813789750013864],[9.277864018502571,9.188676261660058,9.295762388704505]]"
c2,latin1ToChars,128,15.74107288795621,16.197655278192727,0.9718118219955438,14.139752248210124,17.3423935277023,14.245817953686004,18.14949260269945,"[[15.297963963958459,15.068969065914068,15.347224016319878],[16.047998590133336,16.26963224870252,16.414649442709003]]","[[15.619324705316513,15.554946603730773,15.532655051880031],[16.671906888200986,16.828939805018717,16.97815861500934]]"
c2,latin1ToChars,256,39.79727232693282,41.82475718858762,0.9515242885329165,37.953703804802146,41.640840849063494,34.97229556841149,48.67721880876375,"[[39.247619850062506,38.808165118986174,40.59438281619507],[39.84248788882462,40.164315454175515,40.12666283335303]]","[[39.76492062029884,39.51690734354425,40.132153067296],[45.57838092655252,42.397932534351234,43.55824863948286]]"
c2,latin1ToChars,512,70.55960680106902,67.19516581433749,1.0500696879895735,47.151658520309375,93.96755508182866,50.21561284914895,84.17471877952602,"[[80.66814114129555,74.28984049048823,78.84822439911368],[62.67263778726866,63.49624948559798,63.38254750265002]]","[[61.69950709782824,61.99367435722209,61.701147333992544],[74.96123832576632,71.60068014550141,71.21474762571431]]"
c2,latin1ToChars,1024,93.18139969493156,108.9807143184629,0.8550265088429989,89.93512460427982,96.42767478558329,51.781686393802424,166.17974224312337,"[[94.60994744861763,92.8216030496853,92.39159245093644],[91.62207800054112,94.39414269004966,93.2490345297592]]","[[95.09111259843641,95.51472340035917,94.66772569196637],[109.50149416543155,111.46624566495862,147.6429843896253]]"
c2,latin1Validation,16,10.00777630218942,14.980589818515805,0.6680495510143363,3.60966676653776,16.40588583784108,10.654280695123578,19.30689894190803,"[[12.098229247760967,8.472798251019373,8.494223776684024],[13.664303021324509,8.682282908002001,8.634820608345645]]","[[17.28376318448785,13.929300919691995,13.833492500298524],[16.609038470021403,14.218056014212738,14.009887822382314]]"
c2,latin1Validation,32,11.473659242948267,14.5489155285873,0.7886264251382563,10.695725107514534,12.251593378382001,13.245205283970085,15.852625773204513,"[[11.969287218692024,11.28659505301054,11.183031322105501],[11.405044986817213,11.416205879684446,11.581790997379883]]","[[14.227508353781307,14.382822477237404,14.21790778455524],[14.643586706862425,15.44438084905803,14.377287000029392]]"
c2,latin1Validation,64,19.4194167935353,15.212839837251108,1.2765149045994493,16.63945570059846,22.199377886472142,14.65298005673607,15.772699617766147,"[[18.943502288441397,18.644204284631954,18.70563198585699],[19.797012252433536,19.17031913747188,21.25583081237605]]","[[15.266155780112216,15.402895966900775,15.462170412558844],[15.068921538166512,15.129650715801537,14.947244609966766]]"
c2,latin1Validation,128,33.02658037546733,17.85602407419455,1.8496043821534272,28.30703435698142,37.74612639395325,13.25696755245383,22.45508059593527,"[[31.4806872080757,31.541076474757816,31.584433910479103],[34.72983807907234,33.799995747692364,35.02345083272667]]","[[19.30490196229598,19.39202856813285,19.361784390267665],[16.362226939710208,16.382803395874568,16.33239918888603]]"
c2,latin1Validation,256,57.845194988541806,21.36044341406238,2.708052162927486,52.599112077706415,63.0912778993772,20.077170367087,22.643716461037762,"[[57.00242479851689,59.073562487502265,56.77636298370958],[61.12574593754692,56.50818384448269,56.58488987949247]]","[[21.376617630261848,21.312988071681836,22.23668995460229],[21.035790967143626,20.96606479150683,21.234509069177854]]"
c2,latin1Validation,512,105.44924212909984,32.50834947755202,3.2437587211837897,103.16476136651576,107.73372289168393,30.704954689521276,34.31174426558276,"[[104.81389437893608,104.42869809769796,105.14183390719963],[105.54806347399432,106.50565031518222,106.25731260158886]]","[[32.08678534221948,32.69984146355,33.73844053496168],[32.242964346076455,32.14989343194089,32.132171746563586]]"
c2,latin1Validation,1024,205.64080905150925,55.93797962036741,3.6762287527566335,203.02840771333544,208.25321038968306,48.76132753710489,63.114631703629925,"[[204.88549282300394,205.11018989144085,204.63382173182507],[207.01043466399926,205.80982586246589,206.3950893363205]]","[[54.41867650038762,54.187738912604644,55.28097082245391],[56.59210878679575,60.827158814298,54.32122388566451]]"
c2,unicodeValidation,16,47.32578915999137,15.418726548283988,3.0693708077505564,27.636624335387303,67.01495398459545,12.422281243129566,18.415171853438412,"[[56.63254789532017,42.89419066597823,43.01114999907659],[56.13964689697855,42.67002842518853,42.60717107740619]]","[[16.43005739934118,14.519592893324043,14.572597542280253],[16.986386864371283,14.579464586555597,15.424260003831575]]"
c2,unicodeValidation,32,83.99527331510738,15.835033570534783,5.3043950264432995,80.68348129726049,87.30706533295428,14.920990162730977,16.74907697833859,"[[85.22367187327173,82.67611459026435,83.71834719916822],[85.65922852715087,83.20701270989271,83.48726499089642]]","[[15.9746292823483,16.186414059067076,16.171077731258748],[15.687264772900084,15.602251017274071,15.388564560360418]]"
c2,unicodeValidation,64,163.57616032784082,16.910029767516736,9.673321843706146,160.66600896513512,166.48631169054653,14.888248614145263,18.93181092088821,"[[163.01008239763777,164.49269527281322,163.70656456428986],[162.80862351927982,165.05690787576125,162.38208833726296]]","[[17.422464970670827,17.55302224008241,17.703260884165935],[16.12395824647023,16.32005103733331,16.3374212263777]]"
c2,unicodeValidation,128,325.21961455016617,18.588868363347366,17.495396072168575,313.2214588835342,337.21777021679816,15.770201884641923,21.40753484205281,"[[328.8461814783261,328.5596130441771,329.7846286064262],[320.9636593848669,320.63124287489273,322.532361912308]]","[[18.396257442491965,18.728612326107676,20.52539354198],[18.1103649121594,17.76625582286945,18.0063261344757]]"
c2,unicodeValidation,256,648.7301682683151,19.781130122267108,32.79540472452867,633.1383140704515,664.3220224661786,17.626371695094253,21.935888549439962,"[[649.7040982489831,651.8222223668539,657.8132626656684],[644.9066474342051,642.751115448073,645.3836634461067]]","[[19.847784493216025,20.48833262552644,20.898228887523562],[19.154880737116823,19.211363764112573,19.086190226107213]]"
c2,unicodeValidation,512,1300.19013537676,23.84286236380332,54.53162944691674,1248.2637596056686,1352.1165111478515,22.922990453786806,24.762734273819834,"[[1315.3686318803273,1328.9531720651266,1300.5579954808716],[1284.894840175031,1284.737136878385,1286.6290357808184]]","[[23.74230561164668,23.543388840693172,24.248269009196378],[24.014131364430998,23.41619817410666,24.09288118274604]]"
c2,unicodeValidation,1024,2647.194914393597,34.29568879110292,77.1873960752857,2301.1748871389796,2993.214941648215,32.98767849387482,35.60369908833102,"[[2598.6872373424053,2591.934460176533,2581.974920094855],[2653.218107649926,2891.70355183367,2565.6512092641933]]","[[34.05197867615679,34.291968288921936,35.18267998939147],[34.186321506505884,34.24177709460363,33.8194071910378]]"
c2,utf16CharsetDecode,16,48.51975154119704,27.365599149241234,1.7730198880934185,34.014728668490946,63.02477441390313,20.150960430089043,34.580237868393425,"[[48.05755867269449,43.00033027684644,42.74901716669503],[56.41316769990537,50.6070858340181,50.29134959702281]]","[[28.35637316399801,25.47716650765112,25.07581868596602],[32.062867145448344,26.836210801684384,26.385158590699536]]"
c2,utf16CharsetDecode,32,100.42082106113052,26.43676076427658,3.7985297047748374,92.31119406757678,108.53044805468427,26.071692895800368,26.801828632752795,"[[98.41679213102765,97.46387215717729,97.64940218838356],[103.6723989604714,102.0425966320032,103.27986429772008]]","[[26.357074491923488,26.437422833660193,26.592449911913782],[26.461836399935223,26.23040880773317,26.54137214049364]]"
c2,utf16CharsetDecode,64,197.82468205870578,27.89673498526621,7.0913202625034,187.56982337445993,208.07954074295162,27.240111739717232,28.55335823081519,"[[196.58184600294263,192.49750930047006,195.19567641108205],[200.62095879381687,200.09982362681592,201.9522782171071]]","[[27.821746764702695,27.892753875180038,28.16707170039073],[28.159666281628628,27.777062897110987,27.562108392584182]]"
c2,utf16CharsetDecode,128,394.17839712924433,31.75016160279931,12.415004435583436,381.6758304633757,406.680963795113,26.99131633966845,36.50900686593017,"[[392.6324572234962,391.3429182100936,390.2002542840105],[402.2161350301794,396.3984588654812,392.2801591622052]]","[[30.541987912877815,30.869271556454706,31.054454886810063],[34.908170277897625,32.46840812616261,30.658676856593033]]"
c2,utf16CharsetDecode,256,793.0926282801422,36.234121576285915,21.8880048357291,694.6625576145226,891.5226989457618,30.612438160208857,41.85580499236297,"[[784.3761893947107,863.5798208062905,782.8470323382501],[785.0092173844888,770.3438846153846,772.3996251417288]]","[[36.11971290548983,34.957940790015684,40.224749173301966],[35.132641022735605,35.17491564646063,35.7947699197118]]"
c2,utf16CharsetDecode,512,1550.4898305538609,43.84137775465593,35.365901118132626,1530.1507870744233,1570.8288740332985,42.52886876374549,45.15388674556637,"[[1550.9042264863945,1556.0950901180859,1561.5522618472141],[1543.9592667396432,1547.5328603666264,1542.8952777652012]]","[[44.19740824966383,43.82799433358088,43.144449192995275],[43.80608904480143,43.5858320423608,44.48649366453338]]"
c2,utf16CharsetDecode,1024,3115.1215209707448,60.62786749666441,51.38101750225886,3018.6076844300474,3211.635357511442,58.30369427814401,62.95204071518481,"[[3161.058387249487,3127.2651188400478,3146.11233625483],[3082.0795013850416,3082.4482960317705,3091.7654860632915]]","[[60.39182938787829,60.37760424831006,62.17244334985765],[60.8812585595777,60.027863116393746,59.916206317968985]]"
c2,utf16CharsetEncode,16,81.21573460379467,27.02154155572871,3.005592202661602,60.33541546267321,102.09605374491613,21.03458728903186,33.00849582242556,"[[85.53861080861786,74.5909760753677,75.09543368724131],[94.13638486820155,79.22111959547583,78.71188258786381]]","[[29.967433201815894,25.091350728054305,25.228564209822053],[29.43550266292016,26.257904752553177,26.14849377920668]]"
c2,utf16CharsetEncode,32,150.30295454807364,27.395346133939,5.4864411573128224,139.94043861442174,160.66547048172555,25.817529439281632,28.97316282859637,"[[147.30877249950186,146.35496429182066,147.2109889579402],[153.51067821711376,154.25349167387844,153.17883164818687]]","[[27.215020330383037,26.47991410921344,27.356818134010258],[27.480042738513614,28.19667968112146,27.643601810392198]]"
c2,utf16CharsetEncode,64,297.5491984505706,27.876046296207953,10.674010054684366,276.49962100807954,318.59877589306166,27.157763315409106,28.5943292770068,"[[292.49427103565307,294.3768266732503,294.3092269399965],[308.5700928245084,305.32430619704826,290.220467032967]]","[[28.329324110886592,27.78013740874637,27.573273487488784],[27.75116852204401,27.8684051115455,27.953969136536465]]"
c2,utf16CharsetEncode,128,580.326225830002,32.61288000782906,17.794387545371297,574.760083809956,585.8923678500481,29.83806041366507,35.387699601993056,"[[581.3513766101084,582.1721523991117,581.2704896159647],[576.5945886822866,580.7433396351153,579.8254080374254]]","[[31.482675908026465,32.46430048541927,31.865029597432915],[33.267344044269805,34.21202483647092,32.385905175355]]"
c2,utf16CharsetEncode,256,1162.5158883706893,36.93194269696246,31.477247159984973,1133.8031976087486,1191.2285791326299,35.244183875514324,38.619701518410594,"[[1175.211004868892,1173.4303920210555,1165.0671552375968],[1154.921721481618,1151.3123598864147,1155.1526967285588]]","[[37.235175497527095,36.98972098389036,37.84741696838282],[36.10942134399037,36.92663521856065,36.48328616942347]]"
c2,utf16CharsetEncode,512,2348.825671940005,48.426486285027785,48.502913428724256,2251.914500201923,2445.736843678087,45.71524749867787,51.1377250713777,"[[2354.2673043927894,2384.8022624745245,2391.2718852204634],[2302.9435398555725,2332.9710198947023,2326.69801980198]]","[[47.197049980678784,47.96435705395194,47.702189458382094],[49.73564072260679,49.20127027672342,48.75841021782367]]"
c2,utf16CharsetEncode,1024,4698.612817563212,66.70519204985732,70.43848721777667,4505.40911253818,4891.816522588244,64.11936961127718,69.29101448843745,"[[4693.756783354422,4760.85674503538,4735.697792066569],[4768.532486077395,4621.915839985235,4610.917258860272]]","[[67.72936171248595,65.87398457147255,67.32341305176176],[65.96446486173863,67.55834061983873,65.78158748184627]]"
c2,utf16Encode,16,46.270260673963094,59.8201658772097,0.7734893408510448,-1.3051807270401028,93.84570207496628,55.28531529633537,64.35501645808404,"[[40.83968351462556,36.9183096770924,38.30979664228557],[40.10773032935689,80.76225354676497,40.68379033365316]]","[[60.650487806650744,61.62065131854743,57.75496471407907],[61.32740988548831,59.26324052345666,58.304241015036006]]"
c2,utf16Encode,32,69.73419275670003,57.8724458323131,1.2049636360411766,68.01240510590522,71.45598040749483,52.420781664196866,63.32411000042933,"[[70.54448260164625,70.2656555608249,69.26428411886046],[69.62118596640029,69.81547646434692,68.89407182812137]]","[[57.945080930959165,57.050242764633964,55.45511060468397],[60.190409733490895,60.11897823262975,56.47485272748085]]"
c2,utf16Encode,64,133.8925203757981,73.92596572542851,1.8111703927290428,125.13828543890665,142.64675531268958,61.63232080256599,86.21961064829102,"[[130.41741610773204,139.51218190681803,134.42316245498992],[133.40596174489315,133.83724426590334,131.75915577445224]]","[[81.27649254246118,77.2715661443953,70.31230733048066],[71.16882629641735,71.10724342162248,72.41935861719412]]"
c2,utf16Encode,128,253.3337822566673,102.3425526241243,2.4753514130831946,243.64511523755945,263.02244927577516,98.2264850317117,106.45862021653689,"[[250.0225145257018,256.14135586024514,254.35559731816335],[257.67347690042334,253.04548268343032,248.76426625203982]]","[[101.69097002938375,104.73659055310766,102.92411498309042],[101.07851332256762,102.84184724455699,100.78327961203934]]"
c2,utf16Encode,256,507.6800174582801,175.05053056817943,2.900191252265566,491.7246961705658,523.6353387459943,163.71069606782672,186.39036506853213,"[[505.5392613604817,515.6262708941432,501.19534173921744],[512.1262031702867,502.24476834776436,509.3482592377872]]","[[170.28395395451554,181.6583519076369,173.2035189956596],[172.34030574936122,177.09291341881027,175.72413938309296]]"
c2,utf16Encode,512,992.4968494404945,463.2982386016322,2.1422417931830187,966.0865981931933,1018.9071006877958,400.9739564258379,525.6225207774264,"[[993.6312589271545,1009.8700584913272,993.9268007065875],[987.7642974097967,985.3152788395292,984.4734022685722]]","[[446.0374794032509,446.8759358241052,444.1728511057836],[500.9346645191625,472.44129785718667,469.32720290030426]]"
c2,utf16Encode,1024,2013.1520276325743,901.712200041309,2.2325882111169713,1843.055981287246,2183.2480739779025,862.7129977752545,940.7114023073634,"[[2081.840316747724,2097.334966601755,1997.100867311335],[1963.7957495196642,1975.4785910103938,1963.3616746045745]]","[[887.5113200357988,888.7354340071344,892.0287383448067],[912.1734442025884,910.1504802755337,919.673783381992]]"
c2,utf32CharsetEncode,16,74.35650697908186,39.65029529910971,1.8753077730735446,55.17348195638667,93.53953200177705,34.137386625882336,45.16320397233708,"[[81.15917864296688,70.06841393848602,69.80216532071739],[84.94030315394448,69.9068067181892,70.26217410018717]]","[[42.848899072678144,37.885803778755374,39.94812604402132],[40.84914989788661,38.467458382159016,37.90233461915778]]"
c2,utf32CharsetEncode,32,133.26806581454133,34.42300470407469,3.8714826599307943,127.56602722218709,138.97010440689556,32.62453912681639,36.221470281333,"[[132.0683089981813,131.5251539899455,131.9545212590748],[136.4358395986551,135.198632873665,132.42593816772634]]","[[34.511400340630686,34.3677575062198,33.365741848708936],[35.383681655464834,34.41556399082009,34.4938828826038]]"
c2,utf32CharsetEncode,64,348.26467803910896,36.37263836146393,9.574908330215834,-73.12901789955424,769.6583739777722,35.31964831310818,37.42562840981967,"[[255.49602289830966,262.51855006302594,257.6467956584265],[424.3970167410304,624.0958638652111,265.43381900864995]]","[[36.527139396594826,36.79094953075056,36.061030475278486],[36.03715310747412,36.02652838946288,36.7930292692227]]"
c2,utf32CharsetEncode,128,508.74987478428073,40.06253709034383,12.6988930740211,498.8407532180993,518.6589963504622,38.646660096263616,41.478414084424045,"[[505.13697125336876,504.76931530051064,508.86656639668297],[508.1438632097011,513.2863817487254,512.2961507966955]]","[[40.13639166966217,39.805838675111765,41.04537015492798],[39.70127465638422,39.916102174536874,39.77024521143997]]"
c2,utf32CharsetEncode,256,1014.3265495775928,49.51827289113955,20.483883834306532,996.4418694946212,1032.2112296605644,39.26233249517979,59.774213287099315,"[[1008.8893768761207,1004.0879728944045,1019.2265648047364],[1016.0328281291213,1018.1740894393265,1019.5484653218473]]","[[48.16839176779784,47.357670435605336,52.643802808684946],[45.1341185336697,55.067423847967,48.7382299531125]]"
c2,utf32CharsetEncode,512,2032.75006944852,67.04454948787101,30.319393373152035,1953.9470702150275,2111.5530686820125,56.0222402453191,78.06685873042292,"[[2015.6890083127025,2016.3003724957214,2011.1748508766646],[2020.5616224344328,2050.419475041972,2082.355087529627]]","[[64.2308712885128,64.03815081593307,64.0542086402316],[73.83032314276574,66.78077729090049,69.33296574888236]]"
c2,utf32CharsetEncode,1024,4046.3119300524245,97.65188643158389,41.436085649889826,3706.2575188918404,4386.366341213008,88.86514617207385,106.43862669109393,"[[3992.7726076555023,3995.8256774554015,3990.6926731777216],[4007.587154861945,4293.558132555946,3997.4353346080306]]","[[102.31737618174482,99.2630263421905,96.48249538414419],[95.2769530926722,93.64102053392507,98.93044705482659]]"
c2,utf32TightCharsetDecode,16,88.85028119326157,56.52291949535635,1.571933686131713,73.26506433633703,104.4354980501861,40.65210895618276,72.39373003452994,"[[96.00458578846516,85.27297175127826,86.61108492911404],[95.925673022216,84.66051517899031,84.62685648950563]]","[[66.1908755921164,55.649991089484814,56.30820433767236],[58.912231833869335,51.09926462559087,50.97694949340429]]"
c2,utf32TightCharsetDecode,32,165.4060486925859,58.24493354954759,2.8398358211170227,160.27363955358118,170.53845783159062,55.21395785452797,61.27590924456721,"[[164.40386506421254,162.9726222016808,164.68819912951543],[166.16921345170977,168.3215779071487,165.88081440124813]]","[[56.824790138360896,57.97747401749821,59.20264856522263],[57.16785193024155,59.00141323563805,59.295423410324204]]"
c2,utf32TightCharsetDecode,64,325.8716147425023,67.04645365723701,4.86038555310416,310.61719841061,341.1260310743946,64.1108652450336,69.98204206944042,"[[335.2227915542765,325.0383434587325,329.059577082553],[320.6870410636915,321.74044173158785,323.4814935641725]]","[[68.79954806696351,67.59994910508652,66.86394488805469],[66.90801160777272,65.85867789082745,66.24859038471715]]"
c2,utf32TightCharsetDecode,128,640.0010940437127,90.54607127402974,7.068237031585893,628.8739084036123,651.128279683813,86.11859122383581,94.97355132422368,"[[639.7078148555075,636.326443208896,639.7798533207267],[643.642088758081,645.3586087560548,635.1917553630101]]","[[90.61975333884605,92.65089876310215,92.15182798587587],[89.94226006747542,88.83768107457465,89.07400641430429]]"
c2,utf32TightCharsetDecode,256,1287.0794958524814,138.83641254380797,9.270475030794682,1247.3028757317577,1326.856115973205,136.1086856222995,141.56413946531643,"[[1314.8111587982833,1286.4280023773695,1286.5856660200661],[1277.5675548129536,1278.349633964234,1278.7349591419816]]","[[138.64370478272738,138.65033988370178,137.3850556896741],[140.3533830055871,139.31128990303228,138.67470199812524]]"
c2,utf32TightCharsetDecode,512,2579.995387722036,260.4885755695944,9.90444737194527,2503.927811159158,2656.062964284914,252.80383535506093,268.17331578412785,"[[2569.369984607491,2548.0034853842826,2556.3165041604984],[2620.6149297469847,2593.963611406076,2591.703811026882]]","[[259.21650546498296,261.6542724123336,259.9673017672722],[256.42767754505354,260.9862920879808,264.6794041399431]]"
c2,utf32TightCharsetDecode,1024,5128.674322454728,496.9973716554665,10.319318803178861,5023.431382270843,5233.9172626386135,477.752252906422,516.242490404511,"[[5085.708029197081,5141.17387063655,5151.652744200401],[5081.689719910696,5135.647574607732,5176.1739961759085]]","[[504.477301688837,493.24213486466255,499.4469011324368],[488.20781316265396,492.02906139932895,504.5810176848797]]"
c1,asciiCharValidation,16,55.8844482541213,24.156095738982778,2.3134718812997477,52.58748444651521,59.18141206172739,23.582828022248012,24.729363455717543,"[[58.02260597343261,55.34730673667433,56.49094824093385],[54.95660011260013,55.20025753272216,55.28897092836474]]","[[24.077976722182214,24.488604229683872,24.32906600247886],[24.005345860308562,23.99134646929252,24.044235149950637]]"
c1,asciiCharValidation,32,106.70890127688186,25.102906048490993,4.250858489083037,101.80902110706283,111.60878144670089,24.896977418688486,25.3088346782935,"[[106.65221784199632,107.5144752543798,109.45646090283158],[105.6368429879512,106.71667873120352,104.27673194292875]]","[[25.224751998321455,25.123918613496908,25.106816093533013],[25.047189197825606,25.010414770001127,25.104345617767844]]"
c1,asciiCharValidation,64,212.53302532895387,25.64710773163676,8.286822340859343,204.69668001077332,220.36937064713442,25.314621858616782,25.979593604656735,"[[209.2089643457945,212.05799764977397,216.9972749793559],[210.16732491668697,214.01558907738985,212.75100100472199]]","[[25.60756332008176,25.803259921542356,25.75683552904167],[25.47283429058459,25.604083510904147,25.63806981766603]]"
c1,asciiCharValidation,128,425.8328020368758,26.853780220597738,15.857462098027002,376.30099767282934,475.3646064009223,25.40567351518587,28.301886926009605,"[[410.5217350445161,407.4870763547471,455.77301830725054],[419.54904621880416,432.0778697833853,429.5880665125515]]","[[26.984307647286915,26.532685613719543,27.850205632314015],[26.55772055693741,26.56153875531693,26.636223118011614]]"
c1,asciiCharValidation,256,832.9178063234754,28.394842815781505,29.33341845655683,793.3420759113266,872.4935367356242,27.380567154973345,29.409118476589665,"[[821.4002296305408,837.7312405952182,811.5277048770581],[848.8851699454202,844.1797368841903,833.7827560084247]]","[[28.34668482242757,29.112892528452008,28.114729111858225],[28.26809778834576,28.322909905254676,28.2037427383508]]"
c1,asciiCharValidation,512,1655.3876895490857,32.156246182576645,51.479506661011676,1579.239113681131,1731.5362654170406,31.927888319493377,32.38460404565991,"[[1620.9566610564475,1638.188756148981,1641.8515154992378],[1672.8553723839589,1662.2099132137464,1696.263918992143]]","[[32.09539726101163,32.22652201598442,32.23742279629503],[32.11413203416229,32.04546293722056,32.21854005078593]]"
c1,asciiCharValidation,1024,3305.23315279761,41.75797061515149,79.15214997537109,2996.5765220571066,3613.889783538113,41.17225798317684,42.343683247126144,"[[3223.7791722983843,3223.4512605575665,3214.111733408009],[3368.116828087167,3492.2535127784945,3309.6864096560366]]","[[41.48508887958237,41.77863057007208,41.768973965691224],[41.740836197260464,41.65320692747581,42.121087150827016]]"
c1,asciiValidation,16,61.02740547062662,27.12455281518348,2.249895358144499,60.2773420158119,61.77746892544134,26.09401193628012,28.155093694086844,"[[60.553536191119136,61.276635576770474,61.26816730170129],[60.96528149775016,61.11434325447816,60.98646900194048]]","[[26.74953574530439,26.88778335087806,26.77505489832623],[27.454029735299752,27.595847076692618,27.28506608459984]]"
c1,asciiValidation,32,117.92743266547495,27.186457950327593,4.337726999263394,109.82305074667511,126.0318145842748,27.021972397109273,27.350943503545913,"[[118.41713912756622,116.43276836158192,123.29509523386356],[117.3949632428783,117.20791089399486,114.8167191329648]]","[[27.089840250336508,27.25552123556255,27.152000062907423],[27.2132571622157,27.187137384313175,27.22099160663021]]"
c1,asciiValidation,64,236.20596640420354,27.74331023603088,8.513979204162789,219.01578865555607,253.396144152851,27.572174905358136,27.914445566703623,"[[244.29493246044947,235.19831547561927,236.1350713645681],[241.3161335248082,226.83842066881968,233.45292493095656]]","[[27.76625665775777,27.70413286609399,27.803784547571983],[27.647559432067315,27.734357170237327,27.80377074245689]]"
c1,asciiValidation,128,452.31435588578876,29.17164575666134,15.505273842237813,424.605939299045,480.0227724725325,26.84236447620262,31.500927037120064,"[[446.76606089803636,470.4721343038272,457.05998751367076],[446.6309867446959,444.93664925187477,448.0203166026275]]","[[28.40113797445411,30.2766371665367,28.04174173686442],[29.142644304021264,29.678197375555154,29.489515982536403]]"
c1,asciiValidation,256,910.2205132484097,29.550236510435447,30.802478109675096,846.3072565603178,974.1337699365016,28.538558076225105,30.56191494464579,"[[901.8508216649408,900.730664821419,945.4116336586932],[931.4983004695705,890.2891468802503,891.5425119955845]]","[[29.362004714830725,29.143390166927894,30.149705528408397],[29.40350944108069,29.449920641034613,29.792888570330362]]"
c1,asciiValidation,512,1808.3340615877125,30.429541437218965,59.42692450093592,1620.7754678522956,1995.8926553231295,28.98286117136739,31.87622170307054,"[[1800.7072149008468,1930.4203448608034,1832.4371123836008],[1769.865519191348,1745.3499973871692,1771.224180802507]]","[[30.416248228712202,31.316742222916993,29.814508059953326],[30.140566577507194,30.243051237957488,30.64613229626659]]"
c1,asciiValidation,1024,3561.7069768249444,31.20856253959049,114.12595412898759,3354.463199252592,3768.950754397297,30.87883734469178,31.538287734489195,"[[3562.9577079035357,3623.468065251953,3624.8702229299365],[3478.472161439339,3616.572558531955,3463.9011448929473]]","[[31.1611917244472,31.044006634935897,31.199313402117742],[31.40693074646671,31.227409335181836,31.212523394393543]]"
c1,base64Decode,16,45.39694500789436,64.23709442989329,0.7067091905509427,39.778490380200594,51.015399635588125,62.013736843032824,66.46045201675375,"[[45.12628423943967,45.57996545601405,44.211427302690964],[43.15720562561691,45.23335426915276,49.0734331544518]]","[[64.81375477771724,65.27985695999402,64.72085557903009],[63.47569362105762,63.63469371055738,63.49771193100338]]"
c1,base64Decode,32,67.89733419352174,90.88992902344074,0.7470281352735004,65.31214749146284,70.48252089558065,87.98895957879328,93.7908984680882,"[[68.59346203078246,67.26015057491716,69.3726842424595],[67.00466524383309,67.87616035914289,67.27688270999535]]","[[90.93790327048103,91.89758363408293,91.41530843040466],[89.7637696200277,91.82132313841979,89.50368604722836]]"
c1,base64Decode,64,111.87674522764866,100.23442306286361,1.116150937063641,107.9939473472918,115.75954310800552,97.23314400582649,103.23570211990074,"[[112.62515336388428,113.04694334265166,113.48246657737347],[109.9357464811615,110.91563719943579,111.25452440138525]]","[[100.20144811247134,101.9663488605301,100.57394603987314],[98.66920697750977,99.84010438679735,100.155484]]"
c1,base64Decode,128,205.96061564484933,150.3122359672252,1.3702185608479536,194.0244842750651,217.89674701463355,146.80050955995776,153.82396237449265,"[[207.40588986885402,205.92266083885173,208.7703674829016],[201.3752581299628,200.68983645328095,211.59968109524488]]","[[148.70292769660955,149.45684449631517,151.94006849061768],[151.53015745768607,149.7253946955206,150.5180229666021]]"
c1,base64Decode,256,403.46730024701435,232.52233512054343,1.7351765370748158,366.7815641537924,440.1530363402363,220.8305624317299,244.21410780935696,"[[387.95627520014875,394.41397451446755,395.72898010515627],[423.2856849214506,408.56400901210645,410.8548777287563]]","[[240.3156767166155,231.71873376771313,229.38551164218492],[230.49410995668205,233.83702474013057,229.38295389993445]]"
c1,base64Decode,512,795.875276785262,415.3911293361062,1.915965991034185,732.7704069753971,858.9801465951269,386.8671900958397,443.9150685763727,"[[762.1188407340901,814.7591292534715,773.945078464855],[816.212774106277,802.3890495222381,805.8267886306406]]","[[417.4542243109301,416.2853663098826,427.28122546509644],[401.98597061657034,404.91883674764796,424.4211525665097]]"
c1,base64Decode,1024,1538.5550228904822,738.9589038035346,2.082057628606008,1465.2603442337638,1611.8497015472005,711.1653099203513,766.7524976867178,"[[1515.3255404275649,1517.8857571487022,1526.615451309665],[1550.783819728868,1535.8032357059858,1584.9163330221077]]","[[730.4773763412624,733.1596222824098,729.2510663721117],[740.4910458134926,754.4813782505198,745.8929337614109]]"
c1,base64Encode,16,36.76663176362891,36.522125637095115,1.0066947397575745,32.76285942556288,40.770404101694936,35.092517201128544,37.95173407306169,"[[35.669081150004985,35.93616805249003,35.54181168915339],[39.33248889838349,37.205837836796135,36.91440295494542]]","[[35.8603709142656,36.0019618923952,36.65971806879467],[36.5813502393148,37.21888312039017,36.81046958741024]]"
c1,base64Encode,32,58.007149326345804,39.16197730941412,1.4812109426456745,52.57909927620374,63.435199376487866,36.39548329591011,41.92847132291813,"[[56.10261511920244,57.31599718142094,55.837792445391884],[59.48707651526797,60.730758950805,58.568655745986604]]","[[39.42666892385341,40.4945378312649,39.030282051686804],[39.90825199112319,38.043035213840916,38.06908784471549]]"
c1,base64Encode,64,100.5378892325309,38.7019811991439,2.5977452863512536,93.19151794631784,107.88426051874396,34.53743283235401,42.866529565933796,"[[98.59117565393424,98.3469994431683,97.8894549642561],[103.42961570269692,103.66139637126862,101.30869325986119]]","[[37.913285906920365,41.68262580975118,38.448544465930574],[38.11614908604615,37.709971749614915,38.3413101766002]]"
c1,base64Encode,128,184.36891219611425,40.92591962966434,4.504942439032649,172.63808794908923,196.09973644313928,38.213917648889456,43.63792161043923,"[[180.47256177790595,181.0187371537965,181.16351228372983],[190.95201586105242,186.3098349739217,186.2968111262791]]","[[40.51528369080447,42.35063093736971,40.42854663235023],[41.94859604085615,40.14759430744049,40.164866169164995]]"
c1,base64Encode,256,356.5388937353721,40.19686312722987,8.869818836531254,330.22552733045666,382.8522601402875,38.17635361869402,42.21737263576571,"[[346.4964926171327,347.6597098047658,351.09250495574724],[368.17379240900806,365.59526330006645,360.21559932551213]]","[[39.19132693524805,41.03488103393458,39.846690228293056],[40.83282290543654,39.72035402301221,40.55510363745478]]"
c1,base64Encode,512,697.874184117359,43.74992521838236,15.951437188380245,645.3289577230947,750.4194105116234,40.79215367700129,46.70769675976343,"[[684.4440132280193,681.0474159916757,677.7118006200166],[710.0253436456568,715.3230118829981,718.6935193357875]]","[[43.20282184210004,45.47978688087573,44.62906103960118],[43.112630539887014,42.84117275152328,43.23407825630692]]"
c1,base64Encode,1024,1377.5298963007738,55.936902588097,24.62649579374284,1273.4180291684772,1481.6417634330703,53.756071202463914,58.11773397373008,"[[1342.3638642731696,1350.3534449044544,1341.968448846654],[1427.370774369707,1398.9911543022258,1404.1316911084316]]","[[54.73570425687385,56.256656680943216,56.2076717969286],[56.966524435717055,56.086465129563564,55.36839322855571]]"
c1,charArrayCodePointCount,16,21.627151446159033,21.866697422518854,0.9890451689282932,20.194294036235924,23.060008856082142,20.19544255839731,23.537952286640397,"[[22.02462379124813,21.64609271660298,22.421942442419475],[21.167494297798203,21.355596978314278,21.14715845057113]]","[[22.153058746349945,22.715132962271706,22.279550282046294],[21.30495546595226,21.406453145234572,21.34103393325834]]"
c1,charArrayCodePointCount,32,37.60468684582372,23.634367553718157,1.5911018883984376,36.73601291115495,38.47336078049249,21.65534160547327,25.613393501963042,"[[37.97449025409712,37.79268904898301,37.505936743395246],[37.50928243694909,37.08914252062121,37.75658007089667]]","[[23.55365927596034,23.164508710654722,23.46933073197434],[24.169887246138526,22.74134611978649,24.707473237794527]]"
c1,charArrayCodePointCount,64,70.63785922687175,24.772286443196055,2.8514872613332436,65.1078265883662,76.16789186537731,21.94647007655179,27.59810280984032,"[[74.30466036758958,70.42007864355683,68.63566212142071],[69.40535932364565,70.08265444789505,70.9787404571227]]","[[24.680807807494777,26.696591894688417,24.898967067747876],[23.950004317230583,24.086895234751072,24.32045233726361]]"
c1,charArrayCodePointCount,128,139.93155419794948,30.979029243585995,4.516976729570097,123.35079262247888,156.51231577342008,27.88172563795049,34.0763328492215,"[[133.90093949361707,136.34370235865492,137.31125210102027],[146.44627905820562,148.26525633244015,137.3218958437588]]","[[31.549937787241817,32.95406296597042,30.73232575970722],[30.358299230050374,30.043975898012608,30.235573820533535]]"
c1,charArrayCodePointCount,256,261.70057543324475,48.27763538023041,5.420741371695487,255.5564179269959,267.8447329394936,44.02121444888659,52.534056311574226,"[[264.6514803187891,262.64004290292297,261.021209795751],[261.0312978031025,262.6961776691544,258.16324410974863]]","[[48.79325667756932,48.769224289258474,50.831449935973794],[46.899305597679664,46.86345375512935,47.50912202577182]]"
c1,charArrayCodePointCount,512,558.452519357244,95.2308305485496,5.864198769877781,485.80587958780194,631.099159126686,42.99991117885781,147.4617499182414,"[[546.3213249410943,575.9004784028704,518.0174664863974],[590.5542641829858,549.1425407094687,570.7790414206477]]","[[86.24533314045054,84.18469822441439,82.65728589449769],[85.36676528423082,102.77822393204318,130.15267681566098]]"
c1,charArrayCodePointCount,1024,1155.5702146643064,173.63608187170192,6.65512721899672,1084.7349395455253,1226.4054897830874,107.69901869249263,239.5731450509112,"[[1186.2500977082964,1115.1402883705393,1148.0617943467666],[1144.5502777333302,1174.0100695136389,1165.4087603132673]]","[[154.83784226770328,155.8375832634114,156.48505341642903],[207.22597050066932,199.02389520685003,168.40614657514843]]"
c1,charsetAsciiEncode,16,41.57891163744692,46.278150397483074,0.898456642720714,40.08764254105453,43.070180733839315,44.54012539678871,48.01617539817744,"[[41.31792600538405,42.48047820772,41.90016667545227],[41.397248807338386,40.9736692049426,41.4039809238442]]","[[45.14730597720458,46.41634723074129,46.617172337722174],[46.84899112851767,46.61838151629605,46.020704194416695]]"
c1,charsetAsciiEncode,32,59.33639655547195,55.10198315592231,1.0768468421103374,55.88991569054129,62.78287742040261,36.3375333299813,73.86643298186333,"[[58.89977136163321,58.34961025342266,59.96021399028952],[58.00729195742034,61.392477540021574,59.40901423004439]]","[[57.62041469414423,65.19442809904444,59.3883117375248],[50.03706355157649,50.09660877403065,48.275072079213274]]"
c1,charsetAsciiEncode,64,89.58053629827403,48.693063564660015,1.839698095383116,86.5434625536853,92.61761004286275,45.43861602416068,51.94751110515935,"[[89.58826960269509,90.31584324936085,90.81432140607765],[87.92223921693962,88.71369082155559,90.12885349301534]]","[[47.493032832157674,48.35397090623631,47.58740169479015],[48.53676989102435,50.16284074024109,50.0243653235105]]"
c1,charsetAsciiEncode,128,152.22977044181755,51.641935517687045,2.947793666441487,145.17230728532297,159.28723359831213,46.82669229344585,56.45717874192824,"[[156.19572227746264,153.76048226880667,151.0640646934735],[149.63361828709233,149.9490586832947,152.77567644077547]]","[[49.20376703036881,51.029985217514444,50.74387625226233],[54.04741358144273,52.97953774917886,51.847033275355116]]"
c1,charsetAsciiEncode,256,283.3851065557558,55.565543043864025,5.100015063868783,261.29546651192277,305.4747465995888,52.3221202320442,58.80896585568385,"[[279.87231865266915,280.0956913042992,278.29036004645764],[282.7451307469001,280.1101877636549,299.19695082055375]]","[[56.240007151067395,55.12198650880527,54.05610786046376],[55.04803336480888,57.43265973380184,55.49446364423699]]"
c1,charsetAsciiEncode,512,535.6316389899915,62.25976814904263,8.6031743277256,518.0402722089436,553.2230057710394,61.04106034333649,63.47847595474877,"[[533.4747886851342,544.8079475241493,534.0240232828392],[537.841978636908,537.7951976718588,525.8458981390595]]","[[62.079127437361734,62.6230103546596,62.32137807780001],[62.88836022925004,61.82165444278935,61.825078352395025]]"
c1,charsetAsciiEncode,1024,1058.7658603706386,90.87003004481127,11.651430728574901,1000.4521890071834,1117.079531734094,67.48077685731833,114.25928323230421,"[[1049.164725230982,1035.4707414912534,1086.3650670634674],[1066.9726802555522,1038.6822410520747,1075.939707130502]]","[[87.77266417549444,88.15150997031016,91.14232361067127],[86.18059924423366,107.30999433229871,84.66308893585939]]"
c1,charsetDecode,16,112.98494150885256,53.32402327227696,2.1188375252921543,110.32162162141292,115.6482613962922,51.327041920407474,55.32100462414645,"[[113.19447926049577,112.85559678034286,112.31405734619246],[111.89737386965106,112.98488335435057,114.66325844208261]]","[[52.48497855651797,54.16575482185837,54.17188091626837],[53.140497972737414,53.26275190404161,52.71827546223804]]"
c1,charsetDecode,32,194.03973344624353,72.41995326012825,2.6793683882847055,189.57872307506688,198.5007438174202,69.55846987347277,75.28143664678373,"[[194.38781565494386,191.5786228730476,195.74946692803968],[195.51712538703921,194.13232913939248,192.8730406949984]]","[[71.72523952966387,72.25078656552931,71.8247514065744],[74.31256844110611,72.77978695342232,71.62658666447352]]"
c1,charsetDecode,64,363.5583017403996,96.96280933287832,3.749461306265222,343.71009143997253,383.40651204082667,94.6685157208727,99.25710294488394,"[[361.98795825335026,371.4192417943878,355.28009370720594],[373.0202176714666,360.17138264128147,359.47091637470567]]","[[96.57026633710058,98.47108717643208,97.28668826280591],[96.72872655898337,96.48584327045843,96.23424439148961]]"
c1,charsetDecode,128,693.9632877110475,145.5782324721177,4.766944040510733,675.2500698240974,712.6765055979977,143.29657991307405,147.85988503116133,"[[687.0386406268708,688.4106536531721,701.8578686250053],[698.0239404990008,699.9222726955063,688.5263501667297]]","[[145.90734631872536,146.56824465243577,145.89174659523937],[144.57302804566896,144.58768292666133,145.94134629397533]]"
c1,charsetDecode,256,1348.0242949147594,246.62846696649547,5.465809813016795,1316.390644958788,1379.6579448707307,234.1096700162056,259.14726391678533,"[[1358.206468643272,1346.5953879787178,1344.7087327801498],[1353.6514821773746,1327.8853956720059,1357.0983022370365]]","[[245.48318794685443,254.4389331206146,249.18776204896474],[242.30960967305595,243.95117478457087,244.40013422491214]]"
c1,charsetDecode,512,2691.368732645592,434.79821689163253,6.189925873859733,2465.599905096351,2917.137560194833,425.0613736518295,444.53506013143556,"[[2651.9209035059844,2641.3441071739835,2693.2752750060513],[2713.79783227205,2610.5270812698745,2837.3471966456073]]","[[440.35303540516566,436.6730661899363,434.1772506958233],[431.04679898394113,431.428464329108,435.11068574582083]]"
c1,charsetDecode,1024,5266.674522735718,837.5951968250959,6.287851867702972,4911.969292990976,5621.3797524804595,789.1827863113808,886.0076073388109,"[[5241.951265660956,5513.739388934765,5268.4263068793925],[5222.055584523933,5188.0840714840715,5165.790518931188]]","[[842.2291351296801,867.0326126469214,844.2384019423532],[822.3847782770072,823.9680976243963,825.7181553302166]]"
c1,codePointCount,16,20.347140481402047,21.01758632683901,0.9681007212240724,19.51725536833066,21.177025594473434,19.593994033783588,22.44117861989443,"[[19.975242543895423,20.4633243273554,20.13878754976475],[20.836227954907805,20.294755346846404,20.374505165642503]]","[[20.67191220629663,20.604668294347,20.604208183058226],[20.959888688515566,21.817330405117104,21.447510183699528]]"
c1,codePointCount,32,35.77106146778343,22.44025470235617,1.594057729836175,34.72626115526421,36.815861780302654,20.826722573294106,24.053786831418236,"[[35.549421238743946,35.82913125384118,36.38973231170679],[35.558474300065825,35.346282728019304,35.95332697432355]]","[[22.34678540323072,22.037321921209962,21.940482880034033],[22.420985629721557,23.547407339836067,22.3485450401047]]"
c1,codePointCount,64,67.00265402461542,23.684164004097475,2.829006504642665,65.87037314371052,68.13493490552032,22.661683062662057,24.706644945532894,"[[67.47911867727481,67.19270892033897,67.39241704751294],[66.5139398674424,66.72976668319127,66.70797295193215]]","[[23.38928786836107,23.40296323510337,23.462477899689503],[23.967834560919535,23.596988230149318,24.28543223036206]]"
c1,codePointCount,128,132.5008159910366,29.307834650870472,4.521003259689852,123.0720078205418,141.9296241615314,28.833690176126332,29.781979125614612,"[[132.0935486092791,132.41944824598022,139.08722698500847],[130.71741306779543,129.84963196498805,130.8376270731683]]","[[29.086487223828318,29.15537348112397,29.285961405453303],[29.548080063660045,29.40025300570271,29.370852725454487]]"
c1,codePointCount,256,262.70276629829425,46.72996441164198,5.621719802398272,250.90387183942647,274.501660757162,45.705943020512315,47.753985802771645,"[[261.8077788926958,265.66344937338374,268.62405094162136],[259.2405100516707,257.14894381837837,263.7318647120154]]","[[46.339411604960624,46.38254427127235,46.81957999835723],[47.291358699538236,46.95587281807787,46.59101907764556]]"
c1,codePointCount,512,517.9862889718806,84.1300955644903,6.156967794893516,500.7545744178345,535.2180035259267,82.64603424362538,85.61415688535523,"[[513.2935031310212,519.1834822446568,527.0190920617217],[509.4656509131607,517.646868200307,521.3091372804164]]","[[83.45068927182695,84.31794691749681,84.88778285912885],[84.31623356640354,83.59369253946858,84.21422823261707]]"
c1,codePointCount,1024,1021.2909162556707,158.15399942103068,6.457572492598398,978.4080195822175,1064.1738129291239,153.25349160226145,163.0545072397999,"[[1049.299233138475,1008.4194717710673,1027.293173004601],[1018.5546770045676,1013.865504358655,1010.3134382566586]]","[[156.44073946797045,157.4126561258222,156.43131569862172],[158.16634297155272,160.5047590047678,159.9681832574492]]"
c1,encodedLength,16,39.00309372967542,36.4724178474874,1.0693860191219091,37.702375221697814,40.30381223765303,34.76590695488437,38.17892874009043,"[[38.891510648136105,38.527457399378854,38.49535698566368],[39.613106049485445,39.033904695420176,39.457226599968244]]","[[35.87107381152342,36.29366803027448,36.67304433599986],[36.40643883860135,37.57142857142857,36.01885349709671]]"
c1,encodedLength,32,70.34215559219462,55.59386803313147,1.2652862281551236,69.30547756323712,71.37883362115211,53.490781918440646,57.6969541478223,"[[69.9305178910023,70.37386506740727,69.99737025198391],[70.2371123607564,70.61785625147179,70.89621173054603]]","[[55.649908979756674,54.91425626687499,55.0262360175837],[55.617559118873054,55.35816255916941,56.997085256531]]"
c1,encodedLength,64,134.56906145185164,28.70622704175095,4.687800359696575,127.38931247654523,141.74881042715805,28.276526392385446,29.135927691116454,"[[131.99055022220816,132.4923976205849,139.07914916706787],[133.62941297345478,135.15616895646284,135.06668977133126]]","[[28.4284605260058,28.774681820532415,28.75763843893889],[28.79831950895915,28.633595110195003,28.844666845874432]]"
c1,encodedLength,128,279.2995842576432,32.588073765317645,8.570607341477544,221.4882754302181,337.11089308506826,30.51572999357354,34.660417537061754,"[[265.72157000082245,268.9699429653859,266.4937785394203],[264.7632504070542,296.3956113561814,313.45335227699474]]","[[31.961663167749848,34.05759413867398,32.38230670952759],[32.40153574646434,32.36998140430022,32.35536142518988]]"
c1,encodedLength,256,524.1339660589883,40.236822898161854,13.026226434068988,505.65613854923583,542.6117935687408,38.860201263945065,41.613444532378644,"[[523.9104361370717,522.0174862533552,514.2802952097746],[534.1083362663851,522.6432310810005,527.844011406343]]","[[40.06460089622238,39.632786314437936,39.89674400000319],[40.78541941735124,40.86179300980286,40.179593751153526]]"
c1,encodedLength,512,1033.5913152134087,57.0349622382291,18.122065390281236,989.2098100829003,1077.9728203439172,52.90811543978742,61.161809036670775,"[[1065.4863318631938,1024.928177530412,1027.799078558529],[1025.1998730704663,1031.8245794748716,1026.3098507829793]]","[[57.1707794609372,57.46250192907543,55.70636839479476],[59.69280006484281,56.026844533510804,56.150479046213604]]"
c1,encodedLength,1024,2048.161302109933,84.94330090457107,24.11209925089825,1960.213827830038,2136.1087763898277,82.8294419936497,87.05715981549245,"[[2046.1319870397163,2107.1034874426823,2039.8402892351564],[2014.0882615864439,2033.6819917147266,2048.121795640872]]","[[85.64134103243559,85.74910142009017,84.74320971317034],[84.3461776198336,83.86252168009035,85.31745396180636]]"
c1,latin1CharsetEncode,16,40.31924877632957,42.83598703277323,0.9412471048112389,39.191263942780225,41.44723360987892,42.08219893793419,43.58977512761228,"[[40.89394906161733,40.01488668532655,39.99233785935252],[40.00672028352781,40.741966330070234,40.26563243808298]]","[[42.559494945029535,42.847034316695755,42.48250101846823],[43.17036637907809,43.03938709078299,42.9171384465848]]"
c1,latin1CharsetEncode,32,56.210498594966325,43.49200578742388,1.2924328868552692,55.284925522347905,57.136071667584744,42.28436895887297,44.69964261597479,"[[55.67972448485462,56.278318546778515,56.708491668183726],[56.21550723433683,56.25968657383794,56.12126306180633]]","[[42.772902781451066,43.221242301490676,43.486090004220415],[43.874790482907876,43.83353451762164,43.76347463685159]]"
c1,latin1CharsetEncode,64,87.87840389889456,44.43959433257686,1.9774798851949573,82.61347003853055,93.14333775925857,43.06564691633659,45.81354174881713,"[[88.15276461086832,90.839703719021,88.49538518912594],[88.08125839423505,86.11105006577421,85.59026141434285]]","[[44.006502872391295,44.072619965893786,43.915844663294436],[44.99513726847875,44.82084040488671,44.82662082051618]]"
c1,latin1CharsetEncode,128,150.17757039107795,49.19430276520099,3.0527431419824977,142.96584859275453,157.38929218940137,47.617871625956575,50.7707339044454,"[[152.97950388900568,152.52789987176325,152.01645792533893],[147.87561757707437,147.73215178965356,147.93379129363194]]","[[49.44072331591692,49.338069259471276,50.09851119452206],[48.8303139733544,48.48839461457821,48.969804233363064]]"
c1,latin1CharsetEncode,256,275.1334934135605,55.29143326807584,4.976060072083843,268.5322219135801,281.73476491354086,52.56763602232452,58.01523051382716,"[[276.4228507351109,277.6472853495097,277.23405545327444],[271.616511675854,274.16040137984226,273.71985588777176]]","[[55.1339307241019,57.20312757013616,54.54256942757451],[54.771813391018505,55.259875679747054,54.837282815876925]]"
c1,latin1CharsetEncode,512,531.1355131675112,69.64304592639769,7.62654054115959,512.2379645930405,550.033061741982,68.60971594829161,70.67637590450377,"[[529.2091336119668,538.5787846361491,537.6951422400876],[533.5852306204771,526.4632385419515,521.2815493544357]]","[[69.8939429893927,69.75037895641287,70.0843444977754],[69.34410168190954,69.08044761488895,69.70505981800667]]"
c1,latin1CharsetEncode,1024,1037.4313905112356,100.58192338639428,10.314292624191047,979.3779934412034,1095.4847875812677,99.37403792711403,101.78980884567453,"[[1044.258835851275,1065.0492258284062,1056.6858309505471],[1018.6318708154419,1019.5226640867661,1020.4399155349774]]","[[101.0696149987893,100.9784853865381,99.90762301868348],[100.56424158011382,100.65771481676839,100.31386051747256]]"
c1,latin1Decode,16,53.94615522526398,67.54589732640827,0.7986592429822199,45.04789221998978,62.84441823053818,64.95295761485804,70.1388370379585,"[[50.8018095163209,60.05338714147443,53.84020776887831],[53.29826719896294,53.22246011234844,52.46079961359885]]","[[68.06126696018696,69.03388959198155,67.41674693288802],[66.38695139169688,67.48800035908492,66.88852872261126]]"
c1,latin1Decode,32,84.52265049798106,59.551960112397154,1.4193092945799723,78.37865291259583,90.6666480833663,56.67066754703214,62.43325267776217,"[[86.37650255313277,85.706625250477,86.63402447666925],[81.83410736444652,84.7840405121423,81.80060283101854]]","[[60.466768050093634,58.242965887812424,61.03609782977131],[59.40299939912366,58.90707737217741,59.255852135404496]]"
c1,latin1Decode,64,144.91179161459286,68.21356710881433,2.1243837224262068,136.23104719201436,153.59253603717136,64.7710503302885,71.65608388734016,"[[144.22217468898137,145.1552709608044,143.08104077323725],[143.28098852083681,142.75870437958804,150.9725703641093]]","[[69.37859752009047,67.2579186887703,66.80005003699259],[68.36151839911867,69.90079492210266,67.58252308581132]]"
c1,latin1Decode,128,274.4344914846212,95.31875591448532,2.87912372388524,237.6854951864757,311.18348778276675,92.61980705145027,98.01770477752038,"[[261.64415028684283,261.68441404392513,266.9680374972237],[292.9716015619287,285.4439232374349,277.8948222803722]]","[[94.99703452135884,95.33914097979286,93.85987526182365],[95.06656631337373,95.93061733503443,96.71930107552846]]"
c1,latin1Decode,256,512.055175434085,160.03491724666566,3.199646578657844,492.02404756897846,532.0863032991915,155.6282479688643,164.44158652446703,"[[508.19956971569775,506.6458780201546,506.9735649364156],[525.6332792840869,512.9512863457333,511.9274743024213]]","[[157.98644890258197,159.2444813362465,160.4898948461472],[162.41128075489507,160.95311001248407,159.12428762763918]]"
c1,latin1Decode,512,1034.4856535453662,306.51251568325785,3.37501929159192,848.3416770170336,1220.6296300736988,300.8170069081847,312.208024458331,"[[1008.914721732561,1007.0172235237338,1008.8453414923016],[1169.8664205952437,1002.2147667123603,1010.0554472159968]]","[[306.9230858802836,307.03241954123405,305.8444976514925],[306.78585890763844,303.1202824741658,309.36894964473277]]"
c1,latin1Decode,1024,2329.7318147250453,732.583527146546,3.180158614539808,1611.850779727918,3047.6128497221725,659.5114106775478,805.6556436155441,"[[2144.908767721763,2574.4989512128914,2731.7634426229506],[2182.0197842902276,2152.7403037503873,2192.4596387520523]]","[[768.3510679105165,750.7998214470169,746.0861302122523],[712.7458848981277,702.7197686856532,714.7984897257096]]"
c1,latin1Encode,16,38.58858669902499,51.39878251991338,0.7507684969789828,32.86983732385335,44.30733607419662,45.21396293875323,57.58360210107354,"[[37.26020232593351,36.70079976338235,36.59437261340472],[41.59547159561903,39.588674674552244,39.79199922125807]]","[[52.58599427084929,51.36804479161871,55.13652916963447],[49.36898022443462,50.5661156504107,49.36703101253249]]"
c1,latin1Encode,32,63.83355871390532,38.56844218925583,1.6550722583160926,60.46816407034504,67.1989533574656,33.71445192419893,43.422432454312734,"[[65.14407285737518,65.38459803741172,62.49847167512893],[62.75151459703071,63.49649307426543,63.72620204221996]]","[[41.586980940851305,39.37491843617582,37.02930128668022],[38.617864817561816,37.647036136969774,37.15455151729607]]"
c1,latin1Encode,64,118.6452304187243,63.136184277328894,1.8791954530791581,111.70412046177915,125.58634037566944,-21.602236548658126,147.8746051033159,"[[119.4661997110608,121.12736047507461,121.6798322400833],[116.85510337673612,117.09469541978129,115.64819128960968]]","[[49.50838630017681,89.65953643849699,112.12547616100404],[42.71765769800898,42.39671237143027,42.40933669485626]]"
c1,latin1Encode,128,222.21020310394033,54.205089559445625,4.099434295007425,214.00904496326646,230.4113612446142,51.533206378356034,56.876972740535216,"[[221.06763405567605,225.71608446768232,225.64156996325607],[221.95465988821763,220.4380101810627,218.44326006774722]]","[[54.66823061239529,55.05242930839806,55.42029285449854],[53.313509706973065,53.393357315414484,53.3827175589943]]"
c1,latin1Encode,256,452.5570352034509,83.61016922299153,5.412703256184829,434.4171313688429,470.6969390380589,74.73342240901721,92.48691603696585,"[[455.4597014110647,448.8498673335843,464.30895428290637],[451.0091792099419,446.76566528966174,448.9488436935463]]","[[88.55508863800351,82.48720426148462,86.55721144998],[81.12603293063891,81.04718837961771,81.8882896782244]]"
c1,latin1Encode,512,909.8141292466885,262.4254006615953,3.4669438512924997,879.3141387013158,940.3141197920612,239.95508877832034,284.89571254487026,"[[923.1448664105085,900.7019301685525,918.613370999844],[909.373439160166,894.196921126182,912.8542476148781]]","[[265.06001122298807,266.1312368950461,269.12042577378185],[251.55917940834408,253.12110711614102,269.56044355327083]]"
c1,latin1Encode,1024,1834.2982830455414,552.5901165647671,3.3194554662842037,1619.432036206017,2049.164529885066,513.8416381794003,591.3385949501338,"[[1887.2685931447245,1795.6529740101168,1769.6484673651423],[1964.974451552137,1777.205700189888,1811.0395120112403]]","[[563.921053224317,565.4492881476303,564.9896765895513],[536.2869354055367,538.2258090519233,546.667936969644]]"
c1,latin1EncodedLength,16,20.076781525932482,20.654770595956407,0.9720166792780996,19.894917977124706,20.258645074740258,20.076743585134743,21.23279760677807,"[[20.068845103077752,20.132688556893815,19.95662636531034],[20.076850965654092,20.09278600577578,20.132892158883116]]","[[20.776377256583178,20.709188187244347,20.47481925255003],[20.721870204619457,20.90230635720283,20.3440623175386]]"
c1,latin1EncodedLength,32,33.6047494551438,25.553509742021447,1.3150737332916151,33.107621671738805,34.1018772385488,23.895155493367454,27.21186399067544,"[[33.51597678927187,33.432372630639286,33.90371861227937],[33.47575257347424,33.58189747536481,33.71877864983323]]","[[26.09218214647695,25.94700910020381,24.89908665139737],[25.204626128376105,24.97623443865163,26.201919987022812]]"
c1,latin1EncodedLength,64,60.988560271069716,17.249675902924995,3.535635139714596,58.832583377554045,63.14453716458539,16.64956786166462,17.84978394418537,"[[60.64394537589195,60.64870394691366,62.29153454686588],[60.6147279543472,61.51964088632806,60.21280891607151]]","[[17.17121755425392,17.210205697194912,17.533595447390173],[17.457784222062394,16.9456196594756,17.179632837172964]]"
c1,latin1EncodedLength,128,117.18253397074417,18.50304949280098,6.3331470856377825,105.84416002087275,128.5209079206156,12.824735387570499,24.18136359803146,"[[113.71128510595787,124.7167613913391,114.68065659370545],[118.63488287793102,115.77837898946193,115.57323886606969]]","[[18.381936406574017,17.62180042605894,17.441472570362016],[17.383721439629838,17.618371623667127,22.570994490513943]]"
c1,latin1EncodedLength,256,224.26308260526565,18.256149219840083,12.284248989460774,217.09519758755528,231.43096762297603,16.927470162156766,19.5848282775234,"[[223.24493817034138,227.66216646283524,226.97958205251135],[224.19780502712374,221.87706863125243,221.61693528752983]]","[[18.890357360245915,18.114016810969712,17.867361214323044],[18.822770490635556,17.96302405683961,17.87936538602666]]"
c1,latin1EncodedLength,512,449.4579750837269,19.650572919194058,22.872512518182642,418.5993183962897,480.31663177116417,18.345607341669986,20.95553849671813,"[[442.38167915326716,445.7654439123391,439.67839924124667],[448.929842884999,449.4189905873188,470.5734947231907]]","[[20.07767812182269,20.36789090997816,19.458664891620366],[19.175133677008244,19.479781355078007,19.344288559656885]]"
c1,latin1EncodedLength,1024,878.3482698449726,23.733772075906813,37.00837216417959,851.1225746962539,905.5739649936913,20.61870597556006,26.848838176253565,"[[875.2425730891929,868.7902699672097,869.815700548138],[876.225835805094,893.2577749911965,886.7574646690043]]","[[23.46438184749332,23.21942108161968,25.96870461625602],[23.078585079348557,23.550182377175865,23.12135745354744]]"
c1,latin1ToChars,16,25.21621835058163,26.301035954356088,0.9587538070493841,24.519381634609182,25.91305506655408,25.722559774928648,26.87951213378353,"[[24.91369253505091,25.271764968741206,25.61346219945691],[25.284463662972318,25.224898282015324,24.98902845525311]]","[[26.40772973661402,26.601300515223475,26.072912343995508],[26.13492584547845,26.169130999649845,26.420216285175226]]"
c1,latin1ToChars,32,42.374251390001405,27.44095703424808,1.5441972864545364,40.55184607348955,44.19665670651326,25.88643842571269,28.995475642783468,"[[41.51216703988621,42.521563238183546,42.94493115322107],[41.82303763746745,42.23423687073568,43.209572400514475]]","[[27.043749159495714,27.642940992864325,28.48191045268285],[27.085121639616865,27.133632041609665,27.258387919219057]]"
c1,latin1ToChars,64,77.069907174555,28.696299429802025,2.6857089138997288,74.89583674564788,79.24397760346211,26.708644949191793,30.683953910412257,"[[77.07934775581327,76.89321585957188,78.05110553315976],[77.80382564351174,76.6666271170223,75.92532113825106]]","[[29.991642841763213,28.20023979127234,28.05372223675286],[28.605503596598293,28.37629471048946,28.95039340193598]]"
c1,latin1ToChars,128,145.07884489736443,36.1418286647726,4.014153413293462,140.48602577100428,149.6716640237246,35.48418816282485,36.79946916672036,"[[142.89560058655042,146.07966579908575,143.21828738130648],[145.6192162540923,145.71400993815465,146.94628942499696]]","[[35.988616767624926,36.314764518045074,35.74383289974073],[36.18057316223316,36.2664342946861,36.35675034630564]]"
c1,latin1ToChars,256,302.9778404617811,78.1228678200668,3.8782222019755093,286.7352540852862,319.220426838276,67.80863459911893,88.43710104101467,"[[303.5869432302456,304.2338321152362,309.2849457052145],[306.4871457393214,301.905706223546,292.36846975712285]]","[[73.72774087173504,78.06830083435258,79.04562164482896],[79.88102837546218,83.6341953575453,74.38031983647672]]"
c1,latin1ToChars,512,640.3306255896531,162.01310300059782,3.952338506764421,590.4263478349292,690.234903344377,151.41299776645192,172.61320823474372,"[[667.7338884962596,645.942470912984,642.2799964085758],[644.7932308801659,620.3380865363769,620.8960803035563]]","[[156.02800366403082,161.443756669536,164.03338081782303],[160.10910707034535,163.37901225103613,167.08535753081557]]"
c1,latin1ToChars,1024,1243.35372573807,258.49141944670646,4.810038679037909,1156.3699218784407,1330.3375295976991,231.58383516813782,285.39900372527507,"[[1294.4680411038582,1244.6289609066282,1263.8296369390728],[1217.3828005348244,1218.607792992816,1221.2051219512196]]","[[247.49433635474156,252.43811662809983,270.70577311394584],[250.48076688532353,266.77359279682463,263.0559309013034]]"
c1,latin1Validation,16,53.914268483097516,23.848772644997823,2.2606726679666593,53.63196194540303,54.196575020792004,23.38948706572617,24.308058224269477,"[[53.739077148052175,54.036200516049796,53.98431502790913],[53.90167189222712,53.916761139609775,53.90758517473708]]","[[23.790688220285755,24.12457697010721,23.728648412698945],[23.659492736966122,23.905272494319213,23.883957035609697]]"
c1,latin1Validation,32,102.85061540818955,24.270330513343353,4.237709715227994,102.11916482230318,103.58206599407593,22.697575986063544,25.843085040623162,"[[102.54282840779675,102.61536514456063,102.75948325971854],[103.0418958806808,103.22560054758766,102.91851920879293]]","[[23.879369099524983,23.905141179387932,24.561495796614928],[24.153569952332468,25.274988462137262,23.847418590062535]]"
c1,latin1Validation,64,208.21198896264755,24.932083865486835,8.351166716989619,201.014285791661,215.4096921336341,24.442370170344113,25.421797560629557,"[[206.8254409651687,207.4737652274799,207.37099896875037],[207.21977364645298,206.95450468510398,213.42745028292939]]","[[24.756888380510883,24.90069904372529,25.129345391707005],[25.135600630885055,24.73100489892794,24.938964847164844]]"
c1,latin1Validation,128,395.06704943599635,26.49296945347962,14.912146791612585,392.0350380764538,398.0990607955389,25.79673047835335,27.18920842860589,"[[393.3148685756039,396.40421542212454,394.54865098097935],[395.6024260144613,394.84611806078476,395.6860175620243]]","[[26.728336816673504,26.67849592199814,26.674003281897786],[26.378991599288256,26.41269998681261,26.085289114207434]]"
c1,latin1Validation,256,792.0666107739364,33.177377512550066,23.87369557688277,786.5486247204936,797.5845968273792,21.413373504662452,44.94138152043768,"[[792.1829712429842,792.4948513989473,789.1229871921182],[791.4216109398467,791.9379214535464,795.2393224161756]]","[[30.854379101075136,33.66070602184427,41.449652467705626],[31.014359028039514,30.775261401119835,31.309907055515996]]"
c1,latin1Validation,512,1573.3592901933544,41.88381286517021,37.56485340191485,1565.4362317102516,1581.282348676457,40.99883477709228,42.76879095324815,"[[1574.8226301137167,1572.858664404543,1568.5627221251732],[1574.6899631994463,1572.418527591947,1576.8032337253]]","[[42.343125462678955,41.66020392331725,41.54166347936561],[42.1568871924218,41.6749930190643,41.926004114173345]]"
c1,latin1Validation,1024,3140.6041222080653,63.1250878296146,49.7520752871678,3077.013809585732,3204.1944348303987,60.93138335588414,65.31879230334506,"[[3134.4368132728127,3122.958085808581,3122.8025590735033],[3137.168118303152,3184.0854920693246,3142.173664721019]]","[[63.34038875472822,62.85125120878749,62.2989514570526],[64.56979303675048,62.92286049017052,62.767282030198274]]"
c1,unicodeValidation,16,86.50841263129536,23.99700141570687,3.6049676012717407,83.60312382760061,89.4137014349901,20.924508347606064,27.069494483807674,"[[85.78446366444146,85.0677747886567,86.71011446671004],[86.22580117498778,87.88197921992422,87.3803424730519]]","[[23.66017422068678,23.765778388172155,23.395791354251976],[23.25458900218268,23.708693974831423,26.196981554116192]]"
c1,unicodeValidation,32,161.11985618134796,25.173894837955526,6.400275254126435,157.17750506989677,165.06220729279914,24.16023815836328,26.18755151754777,"[[162.31959170575325,162.1893605720652,161.43084390626737],[160.05626855986625,158.79289618396177,161.93017616017383]]","[[25.37276337800948,24.789539417457274,25.242656983630905],[25.728719578393562,24.785233984125192,25.12445568611675]]"
c1,unicodeValidation,64,320.32204110385686,27.79577594684906,11.524126605293374,299.9485355603855,340.69554664732823,18.8005467390643,36.79100515463382,"[[330.58665212276196,319.0414014970537,322.58440077686913],[312.41364505857837,312.1841031571139,325.1220440107641]]","[[25.838834204384792,25.682187062285198,26.536986262896253],[33.903150879362215,28.814813259425048,25.998684012740853]]"
c1,unicodeValidation,128,624.6185383879599,29.793093883924755,20.965212301263577,612.5045279168703,636.7325488590495,20.01254347797346,39.57364428987605,"[[628.4321214592678,618.6114024846025,630.3834445423644],[622.4808727737087,622.5142073887124,625.2891816791033]]","[[27.136877101259042,27.552375547312323,27.50792324493507],[33.314396559752026,35.11823886851791,28.128751981772158]]"
c1,unicodeValidation,256,1250.696758556458,30.407512682870614,41.13117608797413,1182.1641061035177,1319.2294110093983,24.05585825839463,36.7591671073466,"[[1273.1148030090526,1273.4660055936945,1272.221474122818],[1226.8420276497695,1226.5588404590155,1231.977400504398]]","[[29.44162504162504,29.28469809581151,29.493236604855156],[34.98189758816672,29.140508406074243,30.10311036069101]]"
c1,unicodeValidation,512,2492.2356135013056,33.29445764504192,74.85436885836882,2353.974617269134,2630.4966097334773,30.361344704315247,36.227570585768596,"[[2518.947589362023,2526.561346991166,2560.197648261759],[2442.3039481064206,2456.2610497915134,2449.1420984949514]]","[[32.61596985787022,32.443055274806156,32.12901148903162],[34.64170481928336,33.6498418293504,34.2871625999098]]"
c1,unicodeValidation,1024,5037.340080221571,43.92326935561464,114.68499850131616,4713.059054485798,5361.621105957344,42.805439744831105,45.04109896639818,"[[5134.068498606133,5127.8730288756915,5018.04190504868],[5143.631741140216,4896.074007815075,4904.351299843628]]","[[44.05357676990766,44.2657767178027,43.99380657640232],[44.34857400856517,43.49005812423655,43.387823936773465]]"
c1,utf16CharsetDecode,16,125.32810422141655,40.32733317274754,3.107770694495389,123.47791806299158,127.17829037984153,29.069633426722795,51.58503291877228,"[[125.64355154078967,125.64125011271754,126.33355073103657],[124.91449759870268,124.87967924093662,124.55609610431624]]","[[38.255172195146734,41.48715761883993,48.038688750927925],[37.84663841648845,38.127086273016914,38.20925578206525]]"
c1,utf16CharsetDecode,32,237.1854040240836,39.286224988475546,6.037368163870695,234.04977935059628,240.3210286975709,38.0007345679054,40.571715409045694,"[[236.3388595166163,236.99917164468764,237.87842996586366],[236.86739540803052,235.98086762650627,239.04769998279718]]","[[38.908321319030804,38.7538622386319,39.022583401819254],[39.92878263504569,39.5299748381284,39.573825498197216]]"
c1,utf16CharsetDecode,64,473.56076888803733,40.775715675687756,11.61379416745332,456.1720581831022,490.94947959297247,39.940785096459514,41.610646254916,"[[464.7093565650049,468.04794043551624,475.51058758735945],[474.71319946147867,476.4553454631942,481.9281838156706]]","[[40.66925990085253,40.588825969218945,40.76512878275643],[41.370987272553755,40.62304314759418,40.637048981150684]]"
c1,utf16CharsetDecode,128,932.276665641821,43.29296283498472,21.534138681967388,875.4592295189569,989.094101764685,42.94127100641312,43.644654663556324,"[[922.8828461134502,920.8162046645795,919.8787870436715],[924.4026296181875,933.1967556789594,972.4827707320777]]","[[43.21955907904302,43.46699567706275,43.21450367086221],[43.13865260402276,43.312809750417614,43.405256228499994]]"
c1,utf16CharsetDecode,256,1842.9887479537624,47.53842387810089,38.76840243335783,1710.0830566113552,1975.8944392961696,46.23448142532073,48.842366330881056,"[[1807.8619189457531,1811.9368483284961,1816.9454413499047],[1820.4789020744633,1925.522917305922,1875.1864597180356]]","[[47.21442251204878,47.49439210408255,48.458180308498065],[47.2224624108017,47.40284122392325,47.43824470925101]]"
c1,utf16CharsetDecode,512,3620.392478129127,56.466679131942584,64.11555511648835,3436.8664356835675,3803.9185205746867,48.80560856955067,64.1277496943345,"[[3562.3417072910365,3563.194971537002,3557.846998613925],[3665.126592007027,3684.721021611002,3689.1235777147695]]","[[55.9974906682829,56.668346629174124,61.79280141181202],[54.50979381576533,54.755620409058274,55.076021857562836]]"
c1,utf16CharsetDecode,1024,7146.758244696823,76.8116427357152,93.04264288796139,7098.320914126659,7195.195575266986,55.64491177787778,97.97837369355261,"[[7150.344189700736,7151.641739875723,7142.926852416786],[7143.083474720054,7119.570188545002,7172.983022922636]]","[[91.5094692868362,76.73514103688834,76.54411550283588],[71.76825624305829,72.15509433935426,72.15778000531823]]"
c1,utf16CharsetEncode,16,144.2566598227518,38.150117207499875,3.781290081971035,135.2712960926595,153.2420235528441,36.483286678896995,39.816947736102755,"[[142.174364784589,142.7687278852816,142.1715182648402],[150.38436520723315,142.84180362290473,145.19917917166214]]","[[38.38855175977564,39.05634739689249,38.49621739349371],[37.519762969055385,37.69527420964958,37.74454951613244]]"
c1,utf16CharsetEncode,32,273.6823677677726,38.725483009054194,7.067242200795389,269.7348770431929,277.62985849235224,37.772920467193224,39.678045550915165,"[[272.2151550802139,273.45720917531406,271.92040144132204],[274.73904985562245,274.32920154715987,275.43318950700296]]","[[38.793769980243994,39.11218853819787,38.924716332696846],[38.907214328115145,38.3251106804797,38.289898194591615]]"
c1,utf16CharsetEncode,64,534.4019608114921,39.66149669560653,13.474074488739355,521.4454041344683,547.358517488516,39.172081773802994,40.15091161741007,"[[529.4948606587043,529.0700872854849,533.7148332469143],[535.6999620184772,537.5239132884998,540.9081083708721]]","[[39.807401102564235,39.70758462013987,39.83199836765345],[39.41499130458053,39.73064234521416,39.47636243348694]]"
c1,utf16CharsetEncode,128,1076.4789293871056,43.082749169186954,24.98631006948391,983.8551944184695,1169.1026643557418,42.26819899492391,43.89729934345,"[[1056.025569349667,1057.4233526548626,1076.6039431532326],[1062.3766798544746,1064.2069823663253,1142.2370489440718]]","[[42.80350924020491,43.275075302181065,42.708668560702186],[43.42801581057838,43.283925149251715,42.997300952203446]]"
c1,utf16CharsetEncode,256,2124.6940117002805,49.32581244720154,43.07468861206407,2023.0982358847657,2226.2897875157955,48.32778805774182,50.323836836661265,"[[2098.1973258209646,2081.114540410428,2100.91056518273],[2157.2953146264013,2170.440115283767,2140.206208877391]]","[[49.534861331880826,49.144054487525544,49.274300067902026],[49.13727073004725,49.93007416980278,48.93431389605084]]"
c1,utf16CharsetEncode,512,4279.2154461782275,58.9664026443715,72.57040033434514,4057.4403830044384,4500.9905093520165,55.81525939083977,62.11754589790323,"[[4212.724412098776,4341.298062334735,4166.014283428022],[4366.098474280732,4261.690026380734,4327.4674185463655]]","[[57.95662363904272,58.29639818110994,58.00706613054612],[59.19816184990234,60.867769237921664,59.472396827706206]]"
c1,utf16CharsetEncode,1024,8455.39477684227,76.59680414907182,110.38834936750726,8172.088893386798,8738.700660297742,73.39781017406445,79.79579812407918,"[[8305.715954527635,8351.018095396932,8528.386528144427],[8535.53285044738,8526.997190532948,8484.7180420043]]","[[75.04017691529172,75.84458666262734,76.00913901023223],[77.08314109624786,77.67584985319414,77.9279313568376]]"
c1,utf16Encode,16,61.82910487329115,63.225691140940526,0.9779110952771374,56.91680592414943,66.74140382243287,60.94877238559177,65.50260989628929,"[[62.17918068818219,59.1803432536663,60.76301406346974],[64.01301871596226,61.52460427895704,63.31446823950936]]","[[63.536040959449714,64.16040602113867,62.479423179015754],[62.34929628668202,64.09647368226099,62.732506717095994]]"
c1,utf16Encode,32,121.48771208434941,67.65783104269978,1.7956193719493736,95.36100795684207,147.61441621185674,62.44285203900528,72.87281004639429,"[[126.11912118385128,138.50207836325984,117.74985185742571],[115.81608677794888,116.39297082274355,114.34616350086722]]","[[68.05609648535685,68.05139431295335,66.52783020278014],[68.66234629855101,70.01456395216252,64.63475500439486]]"
c1,utf16Encode,64,221.34152825214176,85.2567116605955,2.5961771682362786,202.4286951166207,240.2543613876628,75.7538931317,94.759530189491,"[[222.1631469198518,227.65832785923888,230.34220828687194],[218.0456237164927,212.4184074685171,217.42145526187815]]","[[84.24270846728002,89.06247384186669,81.20271773590657],[83.7905860778894,83.49029148469887,89.75149235593142]]"
c1,utf16Encode,128,451.71330003547655,121.37031483429783,3.721777443291493,413.77331895945434,489.65328111149876,118.98794187549325,123.75268779310241,"[[441.82324984679684,465.6606488627699,465.5736380639085],[438.02648577963794,438.76869260303533,460.4270850567106]]","[[120.69589462788362,120.69519289521796,121.72152192622055],[122.88723423868865,120.84699744386273,121.37504787391345]]"
c1,utf16Encode,256,950.9231207807917,226.96781636591768,4.189682643144932,926.1369258638375,975.7093156977459,215.19558915108234,238.74004358075302,"[[945.0287342763586,964.4894266510024,952.8807955843167],[952.2775027705948,938.1558290713576,952.70643633112]]","[[222.87691435180534,225.48505963986437,227.96398896380913],[222.3710910185259,233.13296105510386,229.97688316639756]]"
c1,utf16Encode,512,1835.8906999799226,604.4011765251133,3.037536608606585,1615.8090449294841,2055.972355030361,583.1113335468602,625.6910195033664,"[[1899.496851289833,1958.9850054738818,1817.8131370917413],[1807.1009563334537,1784.2476074119324,1747.700642278693]]","[[594.2354449006717,599.3442100979148,601.0395419750158],[607.6696175572936,608.8954114881534,615.2228331316309]]"
c1,utf16Encode,1024,3639.2945488251216,1115.7118621059003,3.2618587938609633,3290.401973346631,3988.187124303612,1046.9914921390327,1184.4322320727679,"[[3575.2681657816897,3785.1011720477663,3811.8731633041493],[3543.454998938654,3575.9726825209736,3544.097110357496]]","[[1132.7581624211691,1090.3278094138911,1119.00039114886],[1080.7515299492811,1131.5659198499588,1139.867359852242]]"
c1,utf32CharsetEncode,16,217.16252928794836,50.73148231055508,4.280626534004625,199.1511188861721,235.17393968972462,42.63595599729962,58.82700862381054,"[[229.33820101075037,215.6251141601573,211.06193841568674],[214.8518319950792,218.35452978731738,213.74356035869923]]","[[49.064182228087866,50.62971457103784,49.529382588084964],[49.57810795835504,49.07887072090292,56.50863579686187]]"
c1,utf32CharsetEncode,32,419.4947364452802,46.70321287355614,8.98213871454661,355.8407940446334,483.14867884592695,36.16649847634873,57.23992727076355,"[[408.0012752555604,404.94100354625704,403.66387828407636],[462.7395226902911,426.25411336108203,411.368625534414]]","[[46.697136273219755,45.49600167342391,54.17922703667456],[44.604125142139154,44.32855900376443,44.91422811211505]]"
c1,utf32CharsetEncode,64,818.2759371772897,49.26797697462403,16.60867742953503,772.4686842872093,864.0831900673702,39.932020526508964,58.60393342273909,"[[804.2754906134777,825.1087182191171,794.8468066065877],[829.4391678123602,838.6964194523277,817.2890203598678]]","[[51.048325571181756,51.73549983020214,53.775509733085514],[46.78109700699497,46.21432012358873,46.05310958269104]]"
c1,utf32CharsetEncode,128,1610.4379494970158,51.02190697111301,31.563656576160408,1571.9243685381605,1648.951530455871,46.82053412734604,55.22327981487998,"[[1616.1520995384565,1591.8443455455774,1595.0767721965124],[1623.1202090310474,1613.372223385577,1623.0620472849248]]","[[53.80562399810409,50.278541359967384,50.35545848061213],[50.1247410018798,51.66654284989073,49.900534136223925]]"
c1,utf32CharsetEncode,256,3206.6375153595895,61.02851545331593,52.54326590677964,3118.9578373014638,3294.3171934177153,59.08679470619019,62.970236200441676,"[[3176.3174769289317,3175.5906842539157,3182.8814542457762],[3231.658305193761,3234.6242935116106,3238.7528780235416]]","[[60.10947049173615,60.81923284363149,60.391763781360616],[61.82337666987899,61.491500935471215,61.53574799781714]]"
c1,utf32CharsetEncode,512,6386.924549105337,73.71963296891472,86.63804053119071,6238.343446103262,6535.505652107412,70.48154120000787,76.95772473782158,"[[6306.700906915228,6334.434156120787,6409.790757216923],[6416.597488306529,6416.31471040492,6437.7092756676375]]","[[72.71287780144414,72.6464115256077,72.88762958627603],[75.34016239962821,74.7833496162939,73.94736688423833]]"
c1,utf32CharsetEncode,1024,13170.210355773439,108.72177769871199,121.13681945369318,12726.925096461433,13613.495615085445,98.52087608731736,118.92267931010662,"[[13296.423242831768,13291.373374037696,13331.683218510334],[13107.396823347108,12950.040226986128,13044.345248927597]]","[[111.22294113671101,106.95452662197458,106.27642323021648],[114.91679279730013,107.57030645992613,105.38967594614361]]"
c1,utf32TightCharsetDecode,16,235.5106700173601,76.70353300185747,3.0704018550443686,229.72389383570112,241.29744619901908,70.67004069796127,82.73702530575366,"[[238.53660017862458,233.0963433926236,236.38183902046003],[235.1103885819271,233.41985038241808,236.51899854810722]]","[[78.87152119080187,78.52138003528925,74.60824077861447],[78.58787482240042,74.620728555865,75.01145262817373]]"
c1,utf32TightCharsetDecode,32,443.72842181006047,80.66022379971933,5.501204942250662,411.5940441490972,475.8627994710237,77.13545638099939,84.18499121843928,"[[465.7725226272755,444.6303187659362,441.9595765710907],[438.68733140655104,438.0171965134638,433.30358497604567]]","[[81.57655125482361,79.73900028739727,79.87857089931245],[80.45471843836064,79.56467792211018,82.74782399631185]]"
c1,utf32TightCharsetDecode,64,861.8883690439787,90.41874012058342,9.532187330796193,772.954050529019,950.8226875589385,86.98885465340474,93.8486255877621,"[[852.1029873478035,926.0403538939428,854.5511719954765],[850.4363461897726,844.2791987725303,843.920156064347]]","[[92.29084809882879,90.5488344927227,89.48175323352501],[89.5054657724598,89.28565862617744,91.3998804997868]]"
c1,utf32TightCharsetDecode,128,1676.006625780039,121.99543567485799,13.738273210867732,1570.6244752013831,1781.388776358695,89.69397122650014,154.29690012321583,"[[1681.8774365776262,1748.5613205076727,1664.4108561928513],[1663.265456598635,1647.7063439834162,1650.2183408200326]]","[[143.52020102172673,115.06447673470139,113.90174808554384],[125.70792860253815,113.67622380479965,120.10203579983813]]"
c1,utf32TightCharsetDecode,256,3309.2238926130462,168.42698444180832,19.64782486357693,3251.389726021301,3367.0580592047913,147.0930298179351,189.76093906568153,"[[3296.5484497399775,3338.3798540048665,3289.455877040297],[3316.7008075504305,3288.955009687695,3325.303357655011]]","[[174.51556076073277,162.88211885203913,171.38286167961084],[178.83370652496097,159.49214645511543,163.4555123783908]]"
c1,utf32TightCharsetDecode,512,6788.35297369974,302.35075387897484,22.451913503139423,6232.629759957176,7344.076187442303,216.8345605748821,387.8669471830676,"[[6968.450427885619,6735.971422807961,6683.084723020893],[6549.8889542868355,6709.395672851497,7083.326641345632]]","[[335.13171684993205,281.9905597009682,347.2118561677363],[279.96280216600644,289.282055586131,280.52553280307507]]"
c1,utf32TightCharsetDecode,1024,13882.875023108429,526.7745696016194,26.354489803119286,11463.592096118082,16302.157950098775,504.8387277496506,548.7104114535882,"[[13577.797099484955,13441.471953837896,13292.455489994869],[13093.876431662,15264.298537031393,14627.350626639463]]","[[519.4801359026895,539.9653718401092,524.645140832521],[531.9195833068666,524.3232072547542,520.3139784727761]]"
interpreter,asciiCharValidation,16,2349.8095202110444,467.99153468662576,5.021051335436041,2181.495312471306,2518.1237279507827,437.6765975548338,498.3064718184177,"[[2435.190099009901,2410.1220122758455,2278.4354424043863],[2332.291537583564,2315.4203917397035,2327.397638252865]]","[[477.69459329207484,476.81542110602544,478.82540261515163],[456.11331335070423,458.52582456333175,459.9746531924667]]"
interpreter,asciiCharValidation,32,4612.213668485827,467.20034746044314,9.872025338928784,4410.37651625937,4814.050820712284,437.6295288247957,496.77116609609055,"[[4657.897222351463,4488.595419505199,4680.7985510633325],[4663.402636113828,4578.340664868078,4604.247517013058]]","[[461.52351777836174,470.8891308130376,469.3407279614454],[479.6546468561791,472.53795804723813,449.256103306397]]"
interpreter,asciiCharValidation,64,9107.487640696403,454.90652900100787,20.020569194064535,7758.784189924528,10456.19109146828,432.77367203749475,477.039385964521,"[[10019.718390229253,9008.917056495142,8574.871564346262],[9016.765913387953,8963.78276047261,9060.870159247195]]","[[440.8504570834728,458.233109236775,450.9744740078105],[460.4295181027624,462.22537992049814,456.7262356547282]]"
interpreter,asciiCharValidation,128,17726.585591267045,461.6300234064514,38.39998417013557,16321.815902059221,19131.35528047487,440.1439489134534,483.1160978994494,"[[18076.892245186362,17093.0034135518,17220.030771875536],[17787.35692618807,17771.286246672582,18410.943944127917]]","[[471.95495143068564,467.6117314652656,462.5638430086165],[461.34950118655394,451.3630646470111,454.93704870057576]]"
interpreter,asciiCharValidation,256,34666.30691038001,460.67137560125195,75.2517059805046,32557.534640110855,36775.07918064916,438.4545730112914,482.8881781912125,"[[33689.560228802155,34917.245467224544,35909.07529580495],[34541.42103448276,34175.60989761092,34764.929538354736]]","[[453.94122021110667,454.3907948955327,454.84061381353007],[469.15056645145575,471.748462991666,459.95659524422064]]"
interpreter,asciiCharValidation,512,68495.01589376027,475.5062298189067,144.0465163197675,64886.47127606871,72103.56051145183,432.9122088936962,518.1002507441173,"[[67881.88075880759,66950.98515171077,67270.20416386837],[69592.43293954135,69316.55743243243,69958.03491620111]]","[[489.2630287867164,487.5597596369232,490.78488178324966],[460.29973178969425,459.4479532324748,465.6820236843819]]"
interpreter,asciiCharValidation,1024,144125.0598029355,478.1855339202526,301.3998742734266,130690.86864098295,157559.25096488802,462.77342683576984,493.5976410047354,"[[136830.21174863388,142894.99454297408,140775.00561797753],[147189.35389133627,147981.58468335788,149079.20833333334]]","[[477.3886950220722,478.0588726812615,468.1570366774591],[484.3852520473862,480.7685086931679,480.3548384001689]]"
interpreter,asciiValidation,16,1753.7400074062002,610.5978704383319,2.8721685618510873,1508.2600373129885,1999.219977499412,575.545470826727,645.6502700499369,"[[1760.5914644699042,1853.5437768399229,1667.2747327761313],[1863.2946189342067,1703.2499659817663,1674.4854854352698]]","[[622.8388999135309,611.6633784320313,593.1107543951097],[600.206204784253,625.310758912681,610.4572261923856]]"
interpreter,asciiValidation,32,3217.2865379772097,606.1403360082386,5.30782451992022,3078.413314256357,3356.1597616980625,573.0100588367256,639.2706131797515,"[[3198.5282880235122,3205.5592086307906,3311.9020107149945],[3223.455675014485,3194.6345190620514,3169.639526417424]]","[[602.0118384108031,601.3000756584083,593.1553908762951],[606.7136694134755,628.2311962863057,605.429845404144]]"
interpreter,asciiValidation,64,6218.497971413731,592.2148266537946,10.500409127799546,5835.082426553897,6601.913516273565,554.4713671493402,629.958286158249,"[[6101.142421841672,6140.073215599706,6106.185011281175],[6426.258006546434,6348.478255356917,6188.850917856481]]","[[602.1455455250765,604.7021493752378,604.6349001231854],[573.3576423290363,581.6055838212062,586.8431387490256]]"
interpreter,asciiValidation,128,12181.41399467937,595.9000803735277,20.442041201007562,11884.923233016183,12477.904756342556,580.9657871861181,610.8343735609373,"[[12142.123956096397,12285.660451422964,12043.368686868687],[12328.256587047525,12136.004240882103,12153.070045758535]]","[[604.7436972252087,594.881539000814,588.614931549526],[596.1594296091215,597.6345725727996,593.3663122836961]]"
interpreter,asciiValidation,256,24042.1677062481,596.6496188250319,40.29528712947773,23439.43747316746,24644.897939328737,575.7879387665381,617.5112988835257,"[[23791.5975291043,24193.501087219134,23869.072211630122],[24353.545233463035,24116.526018365905,23928.764157706093]]","[[602.1856138057576,609.2192971782486,590.3447916114088],[593.079088281287,593.4608478182281,591.6080742552613]]"
interpreter,asciiValidation,512,50347.0779621762,597.7637323291771,84.22571534408686,41938.66880570742,58755.487118644975,558.352984414955,637.1744802433991,"[[50996.63492871691,55439.410071942446,51669.54409489428],[48047.65930902111,47638.053023255816,48291.166345226615]]","[[593.0415874426182,608.3008826441662,619.425542180599],[581.6885347802345,586.5115528561472,597.6142940712972]]"
interpreter,asciiValidation,1024,97912.8740170599,625.3530971205402,156.57214215121522,82681.15895231304,113144.58908180677,522.8253044455612,727.8808897955191,"[[108985.35582154516,95584.24045801527,95705.68392370573],[96092.62763915547,95245.37262357415,95863.96363636364]]","[[612.0263608867937,698.9531813475822,621.3166841409774],[610.1484081284465,604.5430102983255,605.1309379211158]]"
interpreter,base64Decode,16,994.4510419668816,551.9696101836305,1.8016409302607175,922.6965315696013,1066.2055523641618,452.089853231197,651.849367136064,"[[1018.1000823513863,1020.9661685428889,1003.24388142538],[962.516672594273,997.5116832669323,964.367763620429]]","[[533.7274573344278,536.451365973859,533.2187704677973],[596.9468675654242,596.765365493067,514.7078342672081]]"
interpreter,base64Decode,32,1453.296976057662,573.2494673472954,2.53519114947071,1238.350416179917,1668.2435359354072,547.6927127719339,598.806221922657,"[[1521.9930838450782,1338.8829883951014,1380.8912177162476],[1505.5062326140892,1512.967339416279,1459.5409943591762]]","[[568.1762070314937,574.5425946212569,579.3322977959222],[583.8140664544045,557.9699165152647,575.6617216654304]]"
interpreter,base64Decode,64,2334.281749043989,541.3230986886067,4.3121783546627706,2171.1313436169553,2497.4321544710224,523.1314699070107,559.5147274702027,"[[2303.806952560622,2434.7002552570802,2288.7093065776844],[2280.4845461792506,2333.047484796943,2364.9419488923527]]","[[539.6919059348572,531.7206826424251,541.4324803703142],[551.1683175403725,538.9792702883104,544.9459353553605]]"
interpreter,base64Decode,128,4622.790846589264,628.5046370933455,7.3552215429441405,3789.9246830493207,5455.657010129207,583.3809078509285,673.6283663357626,"[[4987.144394082781,4733.372205152446,4761.631876753364],[4726.067676624663,4196.9516345347865,4331.577292387543]]","[[621.7448133681903,611.4314134847236,616.0486661416547],[656.0025482296682,630.9543406333701,634.8460407024662]]"
interpreter,base64Decode,256,8083.892049857,670.0448196354974,12.064703454098213,5167.62338195343,11000.16071776057,641.9463086457216,698.1433306252733,"[[7804.2173746063445,7705.987379761446,7609.33178883403],[10196.025483902344,7694.254245101805,7493.536026936027]]","[[660.6041012377609,663.7983889680777,673.2961461128259],[677.8394897903916,684.443864194071,660.2869275098575]]"
interpreter,base64Decode,512,14638.727949724138,901.9980085280843,16.229224245863012,13883.775055448683,15393.680843999593,828.6574719904669,975.3385450657016,"[[14540.644692899667,14805.926082663282,14765.7247273799],[14317.253895639742,14387.164626598817,15015.653673163419]]","[[892.1827286335448,881.7379491288156,892.2771040320785],[952.7826020762562,905.9745991240453,887.0330681737652]]"
interpreter,base64Decode,1024,30108.842350134342,1196.7594739260883,25.15864131942845,28677.956116811692,31539.728583456992,1087.0260933028355,1306.492854549341,"[[30395.87496206373,30286.30238887209,30187.119941775836],[30308.72185230024,29079.43583042973,30395.59912536443]]","[[1204.8612687813022,1221.3331585365854,1258.4438258727725],[1154.3272978735665,1174.8800641032824,1166.711228389021]]"
interpreter,base64Encode,16,807.6037715098196,431.3598218312349,1.8722276174942094,720.8983689511972,894.309174068442,383.7942840556961,478.9253596067737,"[[813.2588357588357,825.2823863224163,842.4197554757117],[797.0991898000764,815.2310904192543,752.3313712826234]]","[[429.2100756056164,459.8120778248711,424.6100887087199],[442.1198832604079,414.8471495296144,417.5596560581799]]"
interpreter,base64Encode,32,1350.2766857748234,441.7740336155874,3.0564872152485436,1156.7770961996866,1543.77627534996,427.030448820157,456.51761841101785,"[[1422.0424896973143,1309.8609871924018,1397.1139791547487],[1411.5561366167206,1254.5675922794624,1306.518929708292]]","[[444.7218429503551,441.79801349341875,446.27773693192705],[432.41997797499516,445.87408413087024,439.55254621195826]]"
interpreter,base64Encode,64,2415.750044697425,417.29191522588985,5.789112984347476,2051.4911055422053,2780.0089838526446,389.7159747201604,444.86785573161933,"[[2450.0460017617697,2344.1958236767564,2320.738388801335],[2551.25962346827,2254.9506864122795,2573.309744064138]]","[[402.4331359947912,408.0686447101396,428.11665861406965],[422.1863003879238,420.58700737959333,422.3597442688214]]"
interpreter,base64Encode,128,4692.619267140706,443.7118579985017,10.575825690817016,3864.811963025276,5520.426571256136,427.67258364516283,459.7511323518406,"[[4656.432524181548,4504.665512278492,4321.482973940554],[4975.92519054323,5105.921414738559,4591.2879871618525]]","[[449.24203692343,447.0643556841419,447.79697819272855],[442.7385344629371,441.7262842144732,433.70295851329945]]"
interpreter,base64Encode,256,9039.199986458145,424.02271225197353,21.31772597380737,8283.5025601821,9794.89741273419,411.20790915997964,436.8375153439674,"[[8937.567285382831,8879.560471714844,9494.352232862426],[8869.624957118353,9240.463689212882,8813.63128245753]]","[[428.55390482549626,426.0234039294436,426.0755784761759],[415.39417887352573,424.82493636517904,423.26427104202065]]"
interpreter,base64Encode,512,17954.49479609856,438.70423210006186,40.92619464861558,15986.508652377212,19922.480939819907,425.5409728714283,451.8674913286954,"[[18242.007285974498,17603.03334473324,16790.518947015426],[18649.474487895717,18592.85146676569,17849.083244206773]]","[[442.043854342584,432.36299811311795,439.68665273582917],[442.91497916611377,433.2660087652884,441.95089947743804]]"
interpreter,base64Encode,1024,35925.3241978087,433.56980944326676,82.85937677242627,32594.021116588796,39256.62727902861,409.56843002676055,457.571188859773,"[[35174.19585819586,35662.05731577074,34125.82862010221],[36307.41153009427,36938.85508849558,37343.596774193546]]","[[432.59505160518256,424.25982730716106,423.2010617254047],[437.239097685264,444.65622031867207,439.467598017916]]"
interpreter,charArrayCodePointCount,16,537.973427841677,218.6407466952606,2.4605359978554193,458.47352211908265,617.4733335642713,161.4733047410347,275.8081886494865,"[[540.161717489491,540.7892337442069,486.91784712192606],[572.1022163054719,552.9762303092544,534.893322079712]]","[[199.84423934066942,199.00647244689097,202.75433271439823],[228.44410774103451,240.9160343005947,240.87929362797578]]"
interpreter,charArrayCodePointCount,32,929.4905732283835,218.67847492587936,4.250489553411384,754.7694509423768,1104.2116955143902,164.16843639865027,273.18851345310844,"[[961.6452960668491,977.8495220053317,944.2244170587514],[865.7654932683079,988.7748076904087,838.683903280652]]","[[204.1464400766627,201.76563882155472,197.4551522333673],[232.86919802763177,237.76279545789146,238.07162493816827]]"
interpreter,charArrayCodePointCount,64,1746.0033089742253,220.61676872759529,7.9141912876536065,1414.7830795545835,2077.2235383938673,173.89426951226113,267.33926794292944,"[[1727.811979021094,1836.0219846712384,1755.5109061579465],[1543.1553956169282,1886.455066129093,1727.0645222490514]]","[[198.6882684446561,210.90734947449582,208.0440464464864],[233.86417737161653,236.10494102330057,236.09182960501633]]"
interpreter,charArrayCodePointCount,128,3236.0109103891286,224.12773590498387,14.438243876076966,2722.5045490588996,3749.5172717193577,209.36334926742202,238.8921225425457,"[[3098.729616789451,3504.0901042760165,3265.79877422767],[3354.9223990618193,3203.191831643586,2989.3327363362287]]","[[221.3916758812862,220.39128951232453,220.56239989601303],[230.41209627118332,231.38552696358857,220.62342690550744]]"
interpreter,charArrayCodePointCount,256,6283.1330749840245,245.83808255728192,25.558013671539324,5524.973055730832,7041.293094237217,218.8498169519804,272.82634816258343,"[[6396.918088301067,5768.239760354859,6278.381552545774],[6565.075754722902,6334.1855154965215,6355.997778483022]]","[[236.92013574981894,237.84287845529613,236.4369960463106],[254.05703437493656,254.765199332166,255.00625138516327]]"
interpreter,charArrayCodePointCount,512,12409.435914052488,278.06446096157106,44.62791063316607,11052.617170442652,13766.254657662324,276.2957846260708,279.8331372970713,"[[11479.646296720935,12487.768674398303,12724.019062142585],[12556.376222723853,12377.077140169333,12831.728088159918]]","[[278.1580231407898,278.03554249658407,277.45748637757],[279.191048680365,277.4797606337406,278.06490444037695]]"
interpreter,charArrayCodePointCount,1024,23962.592378205467,344.21932369738397,69.61431485256149,21239.68197892393,26685.502777487003,327.49277059561194,360.945876799156,"[[24150.329153605016,24426.50744083923,23146.652784065187],[22443.346033168982,24995.263105341986,24613.45575221239]]","[[349.1286615162021,353.2964177313475,338.02856805253117],[340.04348623603903,340.27782611355434,344.5409825346296]]"
interpreter,charsetAsciiEncode,16,1205.6678659319373,922.7944088701765,1.3065400639001454,1107.7729096161174,1303.5628222477571,842.8182726591674,1002.7705450811857,"[[1272.0132864201607,1186.7603627096544,1178.7243652372488],[1203.897112217173,1181.6422060268214,1210.9698629805657]]","[[945.7218939866204,944.9961582027563,945.9042071747778],[919.3388114103141,876.1902249059245,904.6151575406662]]"
interpreter,charsetAsciiEncode,32,1629.3672434682435,948.7925619995574,1.7173060885241251,1480.1325847700741,1778.6019021664129,884.3088327965709,1013.2762912025439,"[[1676.629777256741,1666.0485730926034,1675.558519807863],[1628.8807502114646,1559.8776657891046,1569.208174651684]]","[[973.1295239576549,968.8236973521214,962.9240203151152],[939.4266680428235,915.3951328323551,933.0563294972744]]"
interpreter,charsetAsciiEncode,64,2260.9881499945254,928.0804010722635,2.4361985743716588,2132.5086838308616,2389.4676161581892,840.1091150535558,1016.0516870909712,"[[2326.28180649899,2229.8672426462404,2235.9706151613264],[2295.2550326348332,2274.7833435561915,2203.770859469572]]","[[956.612655397464,956.4999092376921,955.2822971528891],[894.7194752504446,893.8459677347356,911.5221016603554]]"
interpreter,charsetAsciiEncode,128,3380.981477891457,935.7082220016775,3.6132860633187804,2851.5313190267652,3910.4316367561487,894.1086548901044,977.3077891132507,"[[3217.5444482447683,3196.1043408873284,3453.2325060324024],[3343.645273316192,3362.1455815202794,3713.2167173477715]]","[[955.3576683428594,949.7468908009448,931.9842571731804],[936.2846175425473,924.7163728378416,916.1595253126916]]"
interpreter,charsetAsciiEncode,256,5930.110187166472,927.2906100597434,6.395093536841064,4663.3841536484215,7196.836220684523,858.0038709486803,996.5773491708064,"[[5778.16906121978,6360.824747506828,6615.988834566596],[5513.921314905567,5561.976228825326,5749.780935974734]]","[[948.7793647935247,948.0212518112339,952.1869054866448],[905.0241508342523,900.414511545932,909.3174758868727]]"
interpreter,charsetAsciiEncode,512,10608.892181087065,933.1390109904653,11.369037256117316,9593.701227359441,11624.08313481469,873.319988701046,992.9580332798846,"[[11062.045931323837,10294.822375662963,10499.064583770183],[11052.5287381634,10496.21926437716,10248.67219322485]]","[[935.0142889162838,973.4860626330783,924.1416732038208],[915.2694912930207,917.5331213517946,933.3894285447935]]"
interpreter,charsetAsciiEncode,1024,21371.526578232548,965.5764597999193,22.13343786639229,18996.253405532603,23746.799750932492,899.0840781168282,1032.0688414830104,"[[21584.4361129067,21233.84351145038,20775.396183364446],[21462.52471886272,22824.841283798636,20348.117659012394]]","[[955.8117832418238,955.4688594356817,944.4321058688147],[956.7561108348268,969.9158836862396,1011.0740157321297]]"
interpreter,charsetDecode,16,2737.006069804899,719.967912593015,3.8015667392000565,2516.9632200428637,2957.0489195669347,684.5579976259224,755.3778275601074,"[[2765.658601927804,2731.055175235238,2877.506019941956],[2710.790632191688,2660.7423751328374,2676.2836143998716]]","[[721.1877978204224,744.7417816981019,711.2232316631388],[712.9628297789013,716.2650523981545,713.426782199371]]"
interpreter,charsetDecode,32,4481.225716351765,755.4242320960726,5.932065091316605,3738.4335542299386,5224.017878473592,717.258651041658,793.5898131504872,"[[4435.822539204394,4909.365129643876,4354.619884312617],[4687.214145291144,4260.730576121181,4239.602023537381]]","[[744.5230698303875,774.9619437395556,736.4883308693189],[756.9075327189009,763.4379598215987,756.226555596674]]"
interpreter,charsetDecode,64,7519.662008412696,777.4905490433697,9.671708572747214,7191.18107378971,7848.142943035682,740.0381581973586,814.9429398893808,"[[7536.909836682472,7744.8970610982215,7438.781277860327],[7439.005423074066,7454.122456557256,7504.255995203837]]","[[771.2789273388389,801.2085136681094,777.9515548891807],[782.3350341066252,767.9421261322065,764.2271381252576]]"
interpreter,charsetDecode,128,14997.414031862829,827.0612149095804,18.133378474896134,5495.6662671229715,24499.161796602686,791.3434362026578,862.7789936165029,"[[13763.021212518004,21897.973769781052,13868.862326869807],[13741.431216216217,13234.848021108179,13478.347644683714]]","[[830.9166251701358,842.6990820593506,836.2360044091122],[828.492531879153,814.5190713640764,809.5039745756544]]"
interpreter,charsetDecode,256,26847.03238736444,906.776638439344,29.60710636918365,23884.246371108096,29809.818403620786,879.114004756281,934.4392721224069,"[[28229.82351282774,27436.873459326212,27018.12613784135],[27161.423221982757,25911.45899094437,25324.48900126422]]","[[914.3632146118722,917.4650242333734,914.2414904495819],[903.2294950102093,896.0014946077773,895.3591117232497]]"
interpreter,charsetDecode,512,53104.81342493324,1132.1069490807158,46.90794758220942,50051.268753803444,56158.35809606304,1113.441361546806,1150.7725366146256,"[[52605.513655462186,52677.295115681234,55102.96365524403],[52053.53638253638,52648.29381443299,53541.27792624265]]","[[1136.9643214026162,1138.300493394875,1136.8942815299206],[1132.5414922739305,1125.3971244533875,1122.5439814295646]]"
interpreter,charsetDecode,1024,106810.02268094235,1536.077294738435,69.53427607243559,84672.16463024897,128947.88073163573,1476.615486754694,1595.539102722176,"[[104460.51122448979,101099.33400605449,102510.04708290685],[119940.37159763313,112839.63963963964,100010.23253493014]]","[[1535.6201650256128,1556.080354922924,1567.0970765908166],[1515.1477350123353,1523.3124068044185,1519.2060300745034]]"
interpreter,codePointCount,16,1193.486008081801,310.7877560295682,3.840196355638455,1071.9311138028424,1315.0409023607594,284.6865839283675,336.8889281307689,"[[1185.0538314040195,1145.6163252233393,1141.9350104343662],[1224.601802925779,1216.647672045101,1247.061406458201]]","[[313.28932839344736,299.8353634801147,298.60793494111715],[317.8566005034457,320.45804987936543,314.6792589799189]]"
interpreter,codePointCount,32,2149.810625763361,308.9557433720945,6.958312547613692,2027.5632383547756,2272.0580131719457,272.5434720636291,345.3680146805599,"[[2111.221130531953,2148.345383163134,2142.433433818656],[2212.6690898645516,2186.179948473866,2098.014768728004]]","[[294.3149798189734,294.8908442407606,303.27140507682475],[320.8600237057919,318.7762730641403,321.6209343260762]]"
interpreter,codePointCount,64,3764.7543769997687,318.9486001540478,11.80363975631636,3519.172774496231,4010.3359795033066,273.0007828213827,364.89641748671295,"[[3775.6902077598884,3656.501971810414,3694.362036001587],[3877.620207574936,3731.7085149990685,3852.6433238527175]]","[[307.88102398523984,304.7215962169876,302.3286103353367],[342.8231163486591,330.0392603841707,325.8979936538931]]"
interpreter,codePointCount,128,7393.4591248104225,321.547194078768,22.993387163562932,6181.71167681918,8605.206572801666,278.7958787437592,364.29850941377674,"[[6948.307382736609,6936.610999515135,8033.829221709375],[7713.767274614472,7442.793162393163,7285.44670789378]]","[[307.6627652286642,308.72483891851897,307.48351439151554],[332.9076497499734,331.47623868173895,341.0281575021966]]"
interpreter,codePointCount,256,14603.75179183951,332.52661645154797,43.91754244420733,13119.376875393951,16088.126708285068,310.242850217611,354.8103826854849,"[[14115.356205169846,14054.721122807017,14975.546814238707],[14465.82029478458,15441.961135101788,14569.105178935119]]","[[322.8578595102072,323.1911465695862,333.29895452291163],[342.41992109191006,335.72976235180516,337.6620546628674]]"
interpreter,codePointCount,512,28822.99157525566,375.96930326752005,76.66315128590891,25744.849042841885,31901.134107669433,359.74539452480457,392.1932120102355,"[[29390.537265258215,27270.67102396514,28934.235481074833],[28296.3741169822,28517.342539863326,30528.789024390244]]","[[372.6404831813158,379.06489209885797,365.9091151600196],[381.15294984313124,380.19298891728016,376.8553904045155]]"
interpreter,codePointCount,1024,56256.808377407644,439.9104574271551,127.88240749362778,51498.24056893596,61015.37618587933,425.0898514411406,454.73106341316964,"[[56489.08629441624,58132.25085324232,54090.19978401728],[56371.04333145751,57978.16386797916,54480.106133333335]]","[[432.85747690818164,436.9479113739536,436.29728422392077],[444.67350998965287,442.5965123935533,446.0900496736685]]"
interpreter,encodedLength,16,1244.3558913520963,229.35757822265418,5.425396888975297,1115.7450234165374,1372.9667592876551,215.95095288860756,242.7642035567008,"[[1285.7540985711169,1297.7137579716907,1239.7290983149892],[1236.7601867519732,1238.2430777982513,1167.9351287045567]]","[[229.8752958515359,235.05453999122025,224.6193764981658],[223.50333535746816,234.30852594226528,228.7843956952697]]"
interpreter,encodedLength,32,2248.011278283859,233.47226305213172,9.62860105477242,1739.6599347716283,2756.36262179609,215.56947382998382,251.37505227427962,"[[2593.699803098606,2185.487145912444,2101.8102214293212],[2292.4928564886895,2180.669301626707,2133.908341147387]]","[[231.1317914458254,230.18584367816092,231.1174664869456],[244.3129617881021,226.54886369291884,237.5366512208374]]"
interpreter,encodedLength,64,4120.400213569431,208.1878909839972,19.79173809818821,3857.5295125314415,4383.27091460742,187.56046853210117,228.81531343589322,"[[4246.415726524727,4179.383260437376,4074.5767884756247],[4006.7146439699063,4175.589442081561,4039.72141992739]]","[[198.33328644534214,200.67663489976997,208.89710060875117],[211.0544494339384,217.65328994702784,212.51258456915357]]"
interpreter,encodedLength,128,8194.149030475422,209.80043803827476,39.05687284113549,7191.86932846601,9196.428732484834,190.4700355295176,229.13084054703194,"[[8222.26591114396,8329.57258131603,8051.63176517893],[8756.22525358517,8140.697179091131,7664.501492537313]]","[[203.1163101577159,222.19700230762405,213.16870632161763],[207.27196296702684,206.66343968608152,206.38520678958272]]"
interpreter,encodedLength,256,16062.121437813199,214.74985263359693,74.79456325969247,14228.625995093906,17895.616880532492,198.5980341498961,230.90167111729775,"[[15651.843726745052,17331.21872296245,15961.203060248645],[15849.045786431396,16067.745346598203,15511.67198389345]]","[[224.54786598287225,212.8389878238766,207.93627059094695],[215.85488259186118,210.81360029141075,216.50750852061384]]"
interpreter,encodedLength,512,31444.426833751313,229.48796046220397,137.019941135126,29467.621581633888,33421.23208586874,220.08349459373537,238.89242633067258,"[[31014.35274078662,30598.631530705774,32268.85126777984],[32250.97809983897,31576.04411764706,30957.703245749613]]","[[224.9298203043906,227.55167938688402,227.33376546124924],[231.43549076854438,233.4810612509533,232.19594560120225]]"
interpreter,encodedLength,1024,61982.84806602248,258.0608770419622,240.18692324270333,56310.784904072505,67654.91122797245,248.93401502237407,267.18773906155036,"[[62766.22117794486,58738.73388042204,62604.421146953406],[64706.50904392765,60791.25849514563,62289.944651741294]]","[[255.95238405909836,262.2026254721083,261.9042196918955],[257.2902427427749,254.29014708384872,256.72564320204737]]"
interpreter,latin1CharsetEncode,16,1085.2364878737892,814.3795103520474,1.3325930651234745,906.6936135945633,1263.779362153015,751.8984771457011,876.8605435583937,"[[1098.4027686367426,1049.3514564124057,1036.775513796138],[1040.9501952354658,1205.54898636462,1080.390006797363]]","[[848.0851220627849,806.5016753926701,829.3276491780198],[796.9824245801162,787.1213550634055,818.2588358352878]]"
interpreter,latin1CharsetEncode,32,1413.3383270710483,793.7440387085037,1.7805970919424892,1278.3641367262735,1548.312517415823,741.2396438835708,846.2484335334366,"[[1495.3567961527547,1434.1866227441994,1419.037526749146],[1393.2431729699667,1363.0839538777789,1375.1218899324435]]","[[788.9383091555234,790.255738326019,793.4708520890129],[785.5607016222662,774.6396367827116,829.598994275489]]"
interpreter,latin1CharsetEncode,64,2157.751196936734,789.7439665552777,2.732216121065742,1821.770720815898,2493.7316730575694,767.929887726371,811.5580453841843,"[[2124.108365502906,2072.1026940903826,2003.0958210806377],[2157.4470157293686,2324.74437381096,2265.0089114061475]]","[[798.3179114711229,787.2488246670545,787.1504072070938],[798.6188170928174,789.0847464304851,778.0430924630924]]"
interpreter,latin1CharsetEncode,128,3489.8077093818774,777.7625915557151,4.486983235335876,2938.314576175697,4041.300842588058,747.3284105131697,808.1967725982604,"[[3850.4379806213474,3476.1093446264927,3526.183908450704],[3438.830673699673,3278.89090075636,3368.3934481366878]]","[[768.6566648495505,772.286397396247,779.0802788519144],[783.9224788600062,766.9773806605797,795.6523487159928]]"
interpreter,latin1CharsetEncode,256,6022.716580036254,787.6109098570212,7.6468171081195235,5290.37003666097,6755.063123411537,753.5122147473137,821.7096049667286,"[[5873.002908928172,5804.524339360222,6036.17287522604],[5779.412623319679,6449.992979518228,6193.193753865183]]","[[799.2629192313526,788.6155481874099,799.7967456944755],[771.924212052057,792.1450624595316,773.9209715173005]]"
interpreter,latin1CharsetEncode,512,10054.75702064194,827.8562983273996,12.145534244236066,8624.774777961786,11484.739263322095,766.7725266901168,888.9400699646824,"[[9493.189365936878,9665.99806931171,9657.933191055025],[10285.79919884963,10608.83877277875,10616.783525919644]]","[[820.3096568563188,821.7995092366907,819.2373857620906],[819.2358822470586,872.0408245016677,814.5145313605714]]"
interpreter,latin1CharsetEncode,1024,19368.7207604158,849.2532784826924,22.80676595681877,18236.117449342546,20501.324071489053,801.6562998968458,896.850257068539,"[[19698.46498819827,19667.790715087984,19689.659587020647],[18679.695952247715,19291.949290060853,19184.764029879334]]","[[856.835318326894,840.5525765753666,847.4386119339822],[879.2395057408055,831.3155120169358,840.1381463021698]]"
interpreter,latin1Decode,16,1422.911306696141,659.9177810309076,2.1561948285031862,1257.505885134814,1588.3167282574682,627.6371986756463,692.1983633861688,"[[1398.5867175167289,1373.2727709124824,1353.3247323745675],[1430.7306230351528,1501.4014243946324,1480.1515719432823]]","[[668.5639335723872,658.3044001420249,676.422540158608],[653.8309293563784,659.0506200795177,643.3342628765292]]"
interpreter,latin1Decode,32,2356.783840063655,594.4052006018085,3.9649448518914667,1842.2278469361468,2871.3398331911635,572.5794136813989,616.230987522218,"[[2269.6010790225323,2192.540545275375,2122.8322695561824],[2536.948766026453,2511.1779461195,2507.602434381887]]","[[601.5768331740967,603.6319778132819,597.081215822147],[583.3340868572228,588.8911213716436,591.915968572459]]"
interpreter,latin1Decode,64,3982.9393205178117,615.1305978396229,6.474949115693714,3317.3727684711084,4648.505872564515,580.6344376349476,649.6267580442981,"[[3864.843947815347,3967.259687772407,3585.5333610044618],[4249.998471921559,4074.107535194076,4155.892919399021]]","[[617.5331837670152,634.291898671633,621.8631044805784],[606.3784346857077,611.3087442536279,599.4082211791753]]"
interpreter,latin1Decode,128,6926.434272600161,652.2073294401683,10.619988399310948,5801.8153656278555,8051.053179572467,638.7841322351595,665.6305266451772,"[[6495.994227151846,6536.4695129912525,6670.607979240999],[7263.294638322572,7210.686712279438,7381.552565614863]]","[[656.5284674404879,655.4598600354822,651.0800520240612],[643.6347189898808,655.3072573044298,651.2336208466683]]"
interpreter,latin1Decode,256,13402.339102443722,779.7303406994569,17.188428361555303,11587.894799029978,15216.783405857466,688.0087459994777,871.451935399436,"[[12738.127846329984,13064.358689979123,12675.776185889717],[13944.811838440111,13917.545378735233,14073.414675288164]]","[[775.6998063366643,771.8486100618264,759.7740780088026],[753.6035101715197,773.3135594513358,844.1424801665922]]"
interpreter,latin1Decode,512,26613.293564825875,999.9023839713644,26.615891702472464,22436.78706457929,30789.80006507246,978.243604013358,1021.5611639293709,"[[26007.250909090908,25712.1946084724,24417.253596683735],[27440.484790353523,27684.1809473124,28418.396537042292]]","[[1004.8017378042663,996.1123292577375,1013.5352982257265],[995.8636390762069,995.031211805038,994.0700876592111]]"
interpreter,latin1Decode,1024,53164.77480626538,1541.3899535615233,34.491450189761046,44781.11311888958,61548.43649364117,1430.3818792427712,1652.3980278802753,"[[50874.46443089431,49876.71513944223,50829.980616302186],[57043.574601366745,55174.587878787876,55189.3261707989]]","[[1516.4865368306275,1531.446547314578,1525.2232157818569],[1621.366308038973,1522.4689462241345,1531.3481671789696]]"
interpreter,latin1Encode,16,997.790167437896,540.9146851539692,1.8446350132902734,795.363978021821,1200.2163568539709,497.8245606460307,584.0048096619078,"[[1132.8601475346775,1019.1277531246184,976.0550352315145],[969.3830075610158,929.9915993938803,959.3234617816697]]","[[523.5600470649758,533.8804511278196,530.6367683534374],[566.1910120619553,550.156427036799,541.0634052788286]]"
interpreter,latin1Encode,32,1670.4725398123862,491.32653100446555,3.399923338960101,1300.2536465813305,2040.691433043442,456.6442644214508,526.0087975874803,"[[1851.6961973810758,1787.3299357372366,1713.2407445425306],[1552.4532544561969,1564.9419200600018,1553.1731866972762]]","[[484.52220179046697,480.9094720966758,501.2123766663496],[492.6304061168459,478.65150233058444,510.0332270258704]]"
interpreter,latin1Encode,64,2820.3270235044624,510.5413080561833,5.524189676722682,2591.224158581246,3049.429888427679,494.5827718981095,526.4998442142571,"[[2960.742666193518,2825.5195417219293,2858.635670644664],[2734.921364579919,2768.1330347515964,2774.009863135147]]","[[514.6050047025085,507.8690910935281,514.9998872444003],[511.88826076067124,500.20895134659867,513.6766531893933]]"
interpreter,latin1Encode,128,6121.846467567716,523.2719588692113,11.69916783004578,4727.057959194724,7516.634975940708,505.5804356934133,540.9634820450093,"[[6916.509256700746,6307.453760866826,6201.016040131294],[6093.029937933552,5734.753035509737,5478.316774264143]]","[[520.8766920187695,524.7555800865578,530.5944291642156],[530.1230925629811,515.5050767171249,517.7768826656187]]"
interpreter,latin1Encode,256,9984.536434268863,584.0286417309294,17.095970506989083,8005.86440308462,11963.208465453106,566.493577618719,601.5637058431398,"[[11371.843561704976,9737.589419430127,9540.948356360172],[10062.365691890262,9574.687447108603,9619.784129119033]]","[[583.7158364182237,580.0552777119162,593.2835185020591],[576.6922850971922,580.8911455704647,589.5337870857203]]"
interpreter,latin1Encode,512,19549.804006229344,739.4247935235137,26.43920541678139,18077.024426681204,21022.583585777484,712.0420612758489,766.8075257711785,"[[20458.556077630234,19137.85534110453,19004.183526285822],[19338.817883352647,19617.591772771793,19741.819436231028]]","[[757.9939098843782,735.0880979992073,732.9621434479326],[741.1644235182636,731.2682303270246,738.0719559642762]]"
interpreter,latin1Encode,1024,39819.90447777271,1093.471966708896,36.41602683022743,35972.08685764043,43667.72209790499,1063.4607967017923,1123.4831367159995,"[[40020.51998401279,40481.68229587712,39868.11457521434],[37158.44081632653,41093.81370618354,40296.85548902195]]","[[1086.1311138002006,1084.900023834803,1094.4697234670455],[1092.8496343992142,1088.5276852075733,1113.9536195445392]]"
interpreter,latin1EncodedLength,16,430.5567544021794,213.61273295411505,2.0155949902792774,299.5952346300105,561.5182741743483,168.746201944059,258.4792639641711,"[[484.5289337165037,472.3790479335724,451.6546164811173],[420.1069439868866,380.8013950534175,373.8695892415791]]","[[210.6441903367558,194.67510824152004,198.7067188154216],[234.2255723190386,229.90509356535796,213.5197144465963]]"
interpreter,latin1EncodedLength,32,636.6360974110587,203.22823330375326,3.1326164040382927,495.32942989184437,777.942764930273,188.24402400072475,218.21244260678176,"[[625.2045488609112,706.5188143966126,628.1961852177186],[681.912670416627,611.5871519469382,566.3972136275447]]","[[208.32779425075688,206.63774764735018,199.83223558152903],[209.0162757779847,198.36244720555956,197.1928993593392]]"
interpreter,latin1EncodedLength,64,964.8603573984477,183.92963292027775,5.245812445114027,806.4559870556996,1123.2647277411959,177.52670736705758,190.33255847349793,"[[1014.2725688640347,1007.8578315920848,1024.8843522726158],[923.8114794929983,899.8609683332734,918.4749438356793]]","[[181.9457019906302,181.9831812386287,185.26812666743137],[182.2358205369477,187.57239701188354,184.57257007614507]]"
interpreter,latin1EncodedLength,128,1781.1095582929124,184.26324157819877,9.666114321217094,1420.153299319788,2142.065817266037,169.14889397994102,199.37758917645652,"[[1821.12758526603,1741.15432238318,1849.681734215096],[1974.7194082105145,1689.1908232118758,1610.7834764707775]]","[[176.14914140250198,189.74214127324072,190.8843771271028],[183.306898155268,182.91590949776594,182.58098201331322]]"
interpreter,latin1EncodedLength,256,3532.8873329540047,191.14001431002112,18.48324300752541,2885.4403958819858,4180.334270026024,180.75979205032914,201.5202365697131,"[[3402.182883782884,3700.5514004877687,3472.1552250190693],[3176.0390872596663,3628.6427613698133,3817.752639804826]]","[[190.38019528730632,191.2717490160113,190.78572000335436],[191.3310216857892,197.3427052315648,185.7286946361006]]"
interpreter,latin1EncodedLength,512,6633.047726852556,191.79818083881818,34.583475702654255,5577.742635750963,7688.352817954148,181.18562365167315,202.4107380259632,"[[6486.961062520246,7061.229071161577,7038.806748681898],[6520.948166959693,6628.450585821142,6061.890725970775]]","[[193.26741501011693,191.5955212083283,196.33747327540553],[187.56554246073895,194.86228544739814,187.1608476309213]]"
interpreter,latin1EncodedLength,1024,12760.868145394237,201.24361351439524,63.41005273432657,10448.223006084067,15073.513284704408,188.59658224807822,213.89064478071225,"[[12787.248116460221,14115.442345644205,12670.671925465838],[12495.98278228322,12940.994443008529,11554.869259503406]]","[[204.69438536792853,204.68384408233874,204.242291557848],[194.39670242853288,202.6767509089584,196.7677067407649]]"
interpreter,latin1ToChars,16,534.5901022895375,344.4142737625254,1.5521717391368597,389.5255241669438,679.6546804121313,326.49287942047727,362.33566810457353,"[[460.07355110255435,607.765392530002,555.0924840750207],[492.32885354891374,545.8287922894929,546.4515401912413]]","[[347.6500512143886,349.01957865971406,351.33685492185805],[334.1375093861069,344.28523339935083,340.05641499373394]]"
interpreter,latin1ToChars,32,750.3043477811134,319.2603848869862,2.350132942571973,575.8602553493246,924.7484402129022,305.06614318467774,333.4546265892946,"[[771.9246621283025,639.8079746956772,717.0569767108768],[805.3508328842488,771.8552332349154,795.8304070326595]]","[[319.9814810672274,314.00909484353735,319.3949827762184],[316.82653903963296,316.7273802783041,328.62283131699695]]"
interpreter,latin1ToChars,64,1299.584720042468,324.8434393666216,4.000649428464349,1013.587473579787,1585.581966505149,309.9288294791699,339.75804925407334,"[[1165.1057182088996,1335.8453533979027,1178.4836142762972],[1385.4890054384678,1395.1444834601343,1337.4401454731067]]","[[331.7616548204848,319.9569326925535,324.39566238520223],[327.8098850228514,317.550801994066,327.58569928457166]]"
interpreter,latin1ToChars,128,2024.341748203144,327.06369647074484,6.189441903969361,1713.356059066298,2335.32743733999,313.644252738041,340.48314020344867,"[[1964.3482039511114,2041.0503775388759,1833.9345679690791],[2126.9241323648102,2056.40575007701,2123.3874573179783]]","[[323.037542386826,320.427555245525,331.80657016549685],[328.79923289614544,325.9935576281394,332.31772050233644]]"
interpreter,latin1ToChars,256,3804.4327037360135,339.1216245410032,11.218490442434229,2829.2799664060194,4779.585441066008,320.7513201455394,357.491928936467,"[[3327.7504071255275,3997.5451315421774,3592.93052963973],[4240.186330143136,3606.3264666690675,4061.857357296442]]","[[343.0689441355519,340.38755076724385,345.09831619430963],[340.72772248592184,338.93755288256517,326.5096607804267]]"
interpreter,latin1ToChars,512,7879.992263936948,358.73995236328955,21.965750432940407,5157.157245898187,10602.827281975708,340.43609828699647,377.0438064395826,"[[9159.509147457007,8992.833533860434,7473.642953120335],[6748.696299791063,7571.5971217818915,7333.674527610957]]","[[356.22515465531166,351.98249289136174,351.92010162558773],[368.4398671071899,362.01967460280946,361.8524232974768]]"
interpreter,latin1ToChars,1024,15532.921340235469,456.93754994669143,33.99353224975189,12167.115047982812,18898.727632488124,406.7951025418297,507.0799973515532,"[[14878.228346456694,14130.725694934386,14559.52651774702],[17068.24458837566,16719.949073301053,15840.853820598006]]","[[463.5456633495047,429.2823323630159,449.36619528740374],[483.3187923187923,462.2049338841068,453.907382477325]]"
interpreter,latin1Validation,16,2347.9068842296965,477.5693910669771,4.916368025563875,2207.911333630825,2487.902434828568,447.76788089441436,507.3709012395399,"[[2385.179463966647,2340.6820030859867,2383.3126978460073],[2258.1918324087856,2386.719038993231,2333.3562690775216]]","[[478.3381280185736,459.0183178392651,489.273729778325],[485.7449435531212,479.16211236600304,473.8791148465747]]"
interpreter,latin1Validation,32,4401.627682086455,473.7839928488962,9.290368076006875,4056.986009424385,4746.269354748525,434.94400057993994,512.6239851178525,"[[4616.900493383133,4457.863541249277,4409.0223259500635],[4309.295755853995,4304.0987404891885,4312.585235593075]]","[[485.7445714590309,488.97115262546265,476.95796362181545],[477.0069517569982,455.91111596816205,458.1122016619079]]"
interpreter,latin1Validation,64,9114.359878362378,463.2811157847373,19.673497511168463,7631.461957075175,10597.257799649582,445.6229689217051,480.93926264776957,"[[9593.355724903566,9668.265231244568,9503.144267274109],[8599.845486558446,8792.34902098516,8529.199539208426]]","[[465.6925023138136,459.6523854550128,474.4559168395418],[462.2304461989869,461.4389638041164,456.21648009695247]]"
interpreter,latin1Validation,128,17058.170144441276,469.2571401978437,36.35143439106621,16091.390178447093,18024.950110435457,415.9141885659426,522.6000918297448,"[[17139.363745292707,17323.122124199966,16941.53434856176],[17510.74185379031,16534.820313790256,16899.438481012658]]","[[479.80198693587266,502.14234495346597,468.4869617694942],[457.43064452750184,453.1845956087029,454.4963073920247]]"
interpreter,latin1Validation,256,35695.45147135622,464.95936533480574,76.77112051641933,29477.059596145496,41913.84334656694,441.54020224015176,488.3785284294597,"[[37678.008252601365,37685.26759503199,37791.495471698116],[33799.304758690516,33658.26579301075,33560.36695710456]]","[[472.41268688050496,473.16180229728644,472.1280648811769],[456.7858449634331,458.07209783235277,457.19569515408045]]"
interpreter,latin1Validation,512,67060.17269412796,488.3332605729506,137.324606182769,65245.86381722613,68874.4815710298,461.3585116479606,515.3080094979407,"[[67534.6271072151,68042.09103260869,67083.97686375321],[66703.33244503665,66767.69786959329,66229.31084656085]]","[[479.7728832074821,479.73779459666605,482.2753485684013],[500.7976598887858,487.97759692000295,499.4382802563655]]"
interpreter,latin1Validation,1024,141315.46766039295,511.89960737235907,276.06090261678827,117179.4102312009,165451.525089585,502.9997128335448,520.7995019111734,"[[149043.62648809524,149773.64776119404,148652.679943101],[133983.3796791444,133706.57142857142,132732.90066225166]]","[[517.738649291025,512.4506374071781,511.51220658476154],[510.2276706995138,508.38451265646023,511.0839675952159]]"
interpreter,unicodeValidation,16,2853.6727589256043,370.0932391980366,7.710686002017471,2490.865160481433,3216.4803573697754,339.4279796218056,400.7584987742676,"[[2900.2524111564862,3032.9930341026106,2960.464358572569],[2756.200368810723,2756.08878427486,2716.037596636376]]","[[365.32706048066325,367.0457609536342,354.9316248103348],[371.1053852539207,374.225103308101,387.92450038156557]]"
interpreter,unicodeValidation,32,5306.329060557124,356.4178645741077,14.88794358525711,4929.562689413341,5683.095431700906,332.96597586856876,379.8697532796466,"[[5485.17947734619,5436.1031974377065,5187.543466998239],[5146.841591282895,5317.8495805458215,5264.457049731889]]","[[350.9994986976656,348.7021631865599,347.04771742521405],[363.5788393946436,362.66899870723836,365.5099700333247]]"
interpreter,unicodeValidation,64,10884.718754866995,356.38064983572417,30.542395497298667,10114.729301258743,11654.708208475247,344.55066448022654,368.2106351912218,"[[10869.003256621798,10633.181074766355,10559.469204809113],[10947.91274874262,10971.042511230415,11327.703733031674]]","[[359.53886946094025,355.50505556147266,349.2227682713302],[361.1989805856763,357.7861333428612,355.03209179206425]]"
interpreter,unicodeValidation,128,22274.374711127497,356.164204988066,62.53962189118316,15768.719891157943,28780.02953109705,339.4744122556857,372.8539977204463,"[[21491.07351077313,20953.83281021134,20757.184210526317],[26452.66534601162,23518.716632905693,20472.775756336876]]","[[351.95957149085183,366.9442924988705,354.31848069192006],[359.04808771382574,351.2349367585883,353.47986077433956]]"
interpreter,unicodeValidation,256,41202.36120695453,356.04848171622314,115.72121023617657,39617.26508185078,42787.45733205827,349.44910863562933,362.64785479681694,"[[41238.73599670511,41168.011508425814,41363.73523337464],[40462.51151515151,40836.54993885039,42144.623049219685]]","[[358.9019910037455,358.72973089158285,353.8041662544694],[354.43364153433754,356.49760738293264,353.923753230271]]"
interpreter,unicodeValidation,512,81723.23343848293,357.70474137528413,228.46561419420328,78468.65976800238,84977.80710896348,344.1322265256375,371.27725622493074,"[[82467.10781893005,82008.15927099841,83385.46627810158],[80812.18563357547,81512.7160292921,80153.7656]]","[[356.5267078798929,354.0401292850424,361.6556631031494],[352.0162858381324,356.95147233381215,365.0381898116757]]"
interpreter,unicodeValidation,1024,167348.13231870928,382.5658858672195,437.43610839569806,163136.62837499977,171559.6362624188,364.5902568214075,400.5415149130315,"[[167545.64214046823,168074.48,167021.64166666666],[169626.09475465314,166711.0615640599,165109.87378640776]]","[[390.29605896545405,383.7367559730836,389.83849480867826],[378.1131481264703,375.49620104105725,377.9146562885734]]"
interpreter,utf16CharsetDecode,16,4337.438208243628,688.9110125322295,6.296079071664874,3977.4783825031736,4697.398033984082,591.3307940228345,786.4912310416245,"[[4462.390713426318,4485.341394598952,4373.116080006987],[4318.726535541753,4217.807345632213,4167.247180255546]]","[[672.1099334814506,687.7989889346036,658.0134321688615],[756.3648470015938,672.7871085219751,686.3917650848922]]"
interpreter,utf16CharsetDecode,32,8191.92662669542,688.5894813696148,11.896676972761123,7741.693124887302,8642.16012850354,658.6328931907271,718.5460695485024,"[[8206.934918032786,8470.71656939863,8249.86200362498],[8136.765398992361,8060.489495290993,8026.791374832769]]","[[696.7304322409582,706.2860458062651,682.8803000852515],[682.7293602689011,684.8051309409004,678.1056188754122]]"
interpreter,utf16CharsetDecode,64,16402.892100712837,696.6066300521478,23.54685039314788,14836.977792279768,17968.80640914591,618.4228605203316,774.790399583964,"[[16201.95476600407,16317.066319048396,16193.15322450299],[16308.39934148636,15897.182063492064,17499.59688974314]]","[[700.3996796687579,717.4897411745434,739.9149690776494],[675.7495477861771,670.2900863511613,675.7957562545977]]"
interpreter,utf16CharsetDecode,128,32086.670479113855,697.0517208710011,46.03197943334815,29155.95402877747,35017.38692945024,640.884416366263,753.2190253757391,"[[31605.246134427263,31680.006327111674,32520.46883116883],[31414.52279728897,31273.32532001249,34026.45346467391]]","[[713.2521227490312,706.0370015229286,723.5444180316616],[673.591430474358,680.4528959654237,685.4324564826034]]"
interpreter,utf16CharsetDecode,256,62814.45442634027,694.7818848910604,90.40888340977598,57760.60622914405,67868.3026235365,671.8573921013478,717.7063776807729,"[[64917.99805573558,63613.21587301587,64558.880722114765],[62025.86313868613,60698.16121212121,61072.60755636807]]","[[699.5360079357872,698.9378079935225,687.4477141680395],[693.5109710486217,683.7015561306358,705.5572520697551]]"
interpreter,utf16CharsetDecode,512,125029.17210695177,719.4874879188385,173.77532508397925,120223.67175870785,129834.67245519569,687.6604335643119,751.3145422733651,"[[124607.80472636817,124571.12064676617,127614.13248407643],[122826.70220588235,126426.52784503633,124128.74473358116]]","[[720.4908689270089,718.9543280967288,723.7019071639698],[737.7315802658336,704.1935642659241,711.8526787935655]]"
interpreter,utf16CharsetDecode,1024,252196.9893755657,790.4658565724013,319.04855507502384,242303.32310841169,262090.6556427197,405.650559917938,1175.2811532268647,"[[251246.36591478696,254192.0964467005,253851.25316455695],[257058.96923076923,247321.57283950617,249511.67865707434]]","[[748.9226289704046,1070.109508238764,728.7007390284053],[726.5512103219913,731.6914302000132,736.8196226748292]]"
interpreter,utf16CharsetEncode,16,4116.828556576124,673.1825356214596,6.115471419316614,3929.1262500587127,4304.530863093536,620.4747296642886,725.8903415786306,"[[4111.392396748502,4036.9616981816716,4080.6953669369627],[4237.239209546377,4127.07058387243,4107.6120841708025]]","[[660.3981651141855,652.5240900648441,686.4892639719191],[703.7963055381782,666.0602580396176,669.827131000013]]"
interpreter,utf16CharsetEncode,32,7729.128491100481,677.0956273933858,11.415120964309425,7551.431057140233,7906.82592506073,622.385205473244,731.8060493135276,"[[7634.09362610552,7713.443383145895,7702.603],[7825.284329816334,7747.865805553407,7751.480801981731]]","[[663.3188644870648,664.0111553996246,665.7637052799574],[714.6801987336441,678.1250592617677,676.6747811982564]]"
interpreter,utf16CharsetEncode,64,15242.098598324512,677.845583981636,22.486092641915693,14863.64107352464,15620.556123124383,652.9497980493933,702.7413699138787,"[[15171.077424242425,15039.071031686439,15190.974666262136],[15284.22135774218,15370.16331542594,15397.083794587947]]","[[685.8661282478097,681.3558417876122,689.5265665886242],[669.1395067504344,670.6183612091659,670.5670993061694]]"
interpreter,utf16CharsetEncode,128,30042.01976889197,677.3116050055564,44.354798510569616,29683.981313375127,30400.05822440881,661.6641226302949,692.959087380818,"[[30081.16431360769,29900.06656716418,30199.89091981132],[30170.381079478055,29978.643220592636,29921.97251269794]]","[[673.3286153266855,670.7550525518988,675.7503154967978],[677.3652171559639,680.0319162664964,686.6385132354958]]"
interpreter,utf16CharsetEncode,256,60806.99829177614,694.8463740301063,87.51142779819916,57659.307819829046,63954.68876372323,630.0037618461504,759.6889862140622,"[[62286.166666666664,61895.386897404205,60761.61309884779],[60360.43076923077,59234.44529863986,60303.94701986755]]","[[723.7475309366222,708.2813136600272,712.989050497284],[672.7495918243937,682.8558549349906,668.4549023273203]]"
interpreter,utf16CharsetEncode,512,120169.39700632473,700.716462928433,171.49503881229364,114169.03477552666,126169.7592371228,687.0916482955126,714.3412775613533,"[[120608.36823104693,119163.8615916955,118666.48933649289],[119152.56837098692,124323.5190023753,119101.57550535077]]","[[709.4036443758015,702.3278018193678,699.255684999067],[696.8697546546024,695.9201854439046,700.5217062778544]]"
interpreter,utf16CharsetEncode,1024,238196.50484671566,751.4504081342674,316.9823347865629,220692.88401761375,255700.12567581757,657.3698100666976,845.5310062018372,"[[240234.0839328537,239273.33561643836,249222.25621890547],[234171.79205607477,232603.82134570766,233673.7399103139]]","[[782.6364645114909,795.1130316720526,763.0957138719954],[731.2721702488151,720.2121719870269,716.3728965142236]]"
interpreter,utf16Encode,16,2154.307940456676,450.4812458423068,4.782236686520802,1960.5288578272423,2348.08702308611,372.4575351285755,528.5049565560381,"[[2199.3197882575173,2168.0006712426652,2053.726433669702],[2144.636605058574,2108.9339286842605,2251.2302158273383]]","[[463.867456296257,460.5355386575767,403.5312840065454],[475.88747998809913,468.7555376636021,430.31017844176046]]"
interpreter,utf16Encode,32,3768.0451674233855,422.902668561604,8.909958360488558,3158.5726418301238,4377.517693016647,375.8228238865789,469.98251323662913,"[[4122.618304582321,3860.327408721132,3832.009262094305],[3513.2724370219635,3649.320759530578,3630.722832590014]]","[[403.6930136533359,451.6199395634133,415.1845973980747],[432.0096429311059,414.82680397850845,420.08201384518566]]"
interpreter,utf16Encode,64,6960.728415785844,440.96465723250185,15.78522972673465,6049.425080242518,7872.03175132917,402.1646897765318,479.7646246884719,"[[7259.9270047001855,7260.266386310905,7216.392046652147],[6827.131668786398,6546.359309623431,6654.2940786419995]]","[[429.9766524099076,423.7073657843071,443.11248180317784],[463.91438354577593,443.64036047691417,441.43669937492837]]"
interpreter,utf16Encode,128,13237.412999441569,498.1350538708251,26.573943946683695,11664.319992949679,14810.50600593346,451.63346612366496,544.6366416179852,"[[13844.83849557522,13539.644759972954,13711.454699297057],[13101.503533106517,12827.419495324708,12399.617013372957]]","[[495.6028378973625,487.72631225157824,476.78510381998507],[512.2427520664539,494.05480796740426,522.3985092221666]]"
interpreter,utf16Encode,256,26011.56477858197,631.8402942930751,41.167942300490054,22978.945073067916,29044.184484096026,592.1130081618804,671.5675804242697,"[[26918.747580645162,26953.389502018843,27046.73102889549],[25182.589838909542,24618.527531956737,25349.40318906606]]","[[621.3616763866485,627.2064326203376,613.4085818609552],[650.8823812184127,633.4001454453473,644.7825482267494]]"
interpreter,utf16Encode,512,51695.225895939606,936.924659466707,55.17543526430853,47026.01016272422,56364.44162915499,854.2718623659594,1019.5774565674546,"[[54058.672423097676,52692.42872172541,52197.1933298593],[50004.07638542187,51561.51451057551,49657.47000495786]]","[[907.2488582819863,919.1844583555156,910.9515001681497],[982.6450175665861,951.35444000038,950.1636824276239]]"
interpreter,utf16Encode,1024,103685.87398001323,1668.2149597152247,62.15378502403137,94713.62582924071,112658.12213078575,1530.641199321821,1805.7887201086285,"[[106673.96698615549,106479.09564293305,105057.90750256937],[100327.33633633633,99133.8921859545,104443.04522613065]]","[[1592.8123188515758,1666.9550539352776,1668.4179606797734],[1664.892866049311,1747.8153675692918,1668.3961912061181]]"
interpreter,utf32CharsetEncode,16,6089.383765665634,701.2878387972496,8.683144678666167,5830.088093657216,6348.679437674053,629.806380302043,772.7692972924563,"[[6174.619373535577,6157.477096041143,6166.609766611245],[6047.521379393646,6046.663426708525,5943.411551703669]]","[[687.2517536273662,684.0106690345275,682.9822385921833],[746.7574629926545,716.4438799968518,690.2810285399145]]"
interpreter,utf32CharsetEncode,32,11579.20744716416,681.1324327776891,16.999935533745802,11135.646931988693,12022.767962339629,642.7444307358443,719.520434819534,"[[11843.711886457717,11638.326092007435,11436.739328920337],[11444.971079103796,11477.560981201284,11633.935315294391]]","[[695.6095727683223,692.367193279635,692.7699268719603],[668.2889124732174,669.4051826149743,668.3538086580256]]"
interpreter,utf32CharsetEncode,64,25936.302115439885,702.7595270071221,36.90636856379044,15907.777480840155,35964.82675003962,637.7062324317849,767.8128215824593,"[[29394.516583504548,29034.76891852711,29167.6875364007],[22669.30563731039,22751.40312093628,22600.13089596028]]","[[682.1080611535789,680.5351856131145,683.1112149596469],[721.7057153153153,718.3862739470475,730.7107110540296]]"
interpreter,utf32CharsetEncode,128,45057.46381933306,675.7310201718133,66.67958473754338,42923.35986684724,47191.56777181888,657.1766353852562,694.2854049583703,"[[46424.01365037428,45189.67298150654,45164.77908025248],[44522.131169408625,44257.85285019885,44786.3331842576]]","[[668.6949442329526,688.4204226707733,674.03780418027],[674.239849143011,674.8401067572486,674.152994046624]]"
interpreter,utf32CharsetEncode,256,92644.6719386885,723.7225872980996,128.0113037297375,81143.76546485421,104145.57841252278,640.3020313056219,807.1431432905773,"[[95800.59082217973,98067.85225048923,94821.31912878787],[89866.36681614349,89134.1975088968,88177.70510563381]]","[[692.6825203561373,696.8161125106122,701.2925182456189],[750.1918402517608,744.3235844989817,757.0289479254869]]"
interpreter,utf32CharsetEncode,512,177077.19677593771,730.8012761815493,242.30553851954048,174482.8084846408,179671.58506723464,714.0642628927919,747.5382894703066,"[[175816.15789473685,177039.64543889844,178180.11209964412],[178015.7246891652,177102.648409894,176308.89212328766]]","[[729.5408810071984,728.9219738384155,731.2340795383998],[742.3459767643592,725.8932250697792,726.8715208711434]]"
interpreter,utf32CharsetEncode,1024,368649.7762815796,800.1381249770201,460.73267198981074,331572.9632074343,405726.58935572486,752.720033693666,847.5562162603742,"[[378515.9924528302,384795.4214559387,377208.962406015],[355780.08156028367,353232.2359154929,362365.96389891696]]","[[791.1393963895324,781.3111666016387,782.7913920487862],[813.8008420505067,813.6283831547131,818.1575696169434]]"
interpreter,utf32TightCharsetDecode,16,6501.078453030059,1060.1720865045388,6.132097360216838,5016.017936042506,7986.138970017611,959.499650789661,1160.8445222194166,"[[6213.761340366119,7567.11793556176,6249.834290350767],[6459.897419354838,6246.570494457591,6269.289238089275]]","[[1112.0587039813427,1024.842113877693,1050.7188595294563],[1027.0730263900143,1095.3182365167925,1051.0215787319346]]"
interpreter,utf32TightCharsetDecode,32,11946.432337518287,1015.5963325404456,11.762973097426508,11356.916186433229,12535.948488603344,926.5552422680915,1104.6374228127997,"[[11837.193403475589,11604.869625680843,11920.809076868243],[12015.010797840432,12194.23094716338,12106.480174081238]]","[[1000.1239538181891,1000.5509908361398,995.7769931572248],[1079.368394385632,1005.3047511948271,1012.4529118506608]]"
interpreter,utf32TightCharsetDecode,64,22828.918238763337,1035.0046421979725,22.056826904933526,22291.255125756357,23366.581351770317,999.2086432559672,1070.8006411399779,"[[23007.793428308825,22946.512373968835,22618.785111111112],[22648.71679644049,23044.603083294984,22707.098639455784]]","[[1021.5119937964881,1052.0710052954526,1049.8375133684233],[1031.1643853957464,1027.1790363447985,1028.2639189869258]]"
interpreter,utf32TightCharsetDecode,128,47100.307799714144,1088.8418935859668,43.25725165165631,35607.39770518579,58593.2178942425,1035.9417939903442,1141.7419931815894,"[[44721.69718624386,44942.32214472537,55087.53905390539],[45024.82464028777,44892.19139399372,47933.27237912877]]","[[1114.8868016969725,1077.8039914315548,1072.0767781239629],[1110.7107392281214,1075.813914014997,1081.7591370201917]]"
interpreter,utf32TightCharsetDecode,256,102335.84333467056,1149.9328851231398,88.9928835487751,9450.196160206047,195221.49050913507,973.0508382162615,1326.814932030018,"[[90746.34782608696,169920.89376053962,88396.17122683141],[88280.15326633166,88210.21830985915,88461.27561837455]]","[[1113.0000333514913,1116.9670399535994,1133.4117274239732],[1155.556388981848,1273.6217880152235,1107.0403330127035]]"
interpreter,utf32TightCharsetDecode,512,178597.01010659838,1256.3478981672245,142.15569617869212,174477.30176155598,182716.71845164077,1202.052224145064,1310.643572189385,"[[177484.2318584071,176381.4084507042,180470.27747747747],[178732.568627451,178905.79107142857,179607.78315412186]]","[[1254.3931170995102,1275.5492496624117,1269.538324013846],[1268.4425006333925,1223.3080437863462,1246.8561538078397]]"
interpreter,utf32TightCharsetDecode,1024,357123.7366402085,1513.2409418359696,235.9992561441809,342175.0738520093,372072.3994284077,1473.6469020571471,1552.834981614792,"[[352308.0140350877,351055.8951048951,365776.90510948905],[359098.50896057347,355972.9716312057,358530.125]]","[[1501.488794133703,1536.015630992008,1518.7601650059905],[1519.0645548044145,1505.6315559966317,1498.48495008307]]"
