test,status,total_time,report
applications/ctw/modules/java_compiler.java,Passed. Execution successful,14802,/workspace/work/jtreg/tier12-legacy12/work/applications/ctw/modules/java_compiler.jtr
applications/ctw/modules/java_datatransfer.java,Passed. Execution successful,12453,/workspace/work/jtreg/tier12-legacy12/work/applications/ctw/modules/java_datatransfer.jtr
applications/ctw/modules/java_instrument.java,Passed. Execution successful,12132,/workspace/work/jtreg/tier12-legacy12/work/applications/ctw/modules/java_instrument.jtr
applications/ctw/modules/java_logging.java,Passed. Execution successful,15732,/workspace/work/jtreg/tier12-legacy12/work/applications/ctw/modules/java_logging.jtr
applications/ctw/modules/java_management_rmi.java,Passed. Execution successful,15001,/workspace/work/jtreg/tier12-legacy12/work/applications/ctw/modules/java_management_rmi.jtr
applications/ctw/modules/java_management.java,Passed. Execution successful,36324,/workspace/work/jtreg/tier12-legacy12/work/applications/ctw/modules/java_management.jtr
applications/ctw/modules/java_naming.java,Passed. Execution successful,19293,/workspace/work/jtreg/tier12-legacy12/work/applications/ctw/modules/java_naming.jtr
applications/ctw/modules/java_net_http.java,Passed. Execution successful,60529,/workspace/work/jtreg/tier12-legacy12/work/applications/ctw/modules/java_net_http.jtr
applications/ctw/modules/java_prefs.java,Passed. Execution successful,13832,/workspace/work/jtreg/tier12-legacy12/work/applications/ctw/modules/java_prefs.jtr
applications/ctw/modules/java_rmi.java,Passed. Execution successful,19220,/workspace/work/jtreg/tier12-legacy12/work/applications/ctw/modules/java_rmi.jtr
applications/ctw/modules/java_scripting.java,Passed. Execution successful,14345,/workspace/work/jtreg/tier12-legacy12/work/applications/ctw/modules/java_scripting.jtr
applications/ctw/modules/java_security_jgss.java,Passed. Execution successful,27991,/workspace/work/jtreg/tier12-legacy12/work/applications/ctw/modules/java_security_jgss.jtr
applications/ctw/modules/java_security_sasl.java,Passed. Execution successful,14461,/workspace/work/jtreg/tier12-legacy12/work/applications/ctw/modules/java_security_sasl.jtr
applications/ctw/modules/java_smartcardio.java,Passed. Execution successful,12169,/workspace/work/jtreg/tier12-legacy12/work/applications/ctw/modules/java_smartcardio.jtr
applications/ctw/modules/java_sql_rowset.java,Passed. Execution successful,21555,/workspace/work/jtreg/tier12-legacy12/work/applications/ctw/modules/java_sql_rowset.jtr
applications/ctw/modules/java_sql.java,Passed. Execution successful,14403,/workspace/work/jtreg/tier12-legacy12/work/applications/ctw/modules/java_sql.jtr
applications/ctw/modules/java_transaction_xa.java,Passed. Execution successful,11778,/workspace/work/jtreg/tier12-legacy12/work/applications/ctw/modules/java_transaction_xa.jtr
applications/ctw/modules/java_xml_crypto.java,Passed. Execution successful,26406,/workspace/work/jtreg/tier12-legacy12/work/applications/ctw/modules/java_xml_crypto.jtr
applications/ctw/modules/jdk_accessibility.java,Passed. Execution successful,12786,/workspace/work/jtreg/tier12-legacy12/work/applications/ctw/modules/jdk_accessibility.jtr
applications/ctw/modules/jdk_attach.java,Passed. Execution successful,12515,/workspace/work/jtreg/tier12-legacy12/work/applications/ctw/modules/jdk_attach.jtr
applications/ctw/modules/jdk_charsets.java,Passed. Execution successful,34482,/workspace/work/jtreg/tier12-legacy12/work/applications/ctw/modules/jdk_charsets.jtr
applications/ctw/modules/jdk_crypto_cryptoki.java,Passed. Execution successful,22584,/workspace/work/jtreg/tier12-legacy12/work/applications/ctw/modules/jdk_crypto_cryptoki.jtr
applications/ctw/modules/jdk_dynalink.java,Passed. Execution successful,17877,/workspace/work/jtreg/tier12-legacy12/work/applications/ctw/modules/jdk_dynalink.jtr
applications/ctw/modules/jdk_editpad.java,Passed. Execution successful,12839,/workspace/work/jtreg/tier12-legacy12/work/applications/ctw/modules/jdk_editpad.jtr
applications/ctw/modules/jdk_hotspot_agent.java,Passed. Execution successful,54091,/workspace/work/jtreg/tier12-legacy12/work/applications/ctw/modules/jdk_hotspot_agent.jtr
applications/ctw/modules/jdk_httpserver.java,Passed. Execution successful,16431,/workspace/work/jtreg/tier12-legacy12/work/applications/ctw/modules/jdk_httpserver.jtr
applications/ctw/modules/jdk_incubator_vector.java,Passed. Execution successful,15939,/workspace/work/jtreg/tier12-legacy12/work/applications/ctw/modules/jdk_incubator_vector.jtr
applications/ctw/modules/jdk_internal_ed.java,Passed. Execution successful,9962,/workspace/work/jtreg/tier12-legacy12/work/applications/ctw/modules/jdk_internal_ed.jtr
applications/ctw/modules/jdk_internal_jvmstat.java,Passed. Execution successful,11663,/workspace/work/jtreg/tier12-legacy12/work/applications/ctw/modules/jdk_internal_jvmstat.jtr
applications/ctw/modules/jdk_internal_le.java,Passed. Execution successful,36856,/workspace/work/jtreg/tier12-legacy12/work/applications/ctw/modules/jdk_internal_le.jtr
applications/ctw/modules/jdk_internal_md.java,Passed. Execution successful,16011,/workspace/work/jtreg/tier12-legacy12/work/applications/ctw/modules/jdk_internal_md.jtr
applications/ctw/modules/jdk_internal_opt.java,Passed. Execution successful,14960,/workspace/work/jtreg/tier12-legacy12/work/applications/ctw/modules/jdk_internal_opt.jtr
applications/ctw/modules/jdk_jartool.java,Passed. Execution successful,16707,/workspace/work/jtreg/tier12-legacy12/work/applications/ctw/modules/jdk_jartool.jtr
applications/ctw/modules/jdk_javadoc.java,Passed. Execution successful,47154,/workspace/work/jtreg/tier12-legacy12/work/applications/ctw/modules/jdk_javadoc.jtr
applications/ctw/modules/jdk_jcmd.java,Passed. Execution successful,14513,/workspace/work/jtreg/tier12-legacy12/work/applications/ctw/modules/jdk_jcmd.jtr
applications/ctw/modules/jdk_jconsole.java,Passed. Execution successful,22107,/workspace/work/jtreg/tier12-legacy12/work/applications/ctw/modules/jdk_jconsole.jtr
applications/ctw/modules/jdk_jdeps.java,Passed. Execution successful,25205,/workspace/work/jtreg/tier12-legacy12/work/applications/ctw/modules/jdk_jdeps.jtr
applications/ctw/modules/jdk_jdi.java,Passed. Execution successful,33082,/workspace/work/jtreg/tier12-legacy12/work/applications/ctw/modules/jdk_jdi.jtr
applications/ctw/modules/jdk_jfr.java,Passed. Execution successful,39358,/workspace/work/jtreg/tier12-legacy12/work/applications/ctw/modules/jdk_jfr.jtr
applications/ctw/modules/jdk_jlink.java,Passed. Execution successful,21476,/workspace/work/jtreg/tier12-legacy12/work/applications/ctw/modules/jdk_jlink.jtr
applications/ctw/modules/jdk_jpackage.java,Passed. Execution successful,44956,/workspace/work/jtreg/tier12-legacy12/work/applications/ctw/modules/jdk_jpackage.jtr
applications/ctw/modules/jdk_jshell.java,Passed. Execution successful,28996,/workspace/work/jtreg/tier12-legacy12/work/applications/ctw/modules/jdk_jshell.jtr
applications/ctw/modules/jdk_jstatd.java,Passed. Execution successful,12143,/workspace/work/jtreg/tier12-legacy12/work/applications/ctw/modules/jdk_jstatd.jtr
applications/ctw/modules/jdk_management_agent.java,Passed. Execution successful,12706,/workspace/work/jtreg/tier12-legacy12/work/applications/ctw/modules/jdk_management_agent.jtr
applications/ctw/modules/jdk_management_jfr.java,Passed. Execution successful,12583,/workspace/work/jtreg/tier12-legacy12/work/applications/ctw/modules/jdk_management_jfr.jtr
applications/ctw/modules/jdk_management.java,Passed. Execution successful,14340,/workspace/work/jtreg/tier12-legacy12/work/applications/ctw/modules/jdk_management.jtr
applications/ctw/modules/jdk_naming_dns.java,Passed. Execution successful,18474,/workspace/work/jtreg/tier12-legacy12/work/applications/ctw/modules/jdk_naming_dns.jtr
applications/ctw/modules/jdk_naming_rmi.java,Passed. Execution successful,15443,/workspace/work/jtreg/tier12-legacy12/work/applications/ctw/modules/jdk_naming_rmi.jtr
applications/ctw/modules/jdk_net.java,Passed. Execution successful,12077,/workspace/work/jtreg/tier12-legacy12/work/applications/ctw/modules/jdk_net.jtr
applications/ctw/modules/jdk_nio_mapmode.java,Passed. Execution successful,11483,/workspace/work/jtreg/tier12-legacy12/work/applications/ctw/modules/jdk_nio_mapmode.jtr
applications/ctw/modules/jdk_sctp.java,Passed. Execution successful,15545,/workspace/work/jtreg/tier12-legacy12/work/applications/ctw/modules/jdk_sctp.jtr
applications/ctw/modules/jdk_security_auth.java,Passed. Execution successful,16096,/workspace/work/jtreg/tier12-legacy12/work/applications/ctw/modules/jdk_security_auth.jtr
applications/ctw/modules/jdk_security_jgss.java,Passed. Execution successful,12476,/workspace/work/jtreg/tier12-legacy12/work/applications/ctw/modules/jdk_security_jgss.jtr
applications/ctw/modules/jdk_unsupported_desktop.java,Passed. Execution successful,14195,/workspace/work/jtreg/tier12-legacy12/work/applications/ctw/modules/jdk_unsupported_desktop.jtr
applications/ctw/modules/jdk_unsupported.java,Passed. Execution successful,15730,/workspace/work/jtreg/tier12-legacy12/work/applications/ctw/modules/jdk_unsupported.jtr
applications/ctw/modules/jdk_xml_dom.java,Passed. Execution successful,13190,/workspace/work/jtreg/tier12-legacy12/work/applications/ctw/modules/jdk_xml_dom.jtr
applications/ctw/modules/jdk_zipfs.java,Passed. Execution successful,14738,/workspace/work/jtreg/tier12-legacy12/work/applications/ctw/modules/jdk_zipfs.jtr
compiler/arraycopy/ACasLoadsStoresBadMem.java,Passed. Execution successful,2678,/workspace/work/jtreg/tier12-legacy12/work/compiler/arraycopy/ACasLoadsStoresBadMem.jtr
compiler/arraycopy/TestACNonEscapingSrcBadAddPBaseType.java,Passed. Execution successful,2907,/workspace/work/jtreg/tier12-legacy12/work/compiler/arraycopy/TestACNonEscapingSrcBadAddPBaseType.jtr
compiler/arraycopy/TestACSameSrcDst.java,Passed. Execution successful,2382,/workspace/work/jtreg/tier12-legacy12/work/compiler/arraycopy/TestACSameSrcDst.jtr
compiler/arraycopy/TestArrayCloneBadAssert.java,Passed. Execution successful,2358,/workspace/work/jtreg/tier12-legacy12/work/compiler/arraycopy/TestArrayCloneBadAssert.jtr
compiler/arraycopy/TestArrayCopyAsLoadsStores.java#id0,Passed. Execution successful,8811,/workspace/work/jtreg/tier12-legacy12/work/compiler/arraycopy/TestArrayCopyAsLoadsStores_id0.jtr
compiler/arraycopy/TestArrayCopyAsLoadsStores.java#id1,Passed. Execution successful,5709,/workspace/work/jtreg/tier12-legacy12/work/compiler/arraycopy/TestArrayCopyAsLoadsStores_id1.jtr
compiler/arraycopy/TestArrayCopyBadReexec.java,Passed. Execution successful,2735,/workspace/work/jtreg/tier12-legacy12/work/compiler/arraycopy/TestArrayCopyBadReexec.jtr
compiler/arraycopy/TestArrayCopyConjoint.java,Passed. Execution successful,10738,/workspace/work/jtreg/tier12-legacy12/work/compiler/arraycopy/TestArrayCopyConjoint.jtr
compiler/arraycopy/TestArrayCopyDisjoint.java,Passed. Execution successful,7121,/workspace/work/jtreg/tier12-legacy12/work/compiler/arraycopy/TestArrayCopyDisjoint.jtr
compiler/arraycopy/TestArrayCopyDisjointLarge.java,Passed. Execution successful,2024,/workspace/work/jtreg/tier12-legacy12/work/compiler/arraycopy/TestArrayCopyDisjointLarge.jtr
compiler/arraycopy/TestArrayCopyIntrinsicWithUCT.java,Passed. Execution successful,2471,/workspace/work/jtreg/tier12-legacy12/work/compiler/arraycopy/TestArrayCopyIntrinsicWithUCT.jtr
compiler/arraycopy/TestArrayCopyMacro.java,Passed. Execution successful,1798,/workspace/work/jtreg/tier12-legacy12/work/compiler/arraycopy/TestArrayCopyMacro.jtr
compiler/arraycopy/TestArrayCopyMaskedWithSub.java,Passed. Execution successful,1466,/workspace/work/jtreg/tier12-legacy12/work/compiler/arraycopy/TestArrayCopyMaskedWithSub.jtr
compiler/arraycopy/TestArrayCopyMaskedWithZeroSrc.java,Passed. Execution successful,1897,/workspace/work/jtreg/tier12-legacy12/work/compiler/arraycopy/TestArrayCopyMaskedWithZeroSrc.jtr
compiler/arraycopy/TestArrayCopyMemoryChain.java,Passed. Execution successful,1874,/workspace/work/jtreg/tier12-legacy12/work/compiler/arraycopy/TestArrayCopyMemoryChain.jtr
compiler/arraycopy/TestArrayCopyNoInit.java,Passed. Execution successful,3408,/workspace/work/jtreg/tier12-legacy12/work/compiler/arraycopy/TestArrayCopyNoInit.jtr
compiler/arraycopy/TestArrayCopyNoInitDeopt.java,Passed. Execution successful,8544,/workspace/work/jtreg/tier12-legacy12/work/compiler/arraycopy/TestArrayCopyNoInitDeopt.jtr
compiler/arraycopy/TestArrayCopyOfRangeGuards.java,Passed. Execution successful,3445,/workspace/work/jtreg/tier12-legacy12/work/compiler/arraycopy/TestArrayCopyOfRangeGuards.jtr
compiler/arraycopy/TestArrayCopyOfStopped.java,Passed. Execution successful,2816,/workspace/work/jtreg/tier12-legacy12/work/compiler/arraycopy/TestArrayCopyOfStopped.jtr
compiler/arraycopy/TestArrayCopyOverflowArguments.java,Passed. Execution successful,2244,/workspace/work/jtreg/tier12-legacy12/work/compiler/arraycopy/TestArrayCopyOverflowArguments.jtr
compiler/arraycopy/TestArrayCopyOverflowInBoundChecks.java,Passed. Execution successful,2322,/workspace/work/jtreg/tier12-legacy12/work/compiler/arraycopy/TestArrayCopyOverflowInBoundChecks.jtr
compiler/arraycopy/TestArrayCopyPartialInliningLoadSplit.java,Passed. Execution successful,2295,/workspace/work/jtreg/tier12-legacy12/work/compiler/arraycopy/TestArrayCopyPartialInliningLoadSplit.jtr
compiler/arraycopy/TestArrayCopyStoppedAfterGuards.java,Passed. Execution successful,2256,/workspace/work/jtreg/tier12-legacy12/work/compiler/arraycopy/TestArrayCopyStoppedAfterGuards.jtr
compiler/arraycopy/TestArrayCopyUNCBadMem.java,Passed. Execution successful,2151,/workspace/work/jtreg/tier12-legacy12/work/compiler/arraycopy/TestArrayCopyUNCBadMem.jtr
compiler/arraycopy/TestArrayCopyWithBadOffset.java,Passed. Execution successful,2847,/workspace/work/jtreg/tier12-legacy12/work/compiler/arraycopy/TestArrayCopyWithBadOffset.jtr
compiler/arraycopy/TestArraysCopyOfNoTypeCheck.java,Passed. Execution successful,2549,/workspace/work/jtreg/tier12-legacy12/work/compiler/arraycopy/TestArraysCopyOfNoTypeCheck.jtr
compiler/arraycopy/TestBlockArrayCopyMisaligned.java,Passed. Execution successful,2683,/workspace/work/jtreg/tier12-legacy12/work/compiler/arraycopy/TestBlockArrayCopyMisaligned.jtr
compiler/arraycopy/TestCloneAccess.java,Passed. Execution successful,2589,/workspace/work/jtreg/tier12-legacy12/work/compiler/arraycopy/TestCloneAccess.jtr
compiler/arraycopy/TestCloneAccessStressGCM.java,Passed. Execution successful,2816,/workspace/work/jtreg/tier12-legacy12/work/compiler/arraycopy/TestCloneAccessStressGCM.jtr
compiler/arraycopy/TestCloneArrayWithDifferentLengthConstness.java,Passed. Execution successful,1969,/workspace/work/jtreg/tier12-legacy12/work/compiler/arraycopy/TestCloneArrayWithDifferentLengthConstness.jtr
compiler/arraycopy/TestCloneUnknownClassAtParseTime.java,Passed. Execution successful,2481,/workspace/work/jtreg/tier12-legacy12/work/compiler/arraycopy/TestCloneUnknownClassAtParseTime.jtr
compiler/arraycopy/TestDeadArrayCopyOnMemChain.java,Passed. Execution successful,1930,/workspace/work/jtreg/tier12-legacy12/work/compiler/arraycopy/TestDeadArrayCopyOnMemChain.jtr
compiler/arraycopy/TestDeadCloneMem.java,Passed. Execution successful,1926,/workspace/work/jtreg/tier12-legacy12/work/compiler/arraycopy/TestDeadCloneMem.jtr
compiler/arraycopy/TestDefaultMethodArrayCloneDeoptC2.java,Passed. Execution successful,9018,/workspace/work/jtreg/tier12-legacy12/work/compiler/arraycopy/TestDefaultMethodArrayCloneDeoptC2.jtr
compiler/arraycopy/TestEliminateArrayCopy.java,Passed. Execution successful,11669,/workspace/work/jtreg/tier12-legacy12/work/compiler/arraycopy/TestEliminateArrayCopy.jtr
compiler/arraycopy/TestEliminatedArrayCopyDeopt.java,Passed. Execution successful,4129,/workspace/work/jtreg/tier12-legacy12/work/compiler/arraycopy/TestEliminatedArrayCopyDeopt.jtr
compiler/arraycopy/TestEliminatedArrayCopyPhi.java,Passed. Execution successful,2670,/workspace/work/jtreg/tier12-legacy12/work/compiler/arraycopy/TestEliminatedArrayCopyPhi.jtr
compiler/arraycopy/TestEliminatedArrayLoopPredicateCopyDeopt.java,Passed. Execution successful,3491,/workspace/work/jtreg/tier12-legacy12/work/compiler/arraycopy/TestEliminatedArrayLoopPredicateCopyDeopt.jtr
compiler/arraycopy/TestEliminatedCloneBadMemEdge.java,Passed. Execution successful,2792,/workspace/work/jtreg/tier12-legacy12/work/compiler/arraycopy/TestEliminatedCloneBadMemEdge.jtr
compiler/arraycopy/TestIllegalArrayCopyBeforeInfiniteLoop.java,Passed. Execution successful,2310,/workspace/work/jtreg/tier12-legacy12/work/compiler/arraycopy/TestIllegalArrayCopyBeforeInfiniteLoop.jtr
compiler/arraycopy/TestInitializingACLoadWithBadMem.java,Passed. Execution successful,1937,/workspace/work/jtreg/tier12-legacy12/work/compiler/arraycopy/TestInitializingACLoadWithBadMem.jtr
compiler/arraycopy/TestInstanceCloneAsLoadsStores.java,Passed. Execution successful,9127,/workspace/work/jtreg/tier12-legacy12/work/compiler/arraycopy/TestInstanceCloneAsLoadsStores.jtr
compiler/arraycopy/TestLoadBypassACWithWrongMem.java,Passed. Execution successful,1852,/workspace/work/jtreg/tier12-legacy12/work/compiler/arraycopy/TestLoadBypassACWithWrongMem.jtr
compiler/arraycopy/TestLoadBypassArrayCopy.java,Passed. Execution successful,1804,/workspace/work/jtreg/tier12-legacy12/work/compiler/arraycopy/TestLoadBypassArrayCopy.jtr
compiler/arraycopy/TestMissingControl.java,Passed. Execution successful,1907,/workspace/work/jtreg/tier12-legacy12/work/compiler/arraycopy/TestMissingControl.jtr
compiler/arraycopy/TestNegativeArrayCopyAfterLoop.java,Passed. Execution successful,2276,/workspace/work/jtreg/tier12-legacy12/work/compiler/arraycopy/TestNegativeArrayCopyAfterLoop.jtr
compiler/arraycopy/TestObjectArrayClone.java,Passed. Execution successful,27117,/workspace/work/jtreg/tier12-legacy12/work/compiler/arraycopy/TestObjectArrayClone.jtr
compiler/arraycopy/TestObjectArrayCopy.java,Passed. Execution successful,2192,/workspace/work/jtreg/tier12-legacy12/work/compiler/arraycopy/TestObjectArrayCopy.jtr
compiler/arraycopy/TestOutOfBoundsArrayLoad.java,Passed. Execution successful,12585,/workspace/work/jtreg/tier12-legacy12/work/compiler/arraycopy/TestOutOfBoundsArrayLoad.jtr
compiler/arraycopy/TestReduceBulkZeroingDisabled.java,Passed. Execution successful,24506,/workspace/work/jtreg/tier12-legacy12/work/compiler/arraycopy/TestReduceBulkZeroingDisabled.jtr
compiler/arraycopy/TestSubwordPartialInlining.java,Passed. Execution successful,15877,/workspace/work/jtreg/tier12-legacy12/work/compiler/arraycopy/TestSubwordPartialInlining.jtr
compiler/arraycopy/TestSunkLoadAntiDependency.java,Passed. Execution successful,3006,/workspace/work/jtreg/tier12-legacy12/work/compiler/arraycopy/TestSunkLoadAntiDependency.jtr
compiler/arraycopy/TestTailCallInArrayCopyStub.java,Passed. Execution successful,2807,/workspace/work/jtreg/tier12-legacy12/work/compiler/arraycopy/TestTailCallInArrayCopyStub.jtr
compiler/arraycopy/TestTightlyCoupledAllocationAssert.java,Passed. Execution successful,2703,/workspace/work/jtreg/tier12-legacy12/work/compiler/arraycopy/TestTightlyCoupledAllocationAssert.jtr
compiler/c2/ClearArray.java,Passed. Execution successful,4190,/workspace/work/jtreg/tier12-legacy12/work/compiler/c2/ClearArray.jtr
compiler/c2/CompareKlassPointersTest.java,Passed. Execution successful,1882,/workspace/work/jtreg/tier12-legacy12/work/compiler/c2/CompareKlassPointersTest.jtr
compiler/c2/FloatingPointFoldingTest.java,Passed. Execution successful,1720,/workspace/work/jtreg/tier12-legacy12/work/compiler/c2/FloatingPointFoldingTest.jtr
compiler/c2/InterruptedTest.java,Passed. Execution successful,6846,/workspace/work/jtreg/tier12-legacy12/work/compiler/c2/InterruptedTest.jtr
compiler/c2/IsInstanceTest.java,Passed. Execution successful,1392,/workspace/work/jtreg/tier12-legacy12/work/compiler/c2/IsInstanceTest.jtr
compiler/c2/IVTest.java,Passed. Execution successful,2407,/workspace/work/jtreg/tier12-legacy12/work/compiler/c2/IVTest.jtr
compiler/c2/LongCountedLoopAsUnswitchIff.java,Passed. Execution successful,3514,/workspace/work/jtreg/tier12-legacy12/work/compiler/c2/LongCountedLoopAsUnswitchIff.jtr
compiler/c2/MinValueStrideCountedLoop.java#id0,Passed. Execution successful,3528,/workspace/work/jtreg/tier12-legacy12/work/compiler/c2/MinValueStrideCountedLoop_id0.jtr
compiler/c2/MinValueStrideCountedLoop.java#id1,Passed. Execution successful,3177,/workspace/work/jtreg/tier12-legacy12/work/compiler/c2/MinValueStrideCountedLoop_id1.jtr
compiler/c2/PolynomialRoot.java,Passed. Execution successful,7207,/workspace/work/jtreg/tier12-legacy12/work/compiler/c2/PolynomialRoot.jtr
compiler/c2/ReachabilityFenceFlagsTest.java,Passed. Execution successful,99697,/workspace/work/jtreg/tier12-legacy12/work/compiler/c2/ReachabilityFenceFlagsTest.jtr
compiler/c2/ReachabilityFenceOnConstantTest.java,Passed. Execution successful,2295,/workspace/work/jtreg/tier12-legacy12/work/compiler/c2/ReachabilityFenceOnConstantTest.jtr
compiler/c2/ReachabilityFenceTest.java,Passed. Execution successful,29279,/workspace/work/jtreg/tier12-legacy12/work/compiler/c2/ReachabilityFenceTest.jtr
compiler/c2/StackOverflowInSetNextCall.java,Passed. Execution successful,8383,/workspace/work/jtreg/tier12-legacy12/work/compiler/c2/StackOverflowInSetNextCall.jtr
compiler/c2/SubsumingLoadsCauseFlagSpill.java,Passed. Execution successful,4142,/workspace/work/jtreg/tier12-legacy12/work/compiler/c2/SubsumingLoadsCauseFlagSpill.jtr
compiler/c2/Test5057225.java,Passed. Execution successful,7511,/workspace/work/jtreg/tier12-legacy12/work/compiler/c2/Test5057225.jtr
compiler/c2/Test5091921.java,Passed. Execution successful,3556,/workspace/work/jtreg/tier12-legacy12/work/compiler/c2/Test5091921.jtr
compiler/c2/Test6186134.java,Passed. Execution successful,2901,/workspace/work/jtreg/tier12-legacy12/work/compiler/c2/Test6186134.jtr
compiler/c2/Test6196102.java,Passed. Execution successful,7395,/workspace/work/jtreg/tier12-legacy12/work/compiler/c2/Test6196102.jtr
compiler/c2/Test6357214.java,Passed. Execution successful,3378,/workspace/work/jtreg/tier12-legacy12/work/compiler/c2/Test6357214.jtr
compiler/c2/Test6443505.java,Passed. Execution successful,3764,/workspace/work/jtreg/tier12-legacy12/work/compiler/c2/Test6443505.jtr
compiler/c2/Test6559156.java,Passed. Execution successful,3954,/workspace/work/jtreg/tier12-legacy12/work/compiler/c2/Test6559156.jtr
compiler/c2/Test6636138_1.java,Passed. Execution successful,3936,/workspace/work/jtreg/tier12-legacy12/work/compiler/c2/Test6636138_1.jtr
compiler/c2/Test6636138_2.java,Passed. Execution successful,3759,/workspace/work/jtreg/tier12-legacy12/work/compiler/c2/Test6636138_2.jtr
compiler/c2/Test6646019.java,Passed. Execution successful,3751,/workspace/work/jtreg/tier12-legacy12/work/compiler/c2/Test6646019.jtr
compiler/c2/Test6661247.java,Passed. Execution successful,8487,/workspace/work/jtreg/tier12-legacy12/work/compiler/c2/Test6661247.jtr
compiler/c2/Test6695810.java,Passed. Execution successful,3274,/workspace/work/jtreg/tier12-legacy12/work/compiler/c2/Test6695810.jtr
compiler/c2/Test6700047.java,Passed. Execution successful,2842,/workspace/work/jtreg/tier12-legacy12/work/compiler/c2/Test6700047.jtr
compiler/c2/Test6711100.java,Passed. Execution successful,2669,/workspace/work/jtreg/tier12-legacy12/work/compiler/c2/Test6711100.jtr
compiler/c2/Test6724218.java,Passed. Execution successful,3784,/workspace/work/jtreg/tier12-legacy12/work/compiler/c2/Test6724218.jtr
compiler/c2/Test6732154.java,Passed. Execution successful,2636,/workspace/work/jtreg/tier12-legacy12/work/compiler/c2/Test6732154.jtr
compiler/c2/Test6741738.java,Passed. Execution successful,2958,/workspace/work/jtreg/tier12-legacy12/work/compiler/c2/Test6741738.jtr
compiler/c2/Test6753639.java,Passed. Execution successful,3399,/workspace/work/jtreg/tier12-legacy12/work/compiler/c2/Test6753639.jtr
compiler/c2/Test6795362.java,Passed. Execution successful,2708,/workspace/work/jtreg/tier12-legacy12/work/compiler/c2/Test6795362.jtr
compiler/c2/Test6796786.java,Passed. Execution successful,3295,/workspace/work/jtreg/tier12-legacy12/work/compiler/c2/Test6796786.jtr
compiler/c2/Test6799693.java,Passed. Execution successful,2679,/workspace/work/jtreg/tier12-legacy12/work/compiler/c2/Test6799693.jtr
compiler/c2/Test6800154.java,Passed. Execution successful,8346,/workspace/work/jtreg/tier12-legacy12/work/compiler/c2/Test6800154.jtr
compiler/c2/Test6805724.java,Passed. Execution successful,7681,/workspace/work/jtreg/tier12-legacy12/work/compiler/c2/Test6805724.jtr
compiler/c2/Test6823453.java,Passed. Execution successful,3420,/workspace/work/jtreg/tier12-legacy12/work/compiler/c2/Test6823453.jtr
compiler/c2/Test6832293.java,Passed. Execution successful,3263,/workspace/work/jtreg/tier12-legacy12/work/compiler/c2/Test6832293.jtr
compiler/c2/Test6837011.java,Passed. Execution successful,3118,/workspace/work/jtreg/tier12-legacy12/work/compiler/c2/Test6837011.jtr
compiler/c2/Test6837094.java,Passed. Execution successful,3097,/workspace/work/jtreg/tier12-legacy12/work/compiler/c2/Test6837094.jtr
compiler/c2/Test6843752.java,Passed. Execution successful,3760,/workspace/work/jtreg/tier12-legacy12/work/compiler/c2/Test6843752.jtr
compiler/c2/Test6851282.java,Passed. Execution successful,8267,/workspace/work/jtreg/tier12-legacy12/work/compiler/c2/Test6851282.jtr
compiler/c2/Test6863155.java,Passed. Execution successful,2352,/workspace/work/jtreg/tier12-legacy12/work/compiler/c2/Test6863155.jtr
compiler/c2/Test6866651.java,Passed. Execution successful,15491,/workspace/work/jtreg/tier12-legacy12/work/compiler/c2/Test6866651.jtr
compiler/c2/Test6877254.java,Passed. Execution successful,25023,/workspace/work/jtreg/tier12-legacy12/work/compiler/c2/Test6877254.jtr
compiler/c2/Test6880034.java,Passed. Execution successful,3061,/workspace/work/jtreg/tier12-legacy12/work/compiler/c2/Test6880034.jtr
compiler/c2/Test6885584.java,Passed. Execution successful,3000,/workspace/work/jtreg/tier12-legacy12/work/compiler/c2/Test6885584.jtr
compiler/c2/Test6897150.java,Passed. Execution successful,2339,/workspace/work/jtreg/tier12-legacy12/work/compiler/c2/Test6897150.jtr
compiler/c2/Test6901572.java,Passed. Execution successful,2888,/workspace/work/jtreg/tier12-legacy12/work/compiler/c2/Test6901572.jtr
compiler/c2/Test6910484.java,Passed. Execution successful,2696,/workspace/work/jtreg/tier12-legacy12/work/compiler/c2/Test6910484.jtr
compiler/c2/Test6910605_1.java,Passed. Execution successful,2204,/workspace/work/jtreg/tier12-legacy12/work/compiler/c2/Test6910605_1.jtr
compiler/c2/Test6910605_2.java,Passed. Execution successful,3581,/workspace/work/jtreg/tier12-legacy12/work/compiler/c2/Test6910605_2.jtr
compiler/c2/Test6916644.java,Passed. Execution successful,2199,/workspace/work/jtreg/tier12-legacy12/work/compiler/c2/Test6916644.jtr
compiler/c2/Test6930043.java,Passed. Execution successful,1593,/workspace/work/jtreg/tier12-legacy12/work/compiler/c2/Test6930043.jtr
compiler/c2/Test6931567.java,Passed. Execution successful,2604,/workspace/work/jtreg/tier12-legacy12/work/compiler/c2/Test6931567.jtr
compiler/c2/Test6935022.java,Passed. Execution successful,2789,/workspace/work/jtreg/tier12-legacy12/work/compiler/c2/Test6935022.jtr
compiler/c2/Test6956668.java,Passed. Execution successful,3372,/workspace/work/jtreg/tier12-legacy12/work/compiler/c2/Test6956668.jtr
compiler/c2/Test6958485.java,Passed. Execution successful,2717,/workspace/work/jtreg/tier12-legacy12/work/compiler/c2/Test6958485.jtr
compiler/c2/Test6959129.java,Passed. Execution successful,2513,/workspace/work/jtreg/tier12-legacy12/work/compiler/c2/Test6959129.jtr
compiler/c2/Test6968348.java,Passed. Execution successful,3081,/workspace/work/jtreg/tier12-legacy12/work/compiler/c2/Test6968348.jtr
compiler/c2/Test6973329.java,Passed. Execution successful,2548,/workspace/work/jtreg/tier12-legacy12/work/compiler/c2/Test6973329.jtr
compiler/c2/Test6985295.java,Passed. Execution successful,2520,/workspace/work/jtreg/tier12-legacy12/work/compiler/c2/Test6985295.jtr
compiler/c2/Test6992759.java,Passed. Execution successful,2933,/workspace/work/jtreg/tier12-legacy12/work/compiler/c2/Test6992759.jtr
compiler/c2/Test7002666.java,Passed. Execution successful,2721,/workspace/work/jtreg/tier12-legacy12/work/compiler/c2/Test7002666.jtr
compiler/c2/Test7005594.java,Passed. Execution successful,2666,/workspace/work/jtreg/tier12-legacy12/work/compiler/c2/Test7005594.jtr
compiler/c2/Test7009359.java,Passed. Execution successful,2398,/workspace/work/jtreg/tier12-legacy12/work/compiler/c2/Test7009359.jtr
compiler/c2/Test7017746.java,Passed. Execution successful,2118,/workspace/work/jtreg/tier12-legacy12/work/compiler/c2/Test7017746.jtr
compiler/c2/Test7020614.java,Passed. Execution successful,3280,/workspace/work/jtreg/tier12-legacy12/work/compiler/c2/Test7020614.jtr
compiler/c2/Test7024475.java,Passed. Execution successful,3940,/workspace/work/jtreg/tier12-legacy12/work/compiler/c2/Test7024475.jtr
compiler/c2/Test7029152.java,Passed. Execution successful,2375,/workspace/work/jtreg/tier12-legacy12/work/compiler/c2/Test7029152.jtr
compiler/c2/Test7041100.java,Passed. Execution successful,1909,/workspace/work/jtreg/tier12-legacy12/work/compiler/c2/Test7041100.jtr
compiler/c2/Test7046096.java#id0,Passed. Execution successful,2554,/workspace/work/jtreg/tier12-legacy12/work/compiler/c2/Test7046096_id0.jtr
compiler/c2/Test7046096.java#stringConcatInline,Passed. Execution successful,2095,/workspace/work/jtreg/tier12-legacy12/work/compiler/c2/Test7046096_stringConcatInline.jtr
compiler/c2/Test7047069.java,Passed. Execution successful,7752,/workspace/work/jtreg/tier12-legacy12/work/compiler/c2/Test7047069.jtr
compiler/c2/Test7048332.java,Passed. Execution successful,2998,/workspace/work/jtreg/tier12-legacy12/work/compiler/c2/Test7048332.jtr
compiler/c2/Test7068051.java,Passed. Execution successful,7944,/workspace/work/jtreg/tier12-legacy12/work/compiler/c2/Test7068051.jtr
compiler/c2/Test7110586.java,Passed. Execution successful,2417,/workspace/work/jtreg/tier12-legacy12/work/compiler/c2/Test7110586.jtr
compiler/c2/Test7125879.java,Passed. Execution successful,20797,/workspace/work/jtreg/tier12-legacy12/work/compiler/c2/Test7125879.jtr
compiler/c2/Test7160610.java,Passed. Execution successful,4951,/workspace/work/jtreg/tier12-legacy12/work/compiler/c2/Test7160610.jtr
compiler/c2/Test7169782.java,Passed. Execution successful,1812,/workspace/work/jtreg/tier12-legacy12/work/compiler/c2/Test7169782.jtr
compiler/c2/Test7174363.java,Passed. Execution successful,2823,/workspace/work/jtreg/tier12-legacy12/work/compiler/c2/Test7174363.jtr
compiler/c2/Test7177917.java,Passed. Execution successful,6658,/workspace/work/jtreg/tier12-legacy12/work/compiler/c2/Test7177917.jtr
compiler/c2/Test7179138_1.java,Passed. Execution successful,4510,/workspace/work/jtreg/tier12-legacy12/work/compiler/c2/Test7179138_1.jtr
compiler/c2/Test7179138_2.java#id0,Passed. Execution successful,3292,/workspace/work/jtreg/tier12-legacy12/work/compiler/c2/Test7179138_2_id0.jtr
compiler/c2/Test7179138_2.java#stringConcatInline,Passed. Execution successful,3108,/workspace/work/jtreg/tier12-legacy12/work/compiler/c2/Test7179138_2_stringConcatInline.jtr
compiler/c2/Test7190310_unsafe.java,Passed. Execution successful,4161,/workspace/work/jtreg/tier12-legacy12/work/compiler/c2/Test7190310_unsafe.jtr
compiler/c2/Test7190310.java,Passed. Execution successful,5135,/workspace/work/jtreg/tier12-legacy12/work/compiler/c2/Test7190310.jtr
compiler/c2/Test7199742.java,Passed. Execution successful,3967,/workspace/work/jtreg/tier12-legacy12/work/compiler/c2/Test7199742.jtr
compiler/c2/Test8000805.java,Passed. Execution successful,3540,/workspace/work/jtreg/tier12-legacy12/work/compiler/c2/Test8000805.jtr
compiler/c2/Test8002069.java,Passed. Execution successful,3308,/workspace/work/jtreg/tier12-legacy12/work/compiler/c2/Test8002069.jtr
compiler/c2/Test8007294.java,Passed. Execution successful,3750,/workspace/work/jtreg/tier12-legacy12/work/compiler/c2/Test8007294.jtr
compiler/c2/Test8007722.java,Passed. Execution successful,3172,/workspace/work/jtreg/tier12-legacy12/work/compiler/c2/Test8007722.jtr
compiler/c2/Test8202414.java,Passed. Execution successful,4952,/workspace/work/jtreg/tier12-legacy12/work/compiler/c2/Test8202414.jtr
compiler/c2/Test8217359.java,Passed. Execution successful,3888,/workspace/work/jtreg/tier12-legacy12/work/compiler/c2/Test8217359.jtr
compiler/c2/Test8bitLogicalOperators.java,Passed. Execution successful,2624,/workspace/work/jtreg/tier12-legacy12/work/compiler/c2/Test8bitLogicalOperators.jtr
compiler/c2/TestAddXorIdeal.java,Passed. Execution successful,4912,/workspace/work/jtreg/tier12-legacy12/work/compiler/c2/TestAddXorIdeal.jtr
compiler/c2/TestAllocatePrefetchStyle.java,Passed. Execution successful,3642,/workspace/work/jtreg/tier12-legacy12/work/compiler/c2/TestAllocatePrefetchStyle.jtr
compiler/c2/TestAllocatePrefetchStyleLargeFlags.java,Passed. Execution successful,4148,/workspace/work/jtreg/tier12-legacy12/work/compiler/c2/TestAllocatePrefetchStyleLargeFlags.jtr
compiler/c2/TestAndShiftZeroCCP.java,Passed. Execution successful,3943,/workspace/work/jtreg/tier12-legacy12/work/compiler/c2/TestAndShiftZeroCCP.jtr
compiler/c2/TestBitSetAndReset.java,Passed. Execution successful,2238,/workspace/work/jtreg/tier12-legacy12/work/compiler/c2/TestBitSetAndReset.jtr
compiler/c2/TestCallDevirtualizationWithInfiniteLoop.java,Passed. Execution successful,2431,/workspace/work/jtreg/tier12-legacy12/work/compiler/c2/TestCallDevirtualizationWithInfiniteLoop.jtr
compiler/c2/TestCastX2NotProcessedIGVN.java,Passed. Execution successful,16911,/workspace/work/jtreg/tier12-legacy12/work/compiler/c2/TestCastX2NotProcessedIGVN.jtr
compiler/c2/TestCastX2P.java,Passed. Execution successful,5079,/workspace/work/jtreg/tier12-legacy12/work/compiler/c2/TestCastX2P.jtr
compiler/c2/TestCharShortByteSwap.java,Passed. Execution successful,3010,/workspace/work/jtreg/tier12-legacy12/work/compiler/c2/TestCharShortByteSwap.jtr
compiler/c2/TestCMoveHasTopInput.java,Passed. Execution successful,2284,/workspace/work/jtreg/tier12-legacy12/work/compiler/c2/TestCMoveHasTopInput.jtr
compiler/c2/TestCMoveIConAsBool.java,Passed. Execution successful,1889,/workspace/work/jtreg/tier12-legacy12/work/compiler/c2/TestCMoveIConAsBool.jtr
compiler/c2/TestCMoveInfiniteGVN.java,Passed. Execution successful,2512,/workspace/work/jtreg/tier12-legacy12/work/compiler/c2/TestCMoveInfiniteGVN.jtr
compiler/c2/TestCondAddDeadBranch.java,Passed. Execution successful,7966,/workspace/work/jtreg/tier12-legacy12/work/compiler/c2/TestCondAddDeadBranch.jtr
compiler/c2/TestDeadDataLoop.java,Passed. Execution successful,4897,/workspace/work/jtreg/tier12-legacy12/work/compiler/c2/TestDeadDataLoop.jtr
compiler/c2/TestDeadDataLoopCmoveIdentity.java,Passed. Execution successful,3285,/workspace/work/jtreg/tier12-legacy12/work/compiler/c2/TestDeadDataLoopCmoveIdentity.jtr
compiler/c2/TestDeadDataLoopIGVN.java,Passed. Execution successful,9213,/workspace/work/jtreg/tier12-legacy12/work/compiler/c2/TestDeadDataLoopIGVN.jtr
compiler/c2/TestDeadLoopAtMergeMem.java,Passed. Execution successful,3595,/workspace/work/jtreg/tier12-legacy12/work/compiler/c2/TestDeadLoopAtMergeMem.jtr
compiler/c2/TestDeadLoopSplitIfLoop.java,Passed. Execution successful,2617,/workspace/work/jtreg/tier12-legacy12/work/compiler/c2/TestDeadLoopSplitIfLoop.jtr
compiler/c2/TestDeadPhiMergeMemLoop.java,Passed. Execution successful,2309,/workspace/work/jtreg/tier12-legacy12/work/compiler/c2/TestDeadPhiMergeMemLoop.jtr
compiler/c2/TestDivModNodes.java,Passed. Execution successful,10726,/workspace/work/jtreg/tier12-legacy12/work/compiler/c2/TestDivModNodes.jtr
compiler/c2/TestDominatingDeadCheckCast.java,Passed. Execution successful,2598,/workspace/work/jtreg/tier12-legacy12/work/compiler/c2/TestDominatingDeadCheckCast.jtr
compiler/c2/TestDuplicateSimpleLoopBackedge.java,Passed. Execution successful,3276,/workspace/work/jtreg/tier12-legacy12/work/compiler/c2/TestDuplicateSimpleLoopBackedge.jtr
compiler/c2/TestEliminateRedundantConversionSequences.java,Passed. Execution successful,3194,/workspace/work/jtreg/tier12-legacy12/work/compiler/c2/TestEliminateRedundantConversionSequences.jtr
compiler/c2/TestExHandlerTrap.java#default_config,Passed. Execution successful,2747,/workspace/work/jtreg/tier12-legacy12/work/compiler/c2/TestExHandlerTrap_default_config.jtr
compiler/c2/TestExHandlerTrap.java#no_profiling,Passed. Execution successful,2567,/workspace/work/jtreg/tier12-legacy12/work/compiler/c2/TestExHandlerTrap_no_profiling.jtr
compiler/c2/TestFoldCompares.java,Passed. Execution successful,2711,/workspace/work/jtreg/tier12-legacy12/work/compiler/c2/TestFoldCompares.jtr
compiler/c2/TestFoldCompares2.java,Passed. Execution successful,2801,/workspace/work/jtreg/tier12-legacy12/work/compiler/c2/TestFoldCompares2.jtr
compiler/c2/TestFoldIfRemovesTopNode.java,Passed. Execution successful,3511,/workspace/work/jtreg/tier12-legacy12/work/compiler/c2/TestFoldIfRemovesTopNode.jtr
compiler/c2/TestGuardOfCastIIDoesntFold.java,Passed. Execution successful,2411,/workspace/work/jtreg/tier12-legacy12/work/compiler/c2/TestGuardOfCastIIDoesntFold.jtr
compiler/c2/TestGVNCrash.java,Passed. Execution successful,2676,/workspace/work/jtreg/tier12-legacy12/work/compiler/c2/TestGVNCrash.jtr
compiler/c2/TestIfWithDeadRegion.java,Passed. Execution successful,3579,/workspace/work/jtreg/tier12-legacy12/work/compiler/c2/TestIfWithDeadRegion.jtr
compiler/c2/TestImplicitNullCheckDominance.java,Passed. Execution successful,3726,/workspace/work/jtreg/tier12-legacy12/work/compiler/c2/TestImplicitNullCheckDominance.jtr
compiler/c2/TestInfiniteLoopCompilationFailure.java,Passed. Execution successful,3002,/workspace/work/jtreg/tier12-legacy12/work/compiler/c2/TestInfiniteLoopCompilationFailure.jtr
compiler/c2/TestJumpTable.java,Passed. Execution successful,5322,/workspace/work/jtreg/tier12-legacy12/work/compiler/c2/TestJumpTable.jtr
compiler/c2/TestLargeTreeOfSubNodes.java,Passed. Execution successful,4205,/workspace/work/jtreg/tier12-legacy12/work/compiler/c2/TestLargeTreeOfSubNodes.jtr
compiler/c2/TestLiveNodeLimit.java,Passed. Execution successful,5948,/workspace/work/jtreg/tier12-legacy12/work/compiler/c2/TestLiveNodeLimit.jtr
compiler/c2/TestLoadKlassAntiDep.java,Passed. Execution successful,2912,/workspace/work/jtreg/tier12-legacy12/work/compiler/c2/TestLoadKlassAntiDep.jtr
compiler/c2/TestLoadSplitThruPhiNull.java,Passed. Execution successful,3969,/workspace/work/jtreg/tier12-legacy12/work/compiler/c2/TestLoadSplitThruPhiNull.jtr
compiler/c2/TestLWLockingCodeGen.java,Passed. Execution successful,1806,/workspace/work/jtreg/tier12-legacy12/work/compiler/c2/TestLWLockingCodeGen.jtr
compiler/c2/TestMaskAndRShiftReorder.java,Passed. Execution successful,2532,/workspace/work/jtreg/tier12-legacy12/work/compiler/c2/TestMaskAndRShiftReorder.jtr
compiler/c2/TestMatcherLargeOffset.java,Passed. Execution successful,2191,/workspace/work/jtreg/tier12-legacy12/work/compiler/c2/TestMatcherLargeOffset.jtr
compiler/c2/TestMatcherTwoImmOffsets.java,Passed. Execution successful,1768,/workspace/work/jtreg/tier12-legacy12/work/compiler/c2/TestMatcherTwoImmOffsets.jtr
compiler/c2/TestMergeStores.java#id0,Passed. Execution successful,76624,/workspace/work/jtreg/tier12-legacy12/work/compiler/c2/TestMergeStores_id0.jtr
compiler/c2/TestMergeStores.java#id1,Passed. Execution successful,85798,/workspace/work/jtreg/tier12-legacy12/work/compiler/c2/TestMergeStores_id1.jtr
compiler/c2/TestMergeStores.java#id2,Passed. Execution successful,89076,/workspace/work/jtreg/tier12-legacy12/work/compiler/c2/TestMergeStores_id2.jtr
compiler/c2/TestMergeStoresAndAllocationElimination.java,Passed. Execution successful,2575,/workspace/work/jtreg/tier12-legacy12/work/compiler/c2/TestMergeStoresAndAllocationElimination.jtr
compiler/c2/TestMergeStoresMemorySegment.java#byte-array,Passed. Execution successful,17360,/workspace/work/jtreg/tier12-legacy12/work/compiler/c2/TestMergeStoresMemorySegment_byte-array.jtr
compiler/c2/TestMergeStoresMemorySegment.java#byte-buffer,Passed. Execution successful,19580,/workspace/work/jtreg/tier12-legacy12/work/compiler/c2/TestMergeStoresMemorySegment_byte-buffer.jtr
compiler/c2/TestMergeStoresMemorySegment.java#byte-buffer-direct,Passed. Execution successful,19663,/workspace/work/jtreg/tier12-legacy12/work/compiler/c2/TestMergeStoresMemorySegment_byte-buffer-direct.jtr
compiler/c2/TestMergeStoresMemorySegment.java#char-array,Passed. Execution successful,14057,/workspace/work/jtreg/tier12-legacy12/work/compiler/c2/TestMergeStoresMemorySegment_char-array.jtr
compiler/c2/TestMergeStoresMemorySegment.java#double-array,Passed. Execution successful,14281,/workspace/work/jtreg/tier12-legacy12/work/compiler/c2/TestMergeStoresMemorySegment_double-array.jtr
compiler/c2/TestMergeStoresMemorySegment.java#float-array,Passed. Execution successful,16010,/workspace/work/jtreg/tier12-legacy12/work/compiler/c2/TestMergeStoresMemorySegment_float-array.jtr
compiler/c2/TestMergeStoresMemorySegment.java#int-array,Passed. Execution successful,15874,/workspace/work/jtreg/tier12-legacy12/work/compiler/c2/TestMergeStoresMemorySegment_int-array.jtr
compiler/c2/TestMergeStoresMemorySegment.java#long-array,Passed. Execution successful,16741,/workspace/work/jtreg/tier12-legacy12/work/compiler/c2/TestMergeStoresMemorySegment_long-array.jtr
compiler/c2/TestMergeStoresMemorySegment.java#native,Passed. Execution successful,19281,/workspace/work/jtreg/tier12-legacy12/work/compiler/c2/TestMergeStoresMemorySegment_native.jtr
compiler/c2/TestMergeStoresMemorySegment.java#short-array,Passed. Execution successful,16461,/workspace/work/jtreg/tier12-legacy12/work/compiler/c2/TestMergeStoresMemorySegment_short-array.jtr
compiler/c2/TestMergeStoresNullAdrType.java,Passed. Execution successful,14585,/workspace/work/jtreg/tier12-legacy12/work/compiler/c2/TestMergeStoresNullAdrType.jtr
compiler/c2/TestMergeStoresUnsafeArrayPointer.java,Passed. Execution successful,22187,/workspace/work/jtreg/tier12-legacy12/work/compiler/c2/TestMergeStoresUnsafeArrayPointer.jtr
compiler/c2/TestMinMaxSubword.java,Passed. Execution successful,15946,/workspace/work/jtreg/tier12-legacy12/work/compiler/c2/TestMinMaxSubword.jtr
compiler/c2/TestMinValueStrideLongCountedLoop.java,Passed. Execution successful,5313,/workspace/work/jtreg/tier12-legacy12/work/compiler/c2/TestMinValueStrideLongCountedLoop.jtr
compiler/c2/TestMismatchedAddPAfterMaxUnroll.java,Passed. Execution successful,6378,/workspace/work/jtreg/tier12-legacy12/work/compiler/c2/TestMismatchedAddPAfterMaxUnroll.jtr
compiler/c2/TestMissingOptAbsZeroMinusX.java,Passed. Execution successful,4384,/workspace/work/jtreg/tier12-legacy12/work/compiler/c2/TestMissingOptAbsZeroMinusX.jtr
compiler/c2/TestMissingOptMoveX2YLoadX.java,Passed. Execution successful,4743,/workspace/work/jtreg/tier12-legacy12/work/compiler/c2/TestMissingOptMoveX2YLoadX.jtr
compiler/c2/TestModControlFoldedAfterCCP.java,Passed. Execution successful,2588,/workspace/work/jtreg/tier12-legacy12/work/compiler/c2/TestModControlFoldedAfterCCP.jtr
compiler/c2/TestModDivTopInput.java,Passed. Execution successful,4213,/workspace/work/jtreg/tier12-legacy12/work/compiler/c2/TestModDivTopInput.jtr
compiler/c2/TestMulNodeInfiniteGVN.java,Passed. Execution successful,3902,/workspace/work/jtreg/tier12-legacy12/work/compiler/c2/TestMulNodeInfiniteGVN.jtr
compiler/c2/TestMultiplyLongHiZero.java,Passed. Execution successful,5794,/workspace/work/jtreg/tier12-legacy12/work/compiler/c2/TestMultiplyLongHiZero.jtr
compiler/c2/TestNotifyCastToXor.java,Passed. Execution successful,3725,/workspace/work/jtreg/tier12-legacy12/work/compiler/c2/TestNotifyCastToXor.jtr
compiler/c2/TestNPEHeapBased.java,Passed. Execution successful,4992,/workspace/work/jtreg/tier12-legacy12/work/compiler/c2/TestNPEHeapBased.jtr
compiler/c2/TestNullRegionInputAtPhiMakePathDead.java,Passed. Execution successful,4229,/workspace/work/jtreg/tier12-legacy12/work/compiler/c2/TestNullRegionInputAtPhiMakePathDead.jtr
compiler/c2/TestReduceAllocationAndHeapDump.java,Passed. Execution successful,18844,/workspace/work/jtreg/tier12-legacy12/work/compiler/c2/TestReduceAllocationAndHeapDump.jtr
compiler/c2/TestReduceAllocationAndMemoryLoop.java,Passed. Execution successful,4247,/workspace/work/jtreg/tier12-legacy12/work/compiler/c2/TestReduceAllocationAndMemoryLoop.jtr
compiler/c2/TestReducePhiOnCmpWithNoOptPtrCompare.java,Passed. Execution successful,14766,/workspace/work/jtreg/tier12-legacy12/work/compiler/c2/TestReducePhiOnCmpWithNoOptPtrCompare.jtr
compiler/c2/TestRemoveMemBarPrecEdge.java,Passed. Execution successful,3957,/workspace/work/jtreg/tier12-legacy12/work/compiler/c2/TestRemoveMemBarPrecEdge.jtr
compiler/c2/TestRemoveSingleIterationLoop.java,Passed. Execution successful,3819,/workspace/work/jtreg/tier12-legacy12/work/compiler/c2/TestRemoveSingleIterationLoop.jtr
compiler/c2/TestRenumberLiveNodesInfiniteLoop.java,Passed. Execution successful,23902,/workspace/work/jtreg/tier12-legacy12/work/compiler/c2/TestRenumberLiveNodesInfiniteLoop.jtr
compiler/c2/TestReplacedNodesOSR.java,Passed. Execution successful,5504,/workspace/work/jtreg/tier12-legacy12/work/compiler/c2/TestReplacedNodesOSR.jtr
compiler/c2/TestReplaceEquivPhis.java,Passed. Execution successful,2792,/workspace/work/jtreg/tier12-legacy12/work/compiler/c2/TestReplaceEquivPhis.jtr
compiler/c2/TestReplaceNarrowPhiWithBottomPhi.java,Passed. Execution successful,12991,/workspace/work/jtreg/tier12-legacy12/work/compiler/c2/TestReplaceNarrowPhiWithBottomPhi.jtr
compiler/c2/TestRotateNegativeEvenValues.java,Passed. Execution successful,2396,/workspace/work/jtreg/tier12-legacy12/work/compiler/c2/TestRotateNegativeEvenValues.jtr
compiler/c2/TestShiftRightAndAccumulate.java#id0,Passed. Execution successful,46336,/workspace/work/jtreg/tier12-legacy12/work/compiler/c2/TestShiftRightAndAccumulate_id0.jtr
compiler/c2/TestShiftRightAndAccumulate.java#id1,Passed. Execution successful,11366,/workspace/work/jtreg/tier12-legacy12/work/compiler/c2/TestShiftRightAndAccumulate_id1.jtr
compiler/c2/TestSignExtract.java,Passed. Execution successful,2015,/workspace/work/jtreg/tier12-legacy12/work/compiler/c2/TestSignExtract.jtr
compiler/c2/TestSkipLongToIntCast.java,Passed. Execution successful,2886,/workspace/work/jtreg/tier12-legacy12/work/compiler/c2/TestSkipLongToIntCast.jtr
compiler/c2/TestSubIdealC0Minus_YPlusC1_.java,Passed. Execution successful,3621,/workspace/work/jtreg/tier12-legacy12/work/compiler/c2/TestSubIdealC0Minus_YPlusC1_.jtr
compiler/c2/TestSwitchStackOverflow.java,Passed. Execution successful,26372,/workspace/work/jtreg/tier12-legacy12/work/compiler/c2/TestSwitchStackOverflow.jtr
compiler/c2/TestTopCastIIOnUndetectedDeadPath.java,Passed. Execution successful,2556,/workspace/work/jtreg/tier12-legacy12/work/compiler/c2/TestTopCastIIOnUndetectedDeadPath.jtr
compiler/c2/TestTopCastIIOnUndetectedDeadPath2.java,Passed. Execution successful,3128,/workspace/work/jtreg/tier12-legacy12/work/compiler/c2/TestTopCastIIOnUndetectedDeadPath2.jtr
compiler/c2/TestTopCastIIOnUndetectedDeadPath3.java,Passed. Execution successful,2571,/workspace/work/jtreg/tier12-legacy12/work/compiler/c2/TestTopCastIIOnUndetectedDeadPath3.jtr
compiler/c2/TestTopCastIIOnUndetectedDeadPath4.java#JDK-8293941,Passed. Execution successful,2180,/workspace/work/jtreg/tier12-legacy12/work/compiler/c2/TestTopCastIIOnUndetectedDeadPath4_JDK-8293941.jtr
compiler/c2/TestTopCastIIOnUndetectedDeadPath4.java#JDK-8314111,Passed. Execution successful,2043,/workspace/work/jtreg/tier12-legacy12/work/compiler/c2/TestTopCastIIOnUndetectedDeadPath4_JDK-8314111.jtr
compiler/c2/TestTopCastIIOnUndetectedDeadPath4.java#NoFlags,Passed. Execution successful,1824,/workspace/work/jtreg/tier12-legacy12/work/compiler/c2/TestTopCastIIOnUndetectedDeadPath4_NoFlags.jtr
compiler/c2/TestUnalignedAccess.java,Passed. Execution successful,4271,/workspace/work/jtreg/tier12-legacy12/work/compiler/c2/TestUnalignedAccess.jtr
compiler/c2/TestUnexpectedParallelIV.java,Passed. Execution successful,2662,/workspace/work/jtreg/tier12-legacy12/work/compiler/c2/TestUnexpectedParallelIV.jtr
compiler/c2/TestUninitializedKlassField.java,Passed. Execution successful,2223,/workspace/work/jtreg/tier12-legacy12/work/compiler/c2/TestUninitializedKlassField.jtr
compiler/c2/TestUnlockNodeNullMemprof.java,Passed. Execution successful,2384,/workspace/work/jtreg/tier12-legacy12/work/compiler/c2/TestUnlockNodeNullMemprof.jtr
compiler/c2/TestUnreachableRegionDuringCCP.java,Passed. Execution successful,2487,/workspace/work/jtreg/tier12-legacy12/work/compiler/c2/TestUnreachableRegionDuringCCP.jtr
compiler/c2/TestUnresolvedConstantDynamic.java,Passed. Execution successful,3105,/workspace/work/jtreg/tier12-legacy12/work/compiler/c2/TestUnresolvedConstantDynamic.jtr
compiler/c2/TestUnsignedByteCompare.java,Passed. Execution successful,17093,/workspace/work/jtreg/tier12-legacy12/work/compiler/c2/TestUnsignedByteCompare.jtr
compiler/c2/TestUnsignedByteCompare1.java,Passed. Execution successful,37880,/workspace/work/jtreg/tier12-legacy12/work/compiler/c2/TestUnsignedByteCompare1.jtr
compiler/c2/TestUnsignedCompareIntoEqualityNotCanonical.java,Passed. Execution successful,2996,/workspace/work/jtreg/tier12-legacy12/work/compiler/c2/TestUnsignedCompareIntoEqualityNotCanonical.jtr
compiler/c2/TestVerifyLoopOptimizationsHighMemUsage.java,Passed. Execution successful,2840,/workspace/work/jtreg/tier12-legacy12/work/compiler/c2/TestVerifyLoopOptimizationsHighMemUsage.jtr
compiler/c2/UpcastTest.java,Passed. Execution successful,3693,/workspace/work/jtreg/tier12-legacy12/work/compiler/c2/UpcastTest.jtr
compiler/classUnloading/methodUnloading/TestMethodUnloading.java,Passed. Execution successful,17113,/workspace/work/jtreg/tier12-legacy12/work/compiler/classUnloading/methodUnloading/TestMethodUnloading.jtr
compiler/codecache/MHIntrinsicAllocFailureTest.java,Passed. Execution successful,11651,/workspace/work/jtreg/tier12-legacy12/work/compiler/codecache/MHIntrinsicAllocFailureTest.jtr
compiler/codecache/OverflowCodeCacheTest.java#id0,Passed. Execution successful,12007,/workspace/work/jtreg/tier12-legacy12/work/compiler/codecache/OverflowCodeCacheTest_id0.jtr
compiler/codecache/OverflowCodeCacheTest.java#id1,Passed. Execution successful,16427,/workspace/work/jtreg/tier12-legacy12/work/compiler/codecache/OverflowCodeCacheTest_id1.jtr
compiler/codegen/BadLogicCode.java,Passed. Execution successful,2977,/workspace/work/jtreg/tier12-legacy12/work/compiler/codegen/BadLogicCode.jtr
compiler/codegen/BitTests.java,Passed. Execution successful,14311,/workspace/work/jtreg/tier12-legacy12/work/compiler/codegen/BitTests.jtr
compiler/codegen/BMI1.java,Passed. Execution successful,5649,/workspace/work/jtreg/tier12-legacy12/work/compiler/codegen/BMI1.jtr
compiler/codegen/BMI2.java,Passed. Execution successful,2962,/workspace/work/jtreg/tier12-legacy12/work/compiler/codegen/BMI2.jtr
compiler/codegen/C1NullCheckOfNullStore.java,Passed. Execution successful,3101,/workspace/work/jtreg/tier12-legacy12/work/compiler/codegen/C1NullCheckOfNullStore.jtr
compiler/codegen/ClearArrayTest.java,Passed. Execution successful,3483,/workspace/work/jtreg/tier12-legacy12/work/compiler/codegen/ClearArrayTest.jtr
compiler/codegen/CRCTest.java,Passed. Execution successful,4898,/workspace/work/jtreg/tier12-legacy12/work/compiler/codegen/CRCTest.jtr
compiler/codegen/IntRotateWithImmediate.java,Passed. Execution successful,3703,/workspace/work/jtreg/tier12-legacy12/work/compiler/codegen/IntRotateWithImmediate.jtr
compiler/codegen/LoadWithMask.java,Passed. Execution successful,3077,/workspace/work/jtreg/tier12-legacy12/work/compiler/codegen/LoadWithMask.jtr
compiler/codegen/LoadWithMask2.java,Passed. Execution successful,2131,/workspace/work/jtreg/tier12-legacy12/work/compiler/codegen/LoadWithMask2.jtr
compiler/codegen/ShiftByZero.java,Passed. Execution successful,3602,/workspace/work/jtreg/tier12-legacy12/work/compiler/codegen/ShiftByZero.jtr
compiler/codegen/ShiftTest.java,Passed. Execution successful,4858,/workspace/work/jtreg/tier12-legacy12/work/compiler/codegen/ShiftTest.jtr
compiler/codegen/Test6378821.java,Passed. Execution successful,4390,/workspace/work/jtreg/tier12-legacy12/work/compiler/codegen/Test6378821.jtr
compiler/codegen/Test6431242.java,Passed. Execution successful,3499,/workspace/work/jtreg/tier12-legacy12/work/compiler/codegen/Test6431242.jtr
compiler/codegen/Test6797305.java,Passed. Execution successful,2894,/workspace/work/jtreg/tier12-legacy12/work/compiler/codegen/Test6797305.jtr
compiler/codegen/Test6814842.java,Passed. Execution successful,2723,/workspace/work/jtreg/tier12-legacy12/work/compiler/codegen/Test6814842.jtr
compiler/codegen/Test6823354.java,Passed. Execution successful,7144,/workspace/work/jtreg/tier12-legacy12/work/compiler/codegen/Test6823354.jtr
compiler/codegen/Test6875866.java,Passed. Execution successful,18734,/workspace/work/jtreg/tier12-legacy12/work/compiler/codegen/Test6875866.jtr
compiler/codegen/Test6879902.java,Passed. Execution successful,2563,/workspace/work/jtreg/tier12-legacy12/work/compiler/codegen/Test6879902.jtr
compiler/codegen/Test6909839.java,Passed. Execution successful,3228,/workspace/work/jtreg/tier12-legacy12/work/compiler/codegen/Test6909839.jtr
compiler/codegen/Test6935535.java#id0,Passed. Execution successful,27504,/workspace/work/jtreg/tier12-legacy12/work/compiler/codegen/Test6935535_id0.jtr
compiler/codegen/Test6942326.java,Passed. Execution successful,12055,/workspace/work/jtreg/tier12-legacy12/work/compiler/codegen/Test6942326.jtr
compiler/codegen/Test7009231.java,Passed. Execution successful,3523,/workspace/work/jtreg/tier12-legacy12/work/compiler/codegen/Test7009231.jtr
compiler/codegen/Test7100757.java,Passed. Execution successful,7015,/workspace/work/jtreg/tier12-legacy12/work/compiler/codegen/Test7100757.jtr
compiler/codegen/Test8005033.java,Passed. Execution successful,2681,/workspace/work/jtreg/tier12-legacy12/work/compiler/codegen/Test8005033.jtr
compiler/codegen/Test8011901.java,Passed. Execution successful,2963,/workspace/work/jtreg/tier12-legacy12/work/compiler/codegen/Test8011901.jtr
compiler/codegen/TestAntiDependenciesHighMemUsage.java,Passed. Execution successful,13803,/workspace/work/jtreg/tier12-legacy12/work/compiler/codegen/TestAntiDependenciesHighMemUsage.jtr
compiler/codegen/TestAntiDependenciesHighMemUsage2.java,Passed. Execution successful,19993,/workspace/work/jtreg/tier12-legacy12/work/compiler/codegen/TestAntiDependenciesHighMemUsage2.jtr
compiler/codegen/TestBooleanVect.java,Passed. Execution successful,11719,/workspace/work/jtreg/tier12-legacy12/work/compiler/codegen/TestBooleanVect.jtr
compiler/codegen/TestByteDoubleVect.java,Passed. Execution successful,9356,/workspace/work/jtreg/tier12-legacy12/work/compiler/codegen/TestByteDoubleVect.jtr
compiler/codegen/TestByteFloatVect.java,Passed. Execution successful,9985,/workspace/work/jtreg/tier12-legacy12/work/compiler/codegen/TestByteFloatVect.jtr
compiler/codegen/TestByteIntVect.java,Passed. Execution successful,5372,/workspace/work/jtreg/tier12-legacy12/work/compiler/codegen/TestByteIntVect.jtr
compiler/codegen/TestByteLongVect.java,Passed. Execution successful,9817,/workspace/work/jtreg/tier12-legacy12/work/compiler/codegen/TestByteLongVect.jtr
compiler/codegen/TestByteShortVect.java,Passed. Execution successful,7671,/workspace/work/jtreg/tier12-legacy12/work/compiler/codegen/TestByteShortVect.jtr
compiler/codegen/TestByteVect.java,Passed. Execution successful,9615,/workspace/work/jtreg/tier12-legacy12/work/compiler/codegen/TestByteVect.jtr
compiler/codegen/TestCharShortVect.java,Passed. Execution successful,5871,/workspace/work/jtreg/tier12-legacy12/work/compiler/codegen/TestCharShortVect.jtr
compiler/codegen/TestCharVect.java,Passed. Execution successful,5778,/workspace/work/jtreg/tier12-legacy12/work/compiler/codegen/TestCharVect.jtr
compiler/codegen/TestCharVect2.java#id0,Passed. Execution successful,7537,/workspace/work/jtreg/tier12-legacy12/work/compiler/codegen/TestCharVect2_id0.jtr
compiler/codegen/TestCharVect2.java#id1,Passed. Execution successful,12422,/workspace/work/jtreg/tier12-legacy12/work/compiler/codegen/TestCharVect2_id1.jtr
compiler/codegen/TestCheckCastPPRawOopSchedulingAtSafepoint.java,Passed. Execution successful,3948,/workspace/work/jtreg/tier12-legacy12/work/compiler/codegen/TestCheckCastPPRawOopSchedulingAtSafepoint.jtr
compiler/codegen/TestConvertImplicitNullCheck.java,Passed. Execution successful,1536,/workspace/work/jtreg/tier12-legacy12/work/compiler/codegen/TestConvertImplicitNullCheck.jtr
compiler/codegen/TestDoubleVect.java,Passed. Execution successful,2610,/workspace/work/jtreg/tier12-legacy12/work/compiler/codegen/TestDoubleVect.jtr
compiler/codegen/TestFloatDoubleVect.java,Passed. Execution successful,6481,/workspace/work/jtreg/tier12-legacy12/work/compiler/codegen/TestFloatDoubleVect.jtr
compiler/codegen/TestFloatVect.java,Passed. Execution successful,7804,/workspace/work/jtreg/tier12-legacy12/work/compiler/codegen/TestFloatVect.jtr
compiler/codegen/TestGCMLoadPlacement.java,Passed. Execution successful,5169,/workspace/work/jtreg/tier12-legacy12/work/compiler/codegen/TestGCMLoadPlacement.jtr
compiler/codegen/TestGCMStorePlacement.java,Passed. Execution successful,7714,/workspace/work/jtreg/tier12-legacy12/work/compiler/codegen/TestGCMStorePlacement.jtr
compiler/codegen/TestIntDoubleVect.java,Passed. Execution successful,5817,/workspace/work/jtreg/tier12-legacy12/work/compiler/codegen/TestIntDoubleVect.jtr
compiler/codegen/TestIntFloatVect.java,Passed. Execution successful,4651,/workspace/work/jtreg/tier12-legacy12/work/compiler/codegen/TestIntFloatVect.jtr
compiler/codegen/TestIntLongVect.java,Passed. Execution successful,6989,/workspace/work/jtreg/tier12-legacy12/work/compiler/codegen/TestIntLongVect.jtr
compiler/codegen/TestIntVect.java,Passed. Execution successful,8033,/workspace/work/jtreg/tier12-legacy12/work/compiler/codegen/TestIntVect.jtr
compiler/codegen/TestLongDoubleVect.java,Passed. Execution successful,5532,/workspace/work/jtreg/tier12-legacy12/work/compiler/codegen/TestLongDoubleVect.jtr
compiler/codegen/TestLongFloatVect.java,Passed. Execution successful,7507,/workspace/work/jtreg/tier12-legacy12/work/compiler/codegen/TestLongFloatVect.jtr
compiler/codegen/TestLongVect.java,Passed. Execution successful,7101,/workspace/work/jtreg/tier12-legacy12/work/compiler/codegen/TestLongVect.jtr
compiler/codegen/TestMultiMemInstructionMatching.java,Passed. Execution successful,3115,/workspace/work/jtreg/tier12-legacy12/work/compiler/codegen/TestMultiMemInstructionMatching.jtr
compiler/codegen/TestOopCmp.java,Passed. Execution successful,10434,/workspace/work/jtreg/tier12-legacy12/work/compiler/codegen/TestOopCmp.jtr
compiler/codegen/TestRedundantLea.java#GetAndSet,Passed. Execution successful,14067,/workspace/work/jtreg/tier12-legacy12/work/compiler/codegen/TestRedundantLea_GetAndSet.jtr
compiler/codegen/TestRedundantLea.java#StoreNParallel,Passed. Execution successful,12939,/workspace/work/jtreg/tier12-legacy12/work/compiler/codegen/TestRedundantLea_StoreNParallel.jtr
compiler/codegen/TestRedundantLea.java#StoreNSerial,Passed. Execution successful,11474,/workspace/work/jtreg/tier12-legacy12/work/compiler/codegen/TestRedundantLea_StoreNSerial.jtr
compiler/codegen/TestRedundantLea.java#StringEquals,Passed. Execution successful,13466,/workspace/work/jtreg/tier12-legacy12/work/compiler/codegen/TestRedundantLea_StringEquals.jtr
compiler/codegen/TestRedundantLea.java#StringInflate,Passed. Execution successful,14721,/workspace/work/jtreg/tier12-legacy12/work/compiler/codegen/TestRedundantLea_StringInflate.jtr
compiler/codegen/TestShortDoubleVect.java,Passed. Execution successful,7551,/workspace/work/jtreg/tier12-legacy12/work/compiler/codegen/TestShortDoubleVect.jtr
compiler/codegen/TestShortFloatVect.java,Passed. Execution successful,6780,/workspace/work/jtreg/tier12-legacy12/work/compiler/codegen/TestShortFloatVect.jtr
compiler/codegen/TestShortIntVect.java,Passed. Execution successful,4114,/workspace/work/jtreg/tier12-legacy12/work/compiler/codegen/TestShortIntVect.jtr
compiler/codegen/TestShortLongVect.java,Passed. Execution successful,7497,/workspace/work/jtreg/tier12-legacy12/work/compiler/codegen/TestShortLongVect.jtr
compiler/codegen/TestShortVect.java,Passed. Execution successful,7108,/workspace/work/jtreg/tier12-legacy12/work/compiler/codegen/TestShortVect.jtr
compiler/codegen/TestSignedMultiplyLong.java,Passed. Execution successful,15500,/workspace/work/jtreg/tier12-legacy12/work/compiler/codegen/TestSignedMultiplyLong.jtr
compiler/codegen/TestTrichotomyExpressions.java,Passed. Execution successful,34634,/workspace/work/jtreg/tier12-legacy12/work/compiler/codegen/TestTrichotomyExpressions.jtr
compiler/gcbarriers/EqvUncastStepOverBarrier.java,Passed. Execution successful,7223,/workspace/work/jtreg/tier12-legacy12/work/compiler/gcbarriers/EqvUncastStepOverBarrier.jtr
compiler/gcbarriers/G1CrashTest.java,Passed. Execution successful,3246,/workspace/work/jtreg/tier12-legacy12/work/compiler/gcbarriers/G1CrashTest.jtr
compiler/gcbarriers/TestArrayCopyWithLargeObjectAlignment.java,Passed. Execution successful,1755,/workspace/work/jtreg/tier12-legacy12/work/compiler/gcbarriers/TestArrayCopyWithLargeObjectAlignment.jtr
compiler/gcbarriers/TestG1BarrierGeneration.java,Passed. Execution successful,15044,/workspace/work/jtreg/tier12-legacy12/work/compiler/gcbarriers/TestG1BarrierGeneration.jtr
compiler/gcbarriers/TestImplicitNullChecks.java,Passed. Execution successful,7944,/workspace/work/jtreg/tier12-legacy12/work/compiler/gcbarriers/TestImplicitNullChecks.jtr
compiler/gcbarriers/TestMembarDependencies.java,Passed. Execution successful,5088,/workspace/work/jtreg/tier12-legacy12/work/compiler/gcbarriers/TestMembarDependencies.jtr
compiler/gcbarriers/TestMinMaxLongLoopBarrier.java,Passed. Execution successful,10242,/workspace/work/jtreg/tier12-legacy12/work/compiler/gcbarriers/TestMinMaxLongLoopBarrier.jtr
compiler/gcbarriers/TestZGCBarrierElision.java#id0,Passed. Execution successful,9628,/workspace/work/jtreg/tier12-legacy12/work/compiler/gcbarriers/TestZGCBarrierElision_id0.jtr
compiler/gcbarriers/TestZGCBarrierElision.java#id1,Passed. Execution successful,8917,/workspace/work/jtreg/tier12-legacy12/work/compiler/gcbarriers/TestZGCBarrierElision_id1.jtr
compiler/gcbarriers/TestZGCUnrolling.java,Passed. Execution successful,7355,/workspace/work/jtreg/tier12-legacy12/work/compiler/gcbarriers/TestZGCUnrolling.jtr
compiler/gcbarriers/UnsafeIntrinsicsTest.java#Shenandoah,Passed. Execution successful,25936,/workspace/work/jtreg/tier12-legacy12/work/compiler/gcbarriers/UnsafeIntrinsicsTest_Shenandoah.jtr
compiler/gcbarriers/UnsafeIntrinsicsTest.java#Z,Passed. Execution successful,25674,/workspace/work/jtreg/tier12-legacy12/work/compiler/gcbarriers/UnsafeIntrinsicsTest_Z.jtr
compiler/igvn/CastLLBits.java,Passed. Execution successful,3329,/workspace/work/jtreg/tier12-legacy12/work/compiler/igvn/CastLLBits.jtr
compiler/igvn/ClashingSpeculativeTypePhiNode.java,Passed. Execution successful,2551,/workspace/work/jtreg/tier12-legacy12/work/compiler/igvn/ClashingSpeculativeTypePhiNode.jtr
compiler/igvn/CmpDisjointButNonOrderedRanges.java,Passed. Execution successful,2506,/workspace/work/jtreg/tier12-legacy12/work/compiler/igvn/CmpDisjointButNonOrderedRanges.jtr
compiler/igvn/CmpDisjointButNonOrderedRanges2.java,Passed. Execution successful,2463,/workspace/work/jtreg/tier12-legacy12/work/compiler/igvn/CmpDisjointButNonOrderedRanges2.jtr
compiler/igvn/CmpDisjointButNonOrderedRangesLong.java,Passed. Execution successful,13909,/workspace/work/jtreg/tier12-legacy12/work/compiler/igvn/CmpDisjointButNonOrderedRangesLong.jtr
compiler/igvn/ExpressionFuzzer.java,Passed. Execution successful,39775,/workspace/work/jtreg/tier12-legacy12/work/compiler/igvn/ExpressionFuzzer.jtr
compiler/igvn/IntegerDivValueTests.java,Passed. Execution successful,16186,/workspace/work/jtreg/tier12-legacy12/work/compiler/igvn/IntegerDivValueTests.jtr
compiler/igvn/MissedOptimizationWithCastX2PSubX.java,Passed. Execution successful,3408,/workspace/work/jtreg/tier12-legacy12/work/compiler/igvn/MissedOptimizationWithCastX2PSubX.jtr
compiler/igvn/RemoveDeadRegionFromVectorizedMismatchIntrinsic.java,Passed. Execution successful,2731,/workspace/work/jtreg/tier12-legacy12/work/compiler/igvn/RemoveDeadRegionFromVectorizedMismatchIntrinsic.jtr
compiler/igvn/TestFoldComparesCleanup.java,Passed. Execution successful,3274,/workspace/work/jtreg/tier12-legacy12/work/compiler/igvn/TestFoldComparesCleanup.jtr
compiler/igvn/TestIncorrectDeadPathTypeNode.java,Passed. Execution successful,5058,/workspace/work/jtreg/tier12-legacy12/work/compiler/igvn/TestIncorrectDeadPathTypeNode.jtr
compiler/igvn/TestMinMaxIdeal.java,Passed. Execution successful,17931,/workspace/work/jtreg/tier12-legacy12/work/compiler/igvn/TestMinMaxIdeal.jtr
compiler/igvn/TestMinMaxIdentity.java,Passed. Execution successful,18609,/workspace/work/jtreg/tier12-legacy12/work/compiler/igvn/TestMinMaxIdentity.jtr
compiler/igvn/TestNodeWithNoUseAfterPhiIdeal.java,Passed. Execution successful,3686,/workspace/work/jtreg/tier12-legacy12/work/compiler/igvn/TestNodeWithNoUseAfterPhiIdeal.jtr
compiler/igvn/TestShiftWorklist.java,Passed. Execution successful,3296,/workspace/work/jtreg/tier12-legacy12/work/compiler/igvn/TestShiftWorklist.jtr
compiler/igvn/TestSplitPhiThroughMergeMem.java,Passed. Execution successful,3690,/workspace/work/jtreg/tier12-legacy12/work/compiler/igvn/TestSplitPhiThroughMergeMem.jtr
compiler/intrinsics/bigInteger/MontgomeryMultiplyTest.java,Passed. Execution successful,15788,/workspace/work/jtreg/tier12-legacy12/work/compiler/intrinsics/bigInteger/MontgomeryMultiplyTest.jtr
compiler/intrinsics/bigInteger/TestMulAdd.java,Passed. Execution successful,8804,/workspace/work/jtreg/tier12-legacy12/work/compiler/intrinsics/bigInteger/TestMulAdd.jtr
compiler/intrinsics/bigInteger/TestMultiplyToLen.java,Passed. Execution successful,17613,/workspace/work/jtreg/tier12-legacy12/work/compiler/intrinsics/bigInteger/TestMultiplyToLen.jtr
compiler/intrinsics/bigInteger/TestMultiplyToLenReturnProfile.java,Passed. Execution successful,2211,/workspace/work/jtreg/tier12-legacy12/work/compiler/intrinsics/bigInteger/TestMultiplyToLenReturnProfile.jtr
compiler/intrinsics/bigInteger/TestShift.java,Passed. Execution successful,11789,/workspace/work/jtreg/tier12-legacy12/work/compiler/intrinsics/bigInteger/TestShift.jtr
compiler/intrinsics/bigInteger/TestSquareToLen.java,Passed. Execution successful,5395,/workspace/work/jtreg/tier12-legacy12/work/compiler/intrinsics/bigInteger/TestSquareToLen.jtr
compiler/intrinsics/BitCountIAarch64PreservesArgument.java#id0,Passed. Execution successful,5718,/workspace/work/jtreg/tier12-legacy12/work/compiler/intrinsics/BitCountIAarch64PreservesArgument_id0.jtr
compiler/intrinsics/BitCountIAarch64PreservesArgument.java#id1,Passed. Execution successful,6715,/workspace/work/jtreg/tier12-legacy12/work/compiler/intrinsics/BitCountIAarch64PreservesArgument_id1.jtr
compiler/intrinsics/IntrinsicAvailableTest.java,Passed. Execution successful,11727,/workspace/work/jtreg/tier12-legacy12/work/compiler/intrinsics/IntrinsicAvailableTest.jtr
compiler/intrinsics/IntrinsicDisabledTest.java,Passed. Execution successful,10424,/workspace/work/jtreg/tier12-legacy12/work/compiler/intrinsics/IntrinsicDisabledTest.jtr
compiler/intrinsics/SortingDeoptimizationTest.java,Passed. Execution successful,83953,/workspace/work/jtreg/tier12-legacy12/work/compiler/intrinsics/SortingDeoptimizationTest.jtr
compiler/intrinsics/Test6982370.java,Passed. Execution successful,3064,/workspace/work/jtreg/tier12-legacy12/work/compiler/intrinsics/Test6982370.jtr
compiler/intrinsics/Test8005419.java,Passed. Execution successful,4037,/workspace/work/jtreg/tier12-legacy12/work/compiler/intrinsics/Test8005419.jtr
compiler/intrinsics/Test8215792.java,Passed. Execution successful,3513,/workspace/work/jtreg/tier12-legacy12/work/compiler/intrinsics/Test8215792.jtr
compiler/intrinsics/Test8237524.java,Passed. Execution successful,2634,/workspace/work/jtreg/tier12-legacy12/work/compiler/intrinsics/Test8237524.jtr
compiler/intrinsics/TestArrayGuardWithInterfaces.java,Passed. Execution successful,4074,/workspace/work/jtreg/tier12-legacy12/work/compiler/intrinsics/TestArrayGuardWithInterfaces.jtr
compiler/intrinsics/TestArraysHashCode.java,Passed. Execution successful,2631,/workspace/work/jtreg/tier12-legacy12/work/compiler/intrinsics/TestArraysHashCode.jtr
compiler/intrinsics/TestBitShuffleOpers.java,Passed. Execution successful,58476,/workspace/work/jtreg/tier12-legacy12/work/compiler/intrinsics/TestBitShuffleOpers.jtr
compiler/intrinsics/TestCheckIndex.java,Passed. Execution successful,9917,/workspace/work/jtreg/tier12-legacy12/work/compiler/intrinsics/TestCheckIndex.jtr
compiler/intrinsics/TestCompareUnsigned.java,Passed. Execution successful,9533,/workspace/work/jtreg/tier12-legacy12/work/compiler/intrinsics/TestCompareUnsigned.jtr
compiler/intrinsics/TestContinuationPinningAndEA.java,Passed. Execution successful,1979,/workspace/work/jtreg/tier12-legacy12/work/compiler/intrinsics/TestContinuationPinningAndEA.jtr
compiler/intrinsics/TestDoubleIsInfinite.java,Passed. Execution successful,10082,/workspace/work/jtreg/tier12-legacy12/work/compiler/intrinsics/TestDoubleIsInfinite.jtr
compiler/intrinsics/TestFloatIsInfinite.java,Passed. Execution successful,10801,/workspace/work/jtreg/tier12-legacy12/work/compiler/intrinsics/TestFloatIsInfinite.jtr
compiler/intrinsics/TestIntegerUnsignedDivMod.java,Passed. Execution successful,10820,/workspace/work/jtreg/tier12-legacy12/work/compiler/intrinsics/TestIntegerUnsignedDivMod.jtr
compiler/intrinsics/TestLongUnsignedDivMod.java,Passed. Execution successful,13863,/workspace/work/jtreg/tier12-legacy12/work/compiler/intrinsics/TestLongUnsignedDivMod.jtr
compiler/intrinsics/TestPopCountValueTransforms.java,Passed. Execution successful,15317,/workspace/work/jtreg/tier12-legacy12/work/compiler/intrinsics/TestPopCountValueTransforms.jtr
compiler/intrinsics/TestReferenceGet.java,Passed. Execution successful,4356,/workspace/work/jtreg/tier12-legacy12/work/compiler/intrinsics/TestReferenceGet.jtr
compiler/intrinsics/TestReferenceGetWithNull.java,Passed. Execution successful,3789,/workspace/work/jtreg/tier12-legacy12/work/compiler/intrinsics/TestReferenceGetWithNull.jtr
compiler/intrinsics/TestReferenceRefersTo.java,Passed. Execution successful,3167,/workspace/work/jtreg/tier12-legacy12/work/compiler/intrinsics/TestReferenceRefersTo.jtr
compiler/intrinsics/TestReturnOopSetForJFRWriteCheckpoint.java,Passed. Execution successful,22891,/workspace/work/jtreg/tier12-legacy12/work/compiler/intrinsics/TestReturnOopSetForJFRWriteCheckpoint.jtr
compiler/intrinsics/TestRotate.java,Passed. Execution successful,8578,/workspace/work/jtreg/tier12-legacy12/work/compiler/intrinsics/TestRotate.jtr
compiler/intrinsics/VectorIntoArrayInvalidControlFlow.java,Passed. Execution successful,2415,/workspace/work/jtreg/tier12-legacy12/work/compiler/intrinsics/VectorIntoArrayInvalidControlFlow.jtr
compiler/intrinsics/VectorizedMismatchTest.java,Passed. Execution successful,3050,/workspace/work/jtreg/tier12-legacy12/work/compiler/intrinsics/VectorizedMismatchTest.jtr
compiler/intrinsics/zip/TestAdler32.java,Passed. Execution successful,10400,/workspace/work/jtreg/tier12-legacy12/work/compiler/intrinsics/zip/TestAdler32.jtr
compiler/intrinsics/zip/TestCRC32.java,Passed. Execution successful,7566,/workspace/work/jtreg/tier12-legacy12/work/compiler/intrinsics/zip/TestCRC32.jtr
compiler/intrinsics/zip/TestCRC32C.java,Passed. Execution successful,7858,/workspace/work/jtreg/tier12-legacy12/work/compiler/intrinsics/zip/TestCRC32C.jtr
compiler/intrinsics/zip/TestFpRegsABI.java,Passed. Execution successful,16246,/workspace/work/jtreg/tier12-legacy12/work/compiler/intrinsics/zip/TestFpRegsABI.jtr
compiler/loopopts/BadPredicateAfterPartialPeel.java,Passed. Execution successful,2919,/workspace/work/jtreg/tier12-legacy12/work/compiler/loopopts/BadPredicateAfterPartialPeel.jtr
compiler/loopopts/ConstFPVectorization.java,Passed. Execution successful,2867,/workspace/work/jtreg/tier12-legacy12/work/compiler/loopopts/ConstFPVectorization.jtr
compiler/loopopts/CountedLoopPeelingProfilePredicates.java,Passed. Execution successful,2614,/workspace/work/jtreg/tier12-legacy12/work/compiler/loopopts/CountedLoopPeelingProfilePredicates.jtr
compiler/loopopts/CountedLoopProblem.java,Passed. Execution successful,2526,/workspace/work/jtreg/tier12-legacy12/work/compiler/loopopts/CountedLoopProblem.jtr
compiler/loopopts/FillArrayWithUnsafe.java,Passed. Execution successful,2510,/workspace/work/jtreg/tier12-legacy12/work/compiler/loopopts/FillArrayWithUnsafe.jtr
compiler/loopopts/InfiniteLoopBadControlNeverBranch.java,Passed. Execution successful,22290,/workspace/work/jtreg/tier12-legacy12/work/compiler/loopopts/InfiniteLoopBadControlNeverBranch.jtr
compiler/loopopts/InvariantCodeMotionReassociateAddSub.java,Passed. Execution successful,13347,/workspace/work/jtreg/tier12-legacy12/work/compiler/loopopts/InvariantCodeMotionReassociateAddSub.jtr
compiler/loopopts/InvariantCodeMotionReassociateCmp.java,Passed. Execution successful,10327,/workspace/work/jtreg/tier12-legacy12/work/compiler/loopopts/InvariantCodeMotionReassociateCmp.jtr
compiler/loopopts/IterationSplitPredicateInconsistency.java,Passed. Execution successful,3793,/workspace/work/jtreg/tier12-legacy12/work/compiler/loopopts/IterationSplitPredicateInconsistency.jtr
compiler/loopopts/LoadVectorFromStableArray.java,Passed. Execution successful,2273,/workspace/work/jtreg/tier12-legacy12/work/compiler/loopopts/LoadVectorFromStableArray.jtr
compiler/loopopts/LoopReductionHasControlOrBadInput.java,Passed. Execution successful,2567,/workspace/work/jtreg/tier12-legacy12/work/compiler/loopopts/LoopReductionHasControlOrBadInput.jtr
compiler/loopopts/LoopRotateBadNodeBudget.java,Passed. Execution successful,3889,/workspace/work/jtreg/tier12-legacy12/work/compiler/loopopts/LoopRotateBadNodeBudget.jtr
compiler/loopopts/LoopUnrollBadNodeBudget.java,Passed. Execution successful,2292,/workspace/work/jtreg/tier12-legacy12/work/compiler/loopopts/LoopUnrollBadNodeBudget.jtr
compiler/loopopts/LoopUnswitchingBadNodeBudget.java,Passed. Execution successful,2677,/workspace/work/jtreg/tier12-legacy12/work/compiler/loopopts/LoopUnswitchingBadNodeBudget.jtr
compiler/loopopts/PartialPeelingUnswitch.java,Passed. Execution successful,15098,/workspace/work/jtreg/tier12-legacy12/work/compiler/loopopts/PartialPeelingUnswitch.jtr
compiler/loopopts/PeelingAndLoopStripMining.java,Passed. Execution successful,2521,/workspace/work/jtreg/tier12-legacy12/work/compiler/loopopts/PeelingAndLoopStripMining.jtr
compiler/loopopts/PeelingZeroTripCount.java,Passed. Execution successful,2455,/workspace/work/jtreg/tier12-legacy12/work/compiler/loopopts/PeelingZeroTripCount.jtr
compiler/loopopts/SplitIfSharedFastLockBehindCastPP.java,Passed. Execution successful,1757,/workspace/work/jtreg/tier12-legacy12/work/compiler/loopopts/SplitIfSharedFastLockBehindCastPP.jtr
compiler/loopopts/StoreMovedBeforeInfiniteLoop.java,Passed. Execution successful,2058,/workspace/work/jtreg/tier12-legacy12/work/compiler/loopopts/StoreMovedBeforeInfiniteLoop.jtr
compiler/loopopts/Test6659207.java,Passed. Execution successful,1864,/workspace/work/jtreg/tier12-legacy12/work/compiler/loopopts/Test6659207.jtr
compiler/loopopts/Test6855164.java,Passed. Execution successful,1776,/workspace/work/jtreg/tier12-legacy12/work/compiler/loopopts/Test6855164.jtr
compiler/loopopts/Test6860469.java,Passed. Execution successful,1595,/workspace/work/jtreg/tier12-legacy12/work/compiler/loopopts/Test6860469.jtr
compiler/loopopts/Test7044738.java,Passed. Execution successful,1531,/workspace/work/jtreg/tier12-legacy12/work/compiler/loopopts/Test7044738.jtr
compiler/loopopts/Test7052494.java,Passed. Execution successful,4203,/workspace/work/jtreg/tier12-legacy12/work/compiler/loopopts/Test7052494.jtr
compiler/loopopts/Test8210392.java,Passed. Execution successful,1726,/workspace/work/jtreg/tier12-legacy12/work/compiler/loopopts/Test8210392.jtr
compiler/loopopts/Test8211698.java,Passed. Execution successful,2526,/workspace/work/jtreg/tier12-legacy12/work/compiler/loopopts/Test8211698.jtr
compiler/loopopts/TestAddPChainWithDifferentBase.java,Passed. Execution successful,2410,/workspace/work/jtreg/tier12-legacy12/work/compiler/loopopts/TestAddPChainWithDifferentBase.jtr
compiler/loopopts/TestArrayFillAntiDependence.java,Passed. Execution successful,3959,/workspace/work/jtreg/tier12-legacy12/work/compiler/loopopts/TestArrayFillAntiDependence.jtr
compiler/loopopts/TestArrayFillIntrinsic.java,Passed. Execution successful,15875,/workspace/work/jtreg/tier12-legacy12/work/compiler/loopopts/TestArrayFillIntrinsic.jtr
compiler/loopopts/TestArraysFillDeadControl.java,Passed. Execution successful,1877,/workspace/work/jtreg/tier12-legacy12/work/compiler/loopopts/TestArraysFillDeadControl.jtr
compiler/loopopts/TestAssertPredicatePeeling.java,Passed. Execution successful,1784,/workspace/work/jtreg/tier12-legacy12/work/compiler/loopopts/TestAssertPredicatePeeling.jtr
compiler/loopopts/TestBackedgeLoadArrayFillMain.java,Passed. Execution successful,4294,/workspace/work/jtreg/tier12-legacy12/work/compiler/loopopts/TestBackedgeLoadArrayFillMain.jtr
compiler/loopopts/TestBadControlAfterPreMainPost.java,Passed. Execution successful,2955,/workspace/work/jtreg/tier12-legacy12/work/compiler/loopopts/TestBadControlAfterPreMainPost.jtr
compiler/loopopts/TestBadControlLoopLimitCheck.java,Passed. Execution successful,1941,/workspace/work/jtreg/tier12-legacy12/work/compiler/loopopts/TestBadControlLoopLimitCheck.jtr
compiler/loopopts/TestBadCountedLoopLimit.java,Passed. Execution successful,1489,/workspace/work/jtreg/tier12-legacy12/work/compiler/loopopts/TestBadCountedLoopLimit.jtr
compiler/loopopts/TestBadlyFormedCountedLoop.java,Passed. Execution successful,1523,/workspace/work/jtreg/tier12-legacy12/work/compiler/loopopts/TestBadlyFormedCountedLoop.jtr
compiler/loopopts/TestBaseCountedEndLoopUnswitchCandidate.java,Passed. Execution successful,1762,/workspace/work/jtreg/tier12-legacy12/work/compiler/loopopts/TestBaseCountedEndLoopUnswitchCandidate.jtr
compiler/loopopts/TestBeautifyLoops_2.java,Passed. Execution successful,1846,/workspace/work/jtreg/tier12-legacy12/work/compiler/loopopts/TestBeautifyLoops_2.jtr
compiler/loopopts/TestBeautifyLoops.java,Passed. Execution successful,1630,/workspace/work/jtreg/tier12-legacy12/work/compiler/loopopts/TestBeautifyLoops.jtr
compiler/loopopts/TestBoxingInfiniteLoopBrokenIf.java,Passed. Execution successful,12877,/workspace/work/jtreg/tier12-legacy12/work/compiler/loopopts/TestBoxingInfiniteLoopBrokenIf.jtr
compiler/loopopts/TestBrokenAntiDependenceWithPhi.java,Passed. Execution successful,2354,/workspace/work/jtreg/tier12-legacy12/work/compiler/loopopts/TestBrokenAntiDependenceWithPhi.jtr
compiler/loopopts/TestCanonicalLoopEntryOpaqueOrder.java,Passed. Execution successful,2352,/workspace/work/jtreg/tier12-legacy12/work/compiler/loopopts/TestCanonicalLoopEntryOpaqueOrder.jtr
compiler/loopopts/TestCastFFAtPhi.java,Passed. Execution successful,2624,/workspace/work/jtreg/tier12-legacy12/work/compiler/loopopts/TestCastFFAtPhi.jtr
compiler/loopopts/TestCastIIMakesMainLoopPhiDead.java,Passed. Execution successful,1899,/workspace/work/jtreg/tier12-legacy12/work/compiler/loopopts/TestCastIIMakesMainLoopPhiDead.jtr
compiler/loopopts/TestCastIIMakesMainLoopPhiDead2.java,Passed. Execution successful,2899,/workspace/work/jtreg/tier12-legacy12/work/compiler/loopopts/TestCastIIMakesMainLoopPhiDead2.jtr
compiler/loopopts/TestCastIINoLoopLimitCheck.java,Passed. Execution successful,2360,/workspace/work/jtreg/tier12-legacy12/work/compiler/loopopts/TestCastIINoLoopLimitCheck.jtr
compiler/loopopts/TestCMoveLimitType.java#id0,Passed. Execution successful,4399,/workspace/work/jtreg/tier12-legacy12/work/compiler/loopopts/TestCMoveLimitType_id0.jtr
compiler/loopopts/TestCMoveLimitType.java#id1,Passed. Execution successful,2339,/workspace/work/jtreg/tier12-legacy12/work/compiler/loopopts/TestCMoveLimitType_id1.jtr
compiler/loopopts/TestCMoveWithDeadPhi.java,Passed. Execution successful,5708,/workspace/work/jtreg/tier12-legacy12/work/compiler/loopopts/TestCMoveWithDeadPhi.jtr
compiler/loopopts/TestCMovSplitThruPhi.java,Passed. Execution successful,2158,/workspace/work/jtreg/tier12-legacy12/work/compiler/loopopts/TestCMovSplitThruPhi.jtr
compiler/loopopts/TestCMovWithOpaque.java,Passed. Execution successful,1896,/workspace/work/jtreg/tier12-legacy12/work/compiler/loopopts/TestCMovWithOpaque.jtr
compiler/loopopts/TestCountedLoopBadIVRange.java,Passed. Execution successful,2329,/workspace/work/jtreg/tier12-legacy12/work/compiler/loopopts/TestCountedLoopBadIVRange.jtr
compiler/loopopts/TestCountedLoopCastIV.java,Passed. Execution successful,12872,/workspace/work/jtreg/tier12-legacy12/work/compiler/loopopts/TestCountedLoopCastIV.jtr
compiler/loopopts/TestCountedLoopInsideInfiniteLoopMain.java,Passed. Execution successful,2384,/workspace/work/jtreg/tier12-legacy12/work/compiler/loopopts/TestCountedLoopInsideInfiniteLoopMain.jtr
compiler/loopopts/TestCountedLoopPhiValue.java,Passed. Execution successful,3284,/workspace/work/jtreg/tier12-legacy12/work/compiler/loopopts/TestCountedLoopPhiValue.jtr
compiler/loopopts/TestCountedLoopSafepointBackedge.java,Passed. Execution successful,2109,/workspace/work/jtreg/tier12-legacy12/work/compiler/loopopts/TestCountedLoopSafepointBackedge.jtr
compiler/loopopts/TestCountedLoopZeroIter.java,Passed. Execution successful,1897,/workspace/work/jtreg/tier12-legacy12/work/compiler/loopopts/TestCountedLoopZeroIter.jtr
compiler/loopopts/TestCreateExSunkOutOfLoop.java,Passed. Execution successful,36937,/workspace/work/jtreg/tier12-legacy12/work/compiler/loopopts/TestCreateExSunkOutOfLoop.jtr
compiler/loopopts/TestCreateExSunkOutOfLoop2.java,Passed. Execution successful,2912,/workspace/work/jtreg/tier12-legacy12/work/compiler/loopopts/TestCreateExSunkOutOfLoop2.jtr
compiler/loopopts/TestCreateNewIfForPredicateCloning.java,Passed. Execution successful,2116,/workspace/work/jtreg/tier12-legacy12/work/compiler/loopopts/TestCreateNewIfForPredicateCloning.jtr
compiler/loopopts/TestDeadBackbranchArrayAccess.java,Passed. Execution successful,2027,/workspace/work/jtreg/tier12-legacy12/work/compiler/loopopts/TestDeadBackbranchArrayAccess.jtr
compiler/loopopts/TestDeadCountedLoop.java,Passed. Execution successful,2005,/workspace/work/jtreg/tier12-legacy12/work/compiler/loopopts/TestDeadCountedLoop.jtr
compiler/loopopts/TestDeadIrreducibleLoopsMain.java#id0,Passed. Execution successful,2017,/workspace/work/jtreg/tier12-legacy12/work/compiler/loopopts/TestDeadIrreducibleLoopsMain_id0.jtr
compiler/loopopts/TestDeadIrreducibleLoopsMain.java#id1,Passed. Execution successful,1700,/workspace/work/jtreg/tier12-legacy12/work/compiler/loopopts/TestDeadIrreducibleLoopsMain_id1.jtr
compiler/loopopts/TestDeadIrreducibleLoopsMain.java#id2,Passed. Execution successful,1949,/workspace/work/jtreg/tier12-legacy12/work/compiler/loopopts/TestDeadIrreducibleLoopsMain_id2.jtr
compiler/loopopts/TestDeadIrreducibleLoopsMain.java#id3,Passed. Execution successful,2059,/workspace/work/jtreg/tier12-legacy12/work/compiler/loopopts/TestDeadIrreducibleLoopsMain_id3.jtr
compiler/loopopts/TestDeadPostLoopBecausePredicate.java,Passed. Execution successful,1646,/workspace/work/jtreg/tier12-legacy12/work/compiler/loopopts/TestDeadPostLoopBecausePredicate.jtr
compiler/loopopts/TestDepBetweenLoopAndPredicate.java,Passed. Execution successful,1685,/workspace/work/jtreg/tier12-legacy12/work/compiler/loopopts/TestDepBetweenLoopAndPredicate.jtr
compiler/loopopts/TestDivWithTopDivisor.java,Passed. Execution successful,1608,/workspace/work/jtreg/tier12-legacy12/work/compiler/loopopts/TestDivWithTopDivisor.jtr
compiler/loopopts/TestDivZeroCheckControl.java,Passed. Execution successful,4175,/workspace/work/jtreg/tier12-legacy12/work/compiler/loopopts/TestDivZeroCheckControl.jtr
compiler/loopopts/TestDivZeroDominatedBy.java,Passed. Execution successful,3189,/workspace/work/jtreg/tier12-legacy12/work/compiler/loopopts/TestDivZeroDominatedBy.jtr
compiler/loopopts/TestDivZeroWithSplitIf.java,Passed. Execution successful,2441,/workspace/work/jtreg/tier12-legacy12/work/compiler/loopopts/TestDivZeroWithSplitIf.jtr
compiler/loopopts/TestEliminateNullCheckWithSplitIf.java,Passed. Execution successful,2261,/workspace/work/jtreg/tier12-legacy12/work/compiler/loopopts/TestEliminateNullCheckWithSplitIf.jtr
compiler/loopopts/TestEmptyLoopMultiplePhis.java,Passed. Execution successful,2670,/workspace/work/jtreg/tier12-legacy12/work/compiler/loopopts/TestEmptyLoopMultiplePhis.jtr
compiler/loopopts/TestEmptyPreLoopForDifferentMainLoop.java,Passed. Execution successful,2361,/workspace/work/jtreg/tier12-legacy12/work/compiler/loopopts/TestEmptyPreLoopForDifferentMainLoop.jtr
compiler/loopopts/TestHasTruncationWrap.java#vanilla,Passed. Execution successful,10555,/workspace/work/jtreg/tier12-legacy12/work/compiler/loopopts/TestHasTruncationWrap_vanilla.jtr
compiler/loopopts/TestHasTruncationWrap.java#Xcomp,Passed. Execution successful,10294,/workspace/work/jtreg/tier12-legacy12/work/compiler/loopopts/TestHasTruncationWrap_Xcomp.jtr
compiler/loopopts/TestIdomAfterLoopUnswitching.java,Passed. Execution successful,1864,/workspace/work/jtreg/tier12-legacy12/work/compiler/loopopts/TestIdomAfterLoopUnswitching.jtr
compiler/loopopts/TestIfReplacedByMainLoopExit.java,Passed. Execution successful,2510,/workspace/work/jtreg/tier12-legacy12/work/compiler/loopopts/TestIfReplacedByMainLoopExit.jtr
compiler/loopopts/TestImpossibleIV.java,Passed. Execution successful,2594,/workspace/work/jtreg/tier12-legacy12/work/compiler/loopopts/TestImpossibleIV.jtr
compiler/loopopts/TestInfiniteLoopCCP.java,Passed. Execution successful,6018,/workspace/work/jtreg/tier12-legacy12/work/compiler/loopopts/TestInfiniteLoopCCP.jtr
compiler/loopopts/TestInfiniteLoopNest.java,Passed. Execution successful,6829,/workspace/work/jtreg/tier12-legacy12/work/compiler/loopopts/TestInfiniteLoopNest.jtr
compiler/loopopts/TestInfiniteLoopNotInnerMost.java,Passed. Execution successful,1274,/workspace/work/jtreg/tier12-legacy12/work/compiler/loopopts/TestInfiniteLoopNotInnerMost.jtr
compiler/loopopts/TestInfiniteLoopWithUnmergedBackedgesMain.java,Passed. Execution successful,2007,/workspace/work/jtreg/tier12-legacy12/work/compiler/loopopts/TestInfiniteLoopWithUnmergedBackedgesMain.jtr
compiler/loopopts/TestInfLoopNearUsePlacement.java,Passed. Execution successful,5178,/workspace/work/jtreg/tier12-legacy12/work/compiler/loopopts/TestInfLoopNearUsePlacement.jtr
compiler/loopopts/TestInlinedSplitFallInIrreducibleLoopStatusMain.java,Passed. Execution successful,2719,/workspace/work/jtreg/tier12-legacy12/work/compiler/loopopts/TestInlinedSplitFallInIrreducibleLoopStatusMain.jtr
compiler/loopopts/TestIrreducibleLoopWithVNNI.java,Passed. Execution successful,1627,/workspace/work/jtreg/tier12-legacy12/work/compiler/loopopts/TestIrreducibleLoopWithVNNI.jtr
compiler/loopopts/TestIterationSplitWithRegionHead.java,Passed. Execution successful,1643,/workspace/work/jtreg/tier12-legacy12/work/compiler/loopopts/TestIterationSplitWithRegionHead.jtr
compiler/loopopts/TestIterationSplitWithSunkStores.java,Passed. Execution successful,2997,/workspace/work/jtreg/tier12-legacy12/work/compiler/loopopts/TestIterationSplitWithSunkStores.jtr
compiler/loopopts/TestLimitLoadBelowLoopLimitCheck.java,Passed. Execution successful,2512,/workspace/work/jtreg/tier12-legacy12/work/compiler/loopopts/TestLimitLoadBelowLoopLimitCheck.jtr
compiler/loopopts/TestLoadPinnedAfterAllocate.java,Passed. Execution successful,2710,/workspace/work/jtreg/tier12-legacy12/work/compiler/loopopts/TestLoadPinnedAfterAllocate.jtr
compiler/loopopts/TestLogSum.java,Passed. Execution successful,2022,/workspace/work/jtreg/tier12-legacy12/work/compiler/loopopts/TestLogSum.jtr
compiler/loopopts/TestLongCountedLoopInInfiniteLoop.java,Passed. Execution successful,2507,/workspace/work/jtreg/tier12-legacy12/work/compiler/loopopts/TestLongCountedLoopInInfiniteLoop.jtr
compiler/loopopts/TestLoopEndNodeEliminate.java,Passed. Execution successful,4067,/workspace/work/jtreg/tier12-legacy12/work/compiler/loopopts/TestLoopEndNodeEliminate.jtr
compiler/loopopts/TestLoopLimitNodeElimination.java,Passed. Execution successful,1477,/workspace/work/jtreg/tier12-legacy12/work/compiler/loopopts/TestLoopLimitNodeElimination.jtr
compiler/loopopts/TestLoopLimitOverflowDuringCCP.java,Passed. Execution successful,1899,/workspace/work/jtreg/tier12-legacy12/work/compiler/loopopts/TestLoopLimitOverflowDuringCCP.jtr
compiler/loopopts/TestLoopLimitOverflowDuringSplitThruPhi.java,Passed. Execution successful,2058,/workspace/work/jtreg/tier12-legacy12/work/compiler/loopopts/TestLoopLimitOverflowDuringSplitThruPhi.jtr
compiler/loopopts/TestLoopLimitSubtractionsCollapse.java,Passed. Execution successful,6919,/workspace/work/jtreg/tier12-legacy12/work/compiler/loopopts/TestLoopLimitSubtractionsCollapse.jtr
compiler/loopopts/TestLoopPeeling.java,Passed. Execution successful,5446,/workspace/work/jtreg/tier12-legacy12/work/compiler/loopopts/TestLoopPeeling.jtr
compiler/loopopts/TestLoopPredicateDep.java,Passed. Execution successful,3275,/workspace/work/jtreg/tier12-legacy12/work/compiler/loopopts/TestLoopPredicateDep.jtr
compiler/loopopts/TestLoopPredicationDivZeroCheck.java,Passed. Execution successful,6373,/workspace/work/jtreg/tier12-legacy12/work/compiler/loopopts/TestLoopPredicationDivZeroCheck.jtr
compiler/loopopts/TestLoopUnswitchingLostCastDependency.java,Passed. Execution successful,1817,/workspace/work/jtreg/tier12-legacy12/work/compiler/loopopts/TestLoopUnswitchingLostCastDependency.jtr
compiler/loopopts/TestLostDependencyOnZeroTripGuard.java,Passed. Execution successful,2310,/workspace/work/jtreg/tier12-legacy12/work/compiler/loopopts/TestLostDependencyOnZeroTripGuard.jtr
compiler/loopopts/TestMainBodyExecutedOnce.java,Passed. Execution successful,1454,/workspace/work/jtreg/tier12-legacy12/work/compiler/loopopts/TestMainBodyExecutedOnce.jtr
compiler/loopopts/TestMainNeverExecuted.java,Passed. Execution successful,1685,/workspace/work/jtreg/tier12-legacy12/work/compiler/loopopts/TestMainNeverExecuted.jtr
compiler/loopopts/TestMalformedControlIrreducibleLoop.java,Passed. Execution successful,1767,/workspace/work/jtreg/tier12-legacy12/work/compiler/loopopts/TestMalformedControlIrreducibleLoop.jtr
compiler/loopopts/TestMaxLoopOptsCountReached.java,Passed. Execution successful,21632,/workspace/work/jtreg/tier12-legacy12/work/compiler/loopopts/TestMaxLoopOptsCountReached.jtr
compiler/loopopts/TestMissedOpaqueInPredicate.java,Passed. Execution successful,2374,/workspace/work/jtreg/tier12-legacy12/work/compiler/loopopts/TestMissedOpaqueInPredicate.jtr
compiler/loopopts/TestMoveStoreAfterInfiniteLoop.java,Passed. Execution successful,1433,/workspace/work/jtreg/tier12-legacy12/work/compiler/loopopts/TestMoveStoreAfterInfiniteLoop.jtr
compiler/loopopts/TestMoveStoresOutOfLoops.java,Passed. Execution successful,4611,/workspace/work/jtreg/tier12-legacy12/work/compiler/loopopts/TestMoveStoresOutOfLoops.jtr
compiler/loopopts/TestMoveStoresOutOfLoopsStoreNoCtrl.java,Passed. Execution successful,1966,/workspace/work/jtreg/tier12-legacy12/work/compiler/loopopts/TestMoveStoresOutOfLoopsStoreNoCtrl.jtr
compiler/loopopts/TestMultipleInfiniteLoops.java,Passed. Execution successful,2637,/workspace/work/jtreg/tier12-legacy12/work/compiler/loopopts/TestMultipleInfiniteLoops.jtr
compiler/loopopts/TestNestedIrreducibleLoopsMain.java,Passed. Execution successful,2186,/workspace/work/jtreg/tier12-legacy12/work/compiler/loopopts/TestNestedIrreducibleLoopsMain.jtr
compiler/loopopts/TestNodeSunkFromPreLoop.java,Passed. Execution successful,2652,/workspace/work/jtreg/tier12-legacy12/work/compiler/loopopts/TestNodeSunkFromPreLoop.jtr
compiler/loopopts/TestNotifyOpaqueZeroTripGuardToCmpI.java,Passed. Execution successful,1308,/workspace/work/jtreg/tier12-legacy12/work/compiler/loopopts/TestNotifyOpaqueZeroTripGuardToCmpI.jtr
compiler/loopopts/TestOneIterationStripMined.java,Passed. Execution successful,1861,/workspace/work/jtreg/tier12-legacy12/work/compiler/loopopts/TestOneIterationStripMined.jtr
compiler/loopopts/TestOnlyInfiniteLoopsMain.java,Passed. Execution successful,2522,/workspace/work/jtreg/tier12-legacy12/work/compiler/loopopts/TestOnlyInfiniteLoopsMain.jtr
compiler/loopopts/TestOpaqueZeroTripGuardPostLoopRemoval.java,Passed. Execution successful,2133,/workspace/work/jtreg/tier12-legacy12/work/compiler/loopopts/TestOpaqueZeroTripGuardPostLoopRemoval.jtr
compiler/loopopts/TestOptimizeFillWithStripMinedLoop.java,Passed. Execution successful,2563,/workspace/work/jtreg/tier12-legacy12/work/compiler/loopopts/TestOptimizeFillWithStripMinedLoop.jtr
compiler/loopopts/TestOverunrolling.java,Passed. Execution successful,13747,/workspace/work/jtreg/tier12-legacy12/work/compiler/loopopts/TestOverunrolling.jtr
compiler/loopopts/TestOverUnrolling2.java,Passed. Execution successful,2436,/workspace/work/jtreg/tier12-legacy12/work/compiler/loopopts/TestOverUnrolling2.jtr
compiler/loopopts/TestPartialPeelAtUnsignedTests.java,Passed. Execution successful,2149,/workspace/work/jtreg/tier12-legacy12/work/compiler/loopopts/TestPartialPeelAtUnsignedTests.jtr
compiler/loopopts/TestPartialPeelAtUnsignedTestsNegativeLimit.java#vanilla,Passed. Execution successful,39129,/workspace/work/jtreg/tier12-legacy12/work/compiler/loopopts/TestPartialPeelAtUnsignedTestsNegativeLimit_vanilla.jtr
compiler/loopopts/TestPartialPeelAtUnsignedTestsNegativeLimit.java#Xbatch,Passed. Execution successful,45849,/workspace/work/jtreg/tier12-legacy12/work/compiler/loopopts/TestPartialPeelAtUnsignedTestsNegativeLimit_Xbatch.jtr
compiler/loopopts/TestPartialPeelAtUnsignedTestsNegativeLimit.java#Xcomp-compile-test,Passed. Execution successful,54306,/workspace/work/jtreg/tier12-legacy12/work/compiler/loopopts/TestPartialPeelAtUnsignedTestsNegativeLimit_Xcomp-compile-test.jtr
compiler/loopopts/TestPartialPeelAtUnsignedTestsNegativeLimit.java#Xcomp-run-inline,Passed. Execution successful,47427,/workspace/work/jtreg/tier12-legacy12/work/compiler/loopopts/TestPartialPeelAtUnsignedTestsNegativeLimit_Xcomp-run-inline.jtr
compiler/loopopts/TestPartialPeelingAtSingleInputRegion.java,Passed. Execution successful,2693,/workspace/work/jtreg/tier12-legacy12/work/compiler/loopopts/TestPartialPeelingAtSingleInputRegion.jtr
compiler/loopopts/TestPartialPeelingSinkNodes.java,Passed. Execution successful,2192,/workspace/work/jtreg/tier12-legacy12/work/compiler/loopopts/TestPartialPeelingSinkNodes.jtr
compiler/loopopts/TestPeelingNeverEnteredLoop.java,Passed. Execution successful,3479,/workspace/work/jtreg/tier12-legacy12/work/compiler/loopopts/TestPeelingNeverEnteredLoop.jtr
compiler/loopopts/TestPeelingRemoveDominatedTest.java,Passed. Execution successful,2484,/workspace/work/jtreg/tier12-legacy12/work/compiler/loopopts/TestPeelingRemoveDominatedTest.jtr
compiler/loopopts/TestPeelingSkeletonPredicateInitialization.java,Passed. Execution successful,1647,/workspace/work/jtreg/tier12-legacy12/work/compiler/loopopts/TestPeelingSkeletonPredicateInitialization.jtr
compiler/loopopts/TestPhaseCFGNeverBranchToGotoMain.java#id0,Passed. Execution successful,1231,/workspace/work/jtreg/tier12-legacy12/work/compiler/loopopts/TestPhaseCFGNeverBranchToGotoMain_id0.jtr
compiler/loopopts/TestPhaseCFGNeverBranchToGotoMain.java#id1,Passed. Execution successful,434,/workspace/work/jtreg/tier12-legacy12/work/compiler/loopopts/TestPhaseCFGNeverBranchToGotoMain_id1.jtr
compiler/loopopts/TestPhiInSkeletonPredicateExpression.java,Passed. Execution successful,2032,/workspace/work/jtreg/tier12-legacy12/work/compiler/loopopts/TestPhiInSkeletonPredicateExpression.jtr
compiler/loopopts/TestPredicateInputBelowLoopPredicate.java,Passed. Execution successful,2659,/workspace/work/jtreg/tier12-legacy12/work/compiler/loopopts/TestPredicateInputBelowLoopPredicate.jtr
compiler/loopopts/TestPredicateLostDependency.java,Passed. Execution successful,1159,/workspace/work/jtreg/tier12-legacy12/work/compiler/loopopts/TestPredicateLostDependency.jtr
compiler/loopopts/TestPreMainPostFallInEdges.java,Passed. Execution successful,1991,/workspace/work/jtreg/tier12-legacy12/work/compiler/loopopts/TestPreMainPostFallInEdges.jtr
compiler/loopopts/TestRangeCheckPredicatesControl.java,Passed. Execution successful,4543,/workspace/work/jtreg/tier12-legacy12/work/compiler/loopopts/TestRangeCheckPredicatesControl.jtr
compiler/loopopts/TestRCEAfterUnrolling.java,Passed. Execution successful,1970,/workspace/work/jtreg/tier12-legacy12/work/compiler/loopopts/TestRCEAfterUnrolling.jtr
compiler/loopopts/TestReassociateInvariants.java,Passed. Execution successful,11938,/workspace/work/jtreg/tier12-legacy12/work/compiler/loopopts/TestReassociateInvariants.jtr
compiler/loopopts/TestRedundantSafepointElimination.java,Passed. Execution successful,18431,/workspace/work/jtreg/tier12-legacy12/work/compiler/loopopts/TestRedundantSafepointElimination.jtr
compiler/loopopts/TestRemixAddressExpressionsWithIrreducibleLoop.java,Passed. Execution successful,2611,/workspace/work/jtreg/tier12-legacy12/work/compiler/loopopts/TestRemixAddressExpressionsWithIrreducibleLoop.jtr
compiler/loopopts/TestRemoveEmptyCountedLoop.java,Passed. Execution successful,4150,/workspace/work/jtreg/tier12-legacy12/work/compiler/loopopts/TestRemoveEmptyCountedLoop.jtr
compiler/loopopts/TestRemoveEmptyLoop.java,Passed. Execution successful,5169,/workspace/work/jtreg/tier12-legacy12/work/compiler/loopopts/TestRemoveEmptyLoop.jtr
compiler/loopopts/TestRemoveMainPostLoops.java,Passed. Execution successful,2827,/workspace/work/jtreg/tier12-legacy12/work/compiler/loopopts/TestRemoveMainPostLoops.jtr
compiler/loopopts/TestSinkingDivisorLostPin.java,Passed. Execution successful,3121,/workspace/work/jtreg/tier12-legacy12/work/compiler/loopopts/TestSinkingDivisorLostPin.jtr
compiler/loopopts/TestSinkingLoadInputOfPhi.java,Passed. Execution successful,2565,/workspace/work/jtreg/tier12-legacy12/work/compiler/loopopts/TestSinkingLoadInputOfPhi.jtr
compiler/loopopts/TestSinkingMoreThan2AddPNodes.java,Passed. Execution successful,7731,/workspace/work/jtreg/tier12-legacy12/work/compiler/loopopts/TestSinkingMoreThan2AddPNodes.jtr
compiler/loopopts/TestSinkingNodesCausesLongCompilation.java,Passed. Execution successful,4805,/workspace/work/jtreg/tier12-legacy12/work/compiler/loopopts/TestSinkingNodesCausesLongCompilation.jtr
compiler/loopopts/TestSkeletonPredicateNegation.java,Passed. Execution successful,3727,/workspace/work/jtreg/tier12-legacy12/work/compiler/loopopts/TestSkeletonPredicateNegation.jtr
compiler/loopopts/TestSplitIfBlocksDisabled.java,Passed. Execution successful,26568,/workspace/work/jtreg/tier12-legacy12/work/compiler/loopopts/TestSplitIfBlocksDisabled.jtr
compiler/loopopts/TestSplitIfNewIrreducibleLoop.java,Passed. Execution successful,3569,/workspace/work/jtreg/tier12-legacy12/work/compiler/loopopts/TestSplitIfNewIrreducibleLoop.jtr
compiler/loopopts/TestSplitIfOpaque1.java,Passed. Execution successful,5552,/workspace/work/jtreg/tier12-legacy12/work/compiler/loopopts/TestSplitIfOpaque1.jtr
compiler/loopopts/TestSplitIfPinnedCMove.java,Passed. Execution successful,2340,/workspace/work/jtreg/tier12-legacy12/work/compiler/loopopts/TestSplitIfPinnedCMove.jtr
compiler/loopopts/TestSplitIfPinnedLoadInStripMinedLoop.java,Passed. Execution successful,2863,/workspace/work/jtreg/tier12-legacy12/work/compiler/loopopts/TestSplitIfPinnedLoadInStripMinedLoop.jtr
compiler/loopopts/TestSplitIfUnswitchedLoopsEliminated.java,Passed. Execution successful,3428,/workspace/work/jtreg/tier12-legacy12/work/compiler/loopopts/TestSplitIfUnswitchedLoopsEliminated.jtr
compiler/loopopts/TestSplitThruPhiDivMod.java,Passed. Execution successful,3016,/workspace/work/jtreg/tier12-legacy12/work/compiler/loopopts/TestSplitThruPhiDivMod.jtr
compiler/loopopts/TestSplitThruPhiInfinitely.java,Passed. Execution successful,10359,/workspace/work/jtreg/tier12-legacy12/work/compiler/loopopts/TestSplitThruPhiInfinitely.jtr
compiler/loopopts/TestSplitThruPhiRemoveDeadNodesFromLoopBody.java#vanilla,Passed. Execution successful,2905,/workspace/work/jtreg/tier12-legacy12/work/compiler/loopopts/TestSplitThruPhiRemoveDeadNodesFromLoopBody_vanilla.jtr
compiler/loopopts/TestSplitThruPhiRemoveDeadNodesFromLoopBody.java#with-flags,Passed. Execution successful,2574,/workspace/work/jtreg/tier12-legacy12/work/compiler/loopopts/TestSplitThruPhiRemoveDeadNodesFromLoopBody_with-flags.jtr
compiler/loopopts/TestStoreSunkInInnerLoop.java,Passed. Execution successful,1932,/workspace/work/jtreg/tier12-legacy12/work/compiler/loopopts/TestStoreSunkInInnerLoop.jtr
compiler/loopopts/TestStrangeControl.java,Passed. Execution successful,9250,/workspace/work/jtreg/tier12-legacy12/work/compiler/loopopts/TestStrangeControl.jtr
compiler/loopopts/TestStressLongCountedLoopInfiniteLoop.java,Passed. Execution successful,2913,/workspace/work/jtreg/tier12-legacy12/work/compiler/loopopts/TestStressLongCountedLoopInfiniteLoop.jtr
compiler/loopopts/TestStripMinedBackToBackIfs.java,Passed. Execution successful,2809,/workspace/work/jtreg/tier12-legacy12/work/compiler/loopopts/TestStripMinedBackToBackIfs.jtr
compiler/loopopts/TestSunkCastOnUnreachablePath.java,Passed. Execution successful,2053,/workspace/work/jtreg/tier12-legacy12/work/compiler/loopopts/TestSunkCastOnUnreachablePath.jtr
compiler/loopopts/TestSunkNodeDueToBrokenAntiDependency.java,Passed. Execution successful,1822,/workspace/work/jtreg/tier12-legacy12/work/compiler/loopopts/TestSunkNodeDueToBrokenAntiDependency.jtr
compiler/loopopts/TestSunkNodeInInfiniteLoop.java,Passed. Execution successful,21183,/workspace/work/jtreg/tier12-legacy12/work/compiler/loopopts/TestSunkNodeInInfiniteLoop.jtr
compiler/loopopts/TestSunkNodeMissingCastAssert.java,Passed. Execution successful,2512,/workspace/work/jtreg/tier12-legacy12/work/compiler/loopopts/TestSunkNodeMissingCastAssert.jtr
compiler/loopopts/TestTruncationWrapEmptyType.java,Passed. Execution successful,2195,/workspace/work/jtreg/tier12-legacy12/work/compiler/loopopts/TestTruncationWrapEmptyType.jtr
compiler/loopopts/TestUndetectedLoopInInfiniteLoop.java,Passed. Execution successful,1561,/workspace/work/jtreg/tier12-legacy12/work/compiler/loopopts/TestUndetectedLoopInInfiniteLoop.jtr
compiler/loopopts/TestUnexpectedOpaque1.java,Passed. Execution successful,1709,/workspace/work/jtreg/tier12-legacy12/work/compiler/loopopts/TestUnexpectedOpaque1.jtr
compiler/loopopts/TestUnreachableInnerLoop.java,Passed. Execution successful,1927,/workspace/work/jtreg/tier12-legacy12/work/compiler/loopopts/TestUnreachableInnerLoop.jtr
compiler/loopopts/TestUnrollLimitPreciseType.java#test1,Passed. Execution successful,2163,/workspace/work/jtreg/tier12-legacy12/work/compiler/loopopts/TestUnrollLimitPreciseType_test1.jtr
compiler/loopopts/TestUnrollLimitPreciseType.java#test2,Passed. Execution successful,2509,/workspace/work/jtreg/tier12-legacy12/work/compiler/loopopts/TestUnrollLimitPreciseType_test2.jtr
compiler/loopopts/TestUnsupportedConditionalMove.java,Passed. Execution successful,2894,/workspace/work/jtreg/tier12-legacy12/work/compiler/loopopts/TestUnsupportedConditionalMove.jtr
compiler/loopopts/TestUnswitchCloneSkeletonPredicates.java,Passed. Execution successful,4319,/workspace/work/jtreg/tier12-legacy12/work/compiler/loopopts/TestUnswitchCloneSkeletonPredicates.jtr
compiler/loopopts/TestUnswitchOverunrolling.java,Passed. Execution successful,2995,/workspace/work/jtreg/tier12-legacy12/work/compiler/loopopts/TestUnswitchOverunrolling.jtr
compiler/loopopts/TestUnswitchPredicateCloning.java,Passed. Execution successful,9991,/workspace/work/jtreg/tier12-legacy12/work/compiler/loopopts/TestUnswitchPredicateCloning.jtr
compiler/loopopts/TestUnswitchWithSunkNodes.java,Passed. Execution successful,3905,/workspace/work/jtreg/tier12-legacy12/work/compiler/loopopts/TestUnswitchWithSunkNodes.jtr
compiler/loopopts/TestValidTypeInOverflowProtection.java,Passed. Execution successful,4134,/workspace/work/jtreg/tier12-legacy12/work/compiler/loopopts/TestValidTypeInOverflowProtection.jtr
compiler/loopopts/TestVerifyLoopOptimizationsHitsMemLimit.java,Passed. Execution successful,3684,/workspace/work/jtreg/tier12-legacy12/work/compiler/loopopts/TestVerifyLoopOptimizationsHitsMemLimit.jtr
compiler/loopopts/TestWrongCMovSplitIf.java,Passed. Execution successful,3667,/workspace/work/jtreg/tier12-legacy12/work/compiler/loopopts/TestWrongCMovSplitIf.jtr
compiler/loopopts/TestWrongOffsetConstantArrayConstant.java,Passed. Execution successful,3700,/workspace/work/jtreg/tier12-legacy12/work/compiler/loopopts/TestWrongOffsetConstantArrayConstant.jtr
compiler/loopopts/TestZeroTripGuardShared.java,Passed. Execution successful,7664,/workspace/work/jtreg/tier12-legacy12/work/compiler/loopopts/TestZeroTripGuardShared.jtr
compiler/loopopts/TooStrictAssertForUnrollAfterPeeling.java,Passed. Execution successful,11308,/workspace/work/jtreg/tier12-legacy12/work/compiler/loopopts/TooStrictAssertForUnrollAfterPeeling.jtr
compiler/loopopts/UnrollWideLoopHitsTooStrictAssert.java,Passed. Execution successful,2047,/workspace/work/jtreg/tier12-legacy12/work/compiler/loopopts/UnrollWideLoopHitsTooStrictAssert.jtr
compiler/loopopts/VerifyGraphEdgesWithDeadCodeCheckFromSafepoints.java,Passed. Execution successful,8450,/workspace/work/jtreg/tier12-legacy12/work/compiler/loopopts/VerifyGraphEdgesWithDeadCodeCheckFromSafepoints.jtr
compiler/runtime/JITClassInit.java,Passed. Execution successful,1718,/workspace/work/jtreg/tier12-legacy12/work/compiler/runtime/JITClassInit.jtr
compiler/runtime/SpreadNullArg.java,Passed. Execution successful,2376,/workspace/work/jtreg/tier12-legacy12/work/compiler/runtime/SpreadNullArg.jtr
compiler/runtime/StackOverflowBug.java,Passed. Execution successful,3578,/workspace/work/jtreg/tier12-legacy12/work/compiler/runtime/StackOverflowBug.jtr
compiler/runtime/Test6778657.java,Passed. Execution successful,2989,/workspace/work/jtreg/tier12-legacy12/work/compiler/runtime/Test6778657.jtr
compiler/runtime/Test6826736.java,Passed. Execution successful,2895,/workspace/work/jtreg/tier12-legacy12/work/compiler/runtime/Test6826736.jtr
compiler/runtime/Test6859338.java,Passed. Execution successful,29569,/workspace/work/jtreg/tier12-legacy12/work/compiler/runtime/Test6859338.jtr
compiler/runtime/Test6863420.java,Passed. Execution successful,7127,/workspace/work/jtreg/tier12-legacy12/work/compiler/runtime/Test6863420.jtr
compiler/runtime/Test6892265.java,Passed. Execution successful,2750,/workspace/work/jtreg/tier12-legacy12/work/compiler/runtime/Test6892265.jtr
compiler/runtime/Test7088020.java,Passed. Execution successful,1528,/workspace/work/jtreg/tier12-legacy12/work/compiler/runtime/Test7088020.jtr
compiler/runtime/Test7196199.java,Passed. Execution successful,11995,/workspace/work/jtreg/tier12-legacy12/work/compiler/runtime/Test7196199.jtr
compiler/runtime/Test8010927.java,Passed. Execution successful,10087,/workspace/work/jtreg/tier12-legacy12/work/compiler/runtime/Test8010927.jtr
compiler/runtime/TestConstantDynamic.java,Passed. Execution successful,7465,/workspace/work/jtreg/tier12-legacy12/work/compiler/runtime/TestConstantDynamic.jtr
compiler/runtime/TestDontCompileHugeMethods.java,Passed. Execution successful,9104,/workspace/work/jtreg/tier12-legacy12/work/compiler/runtime/TestDontCompileHugeMethods.jtr
compiler/runtime/TestFloatsOnStackDeopt.java,Passed. Execution successful,3892,/workspace/work/jtreg/tier12-legacy12/work/compiler/runtime/TestFloatsOnStackDeopt.jtr
gc/ArraySize.java,Passed. Execution successful,2936,/workspace/work/jtreg/tier12-legacy12/work/gc/ArraySize.jtr
gc/g1/ihop/TestIHOPStatic.java,Passed. Execution successful,14805,/workspace/work/jtreg/tier12-legacy12/work/gc/g1/ihop/TestIHOPStatic.jtr
gc/g1/Test2GbHeap.java,Passed. Execution successful,5013,/workspace/work/jtreg/tier12-legacy12/work/gc/g1/Test2GbHeap.jtr
gc/g1/TestConcurrentSystemGC.java,Passed. Execution successful,1908,/workspace/work/jtreg/tier12-legacy12/work/gc/g1/TestConcurrentSystemGC.jtr
gc/g1/TestEagerReclaimHumongousRegionsLog.java,Passed. Execution successful,10244,/workspace/work/jtreg/tier12-legacy12/work/gc/g1/TestEagerReclaimHumongousRegionsLog.jtr
gc/g1/TestEagerReclaimHumongousRegionsWithRefs.java,Passed. Execution successful,7101,/workspace/work/jtreg/tier12-legacy12/work/gc/g1/TestEagerReclaimHumongousRegionsWithRefs.jtr
gc/g1/TestEdenSurvivorLessThanMax.java,Passed. Execution successful,7118,/workspace/work/jtreg/tier12-legacy12/work/gc/g1/TestEdenSurvivorLessThanMax.jtr
gc/g1/TestG1RemSetArrayOfCardsEntriesErgoLimit.java,Passed. Execution successful,2101,/workspace/work/jtreg/tier12-legacy12/work/gc/g1/TestG1RemSetArrayOfCardsEntriesErgoLimit.jtr
gc/g1/TestG1SkipCompaction.java,Passed. Execution successful,11293,/workspace/work/jtreg/tier12-legacy12/work/gc/g1/TestG1SkipCompaction.jtr
gc/g1/TestG1TraceEagerReclaimHumongousObjects.java,Passed. Execution successful,9036,/workspace/work/jtreg/tier12-legacy12/work/gc/g1/TestG1TraceEagerReclaimHumongousObjects.jtr
gc/g1/TestGCLogMessages.java,Passed. Execution successful,12880,/workspace/work/jtreg/tier12-legacy12/work/gc/g1/TestGCLogMessages.jtr
gc/g1/TestGreyReclaimedHumongousObjects.java,Passed. Execution successful,93003,/workspace/work/jtreg/tier12-legacy12/work/gc/g1/TestGreyReclaimedHumongousObjects.jtr
gc/g1/TestHumongousAllocNearlyFullRegion.java,Passed. Execution successful,6572,/workspace/work/jtreg/tier12-legacy12/work/gc/g1/TestHumongousAllocNearlyFullRegion.jtr
gc/g1/TestHumongousCodeCacheRoots.java,Passed. Execution successful,15623,/workspace/work/jtreg/tier12-legacy12/work/gc/g1/TestHumongousCodeCacheRoots.jtr
gc/g1/TestHumongousConcurrentStartUndo.java,Passed. Execution successful,10513,/workspace/work/jtreg/tier12-legacy12/work/gc/g1/TestHumongousConcurrentStartUndo.jtr
gc/g1/TestHumongousRemsetsMatch.java,Passed. Execution successful,8311,/workspace/work/jtreg/tier12-legacy12/work/gc/g1/TestHumongousRemsetsMatch.jtr
gc/g1/TestHumongousShrinkHeap.java,Passed. Skipped: jtreg.SkippedException: Heap is too small,4282,/workspace/work/jtreg/tier12-legacy12/work/gc/g1/TestHumongousShrinkHeap.jtr
gc/g1/TestLargePageUseForAuxMemory.java,Passed. Skipped: jtreg.SkippedException: Large page support does not seem to be available on this platform.,11249,/workspace/work/jtreg/tier12-legacy12/work/gc/g1/TestLargePageUseForAuxMemory.jtr
gc/g1/TestLargePageUseForHeap.java,Passed. Skipped: jtreg.SkippedException: Large page support does not seem to be available on this platform.,7703,/workspace/work/jtreg/tier12-legacy12/work/gc/g1/TestLargePageUseForHeap.jtr
gc/g1/TestMarkStackOverflow.java,Passed. Execution successful,6248,/workspace/work/jtreg/tier12-legacy12/work/gc/g1/TestMarkStackOverflow.jtr
gc/g1/TestMarkStackSizes.java,Passed. Execution successful,7042,/workspace/work/jtreg/tier12-legacy12/work/gc/g1/TestMarkStackSizes.jtr
gc/g1/TestMixedGCLiveThreshold.java#0percent,Passed. Execution successful,10426,/workspace/work/jtreg/tier12-legacy12/work/gc/g1/TestMixedGCLiveThreshold_0percent.jtr
gc/g1/TestMixedGCLiveThreshold.java#100percent,Passed. Execution successful,9119,/workspace/work/jtreg/tier12-legacy12/work/gc/g1/TestMixedGCLiveThreshold_100percent.jtr
gc/g1/TestMixedGCLiveThreshold.java#25percent,Passed. Execution successful,7939,/workspace/work/jtreg/tier12-legacy12/work/gc/g1/TestMixedGCLiveThreshold_25percent.jtr
gc/g1/TestNoEagerReclaimOfHumongousRegions.java,Passed. Execution successful,8680,/workspace/work/jtreg/tier12-legacy12/work/gc/g1/TestNoEagerReclaimOfHumongousRegions.jtr
gc/g1/TestOneEdenRegionAfterGC.java,Passed. Execution successful,4568,/workspace/work/jtreg/tier12-legacy12/work/gc/g1/TestOneEdenRegionAfterGC.jtr
gc/g1/TestParallelAlwaysPreTouch.java,Passed. Execution successful,1627,/workspace/work/jtreg/tier12-legacy12/work/gc/g1/TestParallelAlwaysPreTouch.jtr
gc/g1/TestPeriodicCollection.java,Passed. Execution successful,20411,/workspace/work/jtreg/tier12-legacy12/work/gc/g1/TestPeriodicCollection.jtr
gc/g1/TestPeriodicCollectionJNI.java,Passed. Execution successful,6845,/workspace/work/jtreg/tier12-legacy12/work/gc/g1/TestPeriodicCollectionJNI.jtr
gc/g1/TestPeriodicLogMessages.java,Passed. Execution successful,6520,/workspace/work/jtreg/tier12-legacy12/work/gc/g1/TestPeriodicLogMessages.jtr
gc/g1/TestPLABOutput.java,Passed. Execution successful,13425,/workspace/work/jtreg/tier12-legacy12/work/gc/g1/TestPLABOutput.jtr
gc/g1/TestPLABSizeBounds.java,Passed. Execution successful,8053,/workspace/work/jtreg/tier12-legacy12/work/gc/g1/TestPLABSizeBounds.jtr
gc/g1/TestPrintRegionRememberedSetInfo.java,Passed. Execution successful,8386,/workspace/work/jtreg/tier12-legacy12/work/gc/g1/TestPrintRegionRememberedSetInfo.jtr
gc/g1/TestRegionAlignment.java,Passed. Execution successful,3347,/workspace/work/jtreg/tier12-legacy12/work/gc/g1/TestRegionAlignment.jtr
gc/g1/TestRegionLivenessPrint.java,Passed. Execution successful,8597,/workspace/work/jtreg/tier12-legacy12/work/gc/g1/TestRegionLivenessPrint.jtr
gc/g1/TestRemarkCleanupMXBean.java,Passed. Execution successful,9378,/workspace/work/jtreg/tier12-legacy12/work/gc/g1/TestRemarkCleanupMXBean.jtr
gc/g1/TestRemarkCleanupMXBeanCollectionUsage.java,Passed. Execution successful,9688,/workspace/work/jtreg/tier12-legacy12/work/gc/g1/TestRemarkCleanupMXBeanCollectionUsage.jtr
gc/g1/TestRemsetLogging.java,Passed. Execution successful,13678,/workspace/work/jtreg/tier12-legacy12/work/gc/g1/TestRemsetLogging.jtr
gc/g1/TestRemsetLoggingPerRegion.java,Passed. Execution successful,12759,/workspace/work/jtreg/tier12-legacy12/work/gc/g1/TestRemsetLoggingPerRegion.jtr
gc/g1/TestRemsetLoggingThreads.java,Passed. Execution successful,7260,/workspace/work/jtreg/tier12-legacy12/work/gc/g1/TestRemsetLoggingThreads.jtr
gc/g1/TestSharedArchiveWithPreTouch.java,Passed. Execution successful,8444,/workspace/work/jtreg/tier12-legacy12/work/gc/g1/TestSharedArchiveWithPreTouch.jtr
gc/g1/TestShrinkAuxiliaryDataRunner.java,Passed. Execution successful,20648,/workspace/work/jtreg/tier12-legacy12/work/gc/g1/TestShrinkAuxiliaryDataRunner.jtr
gc/g1/TestShrinkDefragmentedHeap.java,Passed. Execution successful,7313,/workspace/work/jtreg/tier12-legacy12/work/gc/g1/TestShrinkDefragmentedHeap.jtr
gc/g1/TestShrinkToOneRegion.java,Passed. Execution successful,1609,/workspace/work/jtreg/tier12-legacy12/work/gc/g1/TestShrinkToOneRegion.jtr
gc/g1/TestSkipRebuildRemsetPhase.java,Passed. Execution successful,11486,/workspace/work/jtreg/tier12-legacy12/work/gc/g1/TestSkipRebuildRemsetPhase.jtr
gc/g1/TestVerificationInConcurrentCycle.java#id1,Passed. Execution successful,12150,/workspace/work/jtreg/tier12-legacy12/work/gc/g1/TestVerificationInConcurrentCycle_id1.jtr
gc/g1/TestVerifyGCType.java,Passed. Execution successful,14995,/workspace/work/jtreg/tier12-legacy12/work/gc/g1/TestVerifyGCType.jtr
gc/InfiniteList.java,Passed. Execution successful,3129,/workspace/work/jtreg/tier12-legacy12/work/gc/InfiniteList.jtr
gc/logging/TestDeprecatedPrintFlags.java,Passed. Execution successful,5162,/workspace/work/jtreg/tier12-legacy12/work/gc/logging/TestDeprecatedPrintFlags.jtr
gc/logging/TestGCId.java,Passed. Execution successful,11286,/workspace/work/jtreg/tier12-legacy12/work/gc/logging/TestGCId.jtr
gc/logging/TestMetaSpaceLog.java,Passed. Execution successful,12490,/workspace/work/jtreg/tier12-legacy12/work/gc/logging/TestMetaSpaceLog.jtr
gc/logging/TestPrintReferences.java,Passed. Execution successful,6217,/workspace/work/jtreg/tier12-legacy12/work/gc/logging/TestPrintReferences.jtr
gc/logging/TestUnifiedLoggingSwitchStress.java,Passed. Execution successful,65270,/workspace/work/jtreg/tier12-legacy12/work/gc/logging/TestUnifiedLoggingSwitchStress.jtr
gc/metaspace/TestMetaspaceInitialization.java,Passed. Execution successful,3187,/workspace/work/jtreg/tier12-legacy12/work/gc/metaspace/TestMetaspaceInitialization.jtr
gc/metaspace/TestMetaspaceMemoryPool.java,Passed. Execution successful,4198,/workspace/work/jtreg/tier12-legacy12/work/gc/metaspace/TestMetaspaceMemoryPool.jtr
gc/metaspace/TestMetaspacePerfCounters.java#Epsilon-64,Passed. Execution successful,6568,/workspace/work/jtreg/tier12-legacy12/work/gc/metaspace/TestMetaspacePerfCounters_Epsilon-64.jtr
gc/metaspace/TestMetaspacePerfCounters.java#G1-64,Passed. Execution successful,5007,/workspace/work/jtreg/tier12-legacy12/work/gc/metaspace/TestMetaspacePerfCounters_G1-64.jtr
gc/metaspace/TestMetaspacePerfCounters.java#Parallel-64,Passed. Execution successful,7868,/workspace/work/jtreg/tier12-legacy12/work/gc/metaspace/TestMetaspacePerfCounters_Parallel-64.jtr
gc/metaspace/TestMetaspacePerfCounters.java#Serial-64,Passed. Execution successful,5258,/workspace/work/jtreg/tier12-legacy12/work/gc/metaspace/TestMetaspacePerfCounters_Serial-64.jtr
gc/metaspace/TestMetaspacePerfCounters.java#Shenandoah-64,Passed. Execution successful,3656,/workspace/work/jtreg/tier12-legacy12/work/gc/metaspace/TestMetaspacePerfCounters_Shenandoah-64.jtr
gc/metaspace/TestMetaspaceSizeFlags.java,Passed. Execution successful,4115,/workspace/work/jtreg/tier12-legacy12/work/gc/metaspace/TestMetaspaceSizeFlags.jtr
gc/metaspace/TestPerfCountersAndMemoryPools.java#id0,Passed. Execution successful,2632,/workspace/work/jtreg/tier12-legacy12/work/gc/metaspace/TestPerfCountersAndMemoryPools_id0.jtr
gc/metaspace/TestSizeTransitions.java#id0,Passed. Execution successful,2889,/workspace/work/jtreg/tier12-legacy12/work/gc/metaspace/TestSizeTransitions_id0.jtr
gc/metaspace/TestSizeTransitions.java#id1,Passed. Execution successful,4161,/workspace/work/jtreg/tier12-legacy12/work/gc/metaspace/TestSizeTransitions_id1.jtr
gc/metaspace/TestSizeTransitions.java#id2,Passed. Execution successful,3290,/workspace/work/jtreg/tier12-legacy12/work/gc/metaspace/TestSizeTransitions_id2.jtr
gc/shenandoah/TestAllocIntArrays.java#adaptive,Passed. Execution successful,10389,/workspace/work/jtreg/tier12-legacy12/work/gc/shenandoah/TestAllocIntArrays_adaptive.jtr
gc/shenandoah/TestAllocIntArrays.java#aggressive,Passed. Execution successful,28225,/workspace/work/jtreg/tier12-legacy12/work/gc/shenandoah/TestAllocIntArrays_aggressive.jtr
gc/shenandoah/TestAllocIntArrays.java#compact,Passed. Execution successful,5922,/workspace/work/jtreg/tier12-legacy12/work/gc/shenandoah/TestAllocIntArrays_compact.jtr
gc/shenandoah/TestAllocIntArrays.java#generational,Passed. Execution successful,11177,/workspace/work/jtreg/tier12-legacy12/work/gc/shenandoah/TestAllocIntArrays_generational.jtr
gc/shenandoah/TestAllocIntArrays.java#no-tlab,Passed. Execution successful,9893,/workspace/work/jtreg/tier12-legacy12/work/gc/shenandoah/TestAllocIntArrays_no-tlab.jtr
gc/shenandoah/TestAllocIntArrays.java#passive,Passed. Execution successful,18360,/workspace/work/jtreg/tier12-legacy12/work/gc/shenandoah/TestAllocIntArrays_passive.jtr
gc/shenandoah/TestAllocIntArrays.java#static,Passed. Execution successful,7199,/workspace/work/jtreg/tier12-legacy12/work/gc/shenandoah/TestAllocIntArrays_static.jtr
gc/shenandoah/TestAllocObjectArrays.java#adaptive,Passed. Execution successful,16911,/workspace/work/jtreg/tier12-legacy12/work/gc/shenandoah/TestAllocObjectArrays_adaptive.jtr
gc/shenandoah/TestAllocObjectArrays.java#aggressive,Passed. Execution successful,34503,/workspace/work/jtreg/tier12-legacy12/work/gc/shenandoah/TestAllocObjectArrays_aggressive.jtr
gc/shenandoah/TestAllocObjectArrays.java#compact,Passed. Execution successful,9107,/workspace/work/jtreg/tier12-legacy12/work/gc/shenandoah/TestAllocObjectArrays_compact.jtr
gc/shenandoah/TestAllocObjectArrays.java#generational,Passed. Execution successful,31110,/workspace/work/jtreg/tier12-legacy12/work/gc/shenandoah/TestAllocObjectArrays_generational.jtr
gc/shenandoah/TestAllocObjectArrays.java#no-tlab,Passed. Execution successful,18004,/workspace/work/jtreg/tier12-legacy12/work/gc/shenandoah/TestAllocObjectArrays_no-tlab.jtr
gc/shenandoah/TestAllocObjectArrays.java#passive,Passed. Execution successful,18118,/workspace/work/jtreg/tier12-legacy12/work/gc/shenandoah/TestAllocObjectArrays_passive.jtr
gc/shenandoah/TestAllocObjectArrays.java#static,Passed. Execution successful,6999,/workspace/work/jtreg/tier12-legacy12/work/gc/shenandoah/TestAllocObjectArrays_static.jtr
gc/shenandoah/TestAllocObjects.java#adaptive,Passed. Execution successful,26337,/workspace/work/jtreg/tier12-legacy12/work/gc/shenandoah/TestAllocObjects_adaptive.jtr
gc/shenandoah/TestAllocObjects.java#aggressive,Passed. Execution successful,93003,/workspace/work/jtreg/tier12-legacy12/work/gc/shenandoah/TestAllocObjects_aggressive.jtr
gc/shenandoah/TestAllocObjects.java#compact,Passed. Execution successful,8505,/workspace/work/jtreg/tier12-legacy12/work/gc/shenandoah/TestAllocObjects_compact.jtr
gc/shenandoah/TestAllocObjects.java#generational,Passed. Execution successful,23856,/workspace/work/jtreg/tier12-legacy12/work/gc/shenandoah/TestAllocObjects_generational.jtr
gc/shenandoah/TestAllocObjects.java#passive,Passed. Execution successful,31690,/workspace/work/jtreg/tier12-legacy12/work/gc/shenandoah/TestAllocObjects_passive.jtr
gc/shenandoah/TestAllocObjects.java#static,Passed. Execution successful,6232,/workspace/work/jtreg/tier12-legacy12/work/gc/shenandoah/TestAllocObjects_static.jtr
gc/shenandoah/TestArrayCopyCheckCast.java#default,Passed. Execution successful,1396,/workspace/work/jtreg/tier12-legacy12/work/gc/shenandoah/TestArrayCopyCheckCast_default.jtr
gc/shenandoah/TestArrayCopyCheckCast.java#generational,Passed. Execution successful,1892,/workspace/work/jtreg/tier12-legacy12/work/gc/shenandoah/TestArrayCopyCheckCast_generational.jtr
gc/shenandoah/TestArrayCopyStress.java#default,Passed. Execution successful,8409,/workspace/work/jtreg/tier12-legacy12/work/gc/shenandoah/TestArrayCopyStress_default.jtr
gc/shenandoah/TestArrayCopyStress.java#generational,Passed. Execution successful,6146,/workspace/work/jtreg/tier12-legacy12/work/gc/shenandoah/TestArrayCopyStress_generational.jtr
gc/shenandoah/TestDynamicSoftMaxHeapSize.java#generational,Passed. Execution successful,42531,/workspace/work/jtreg/tier12-legacy12/work/gc/shenandoah/TestDynamicSoftMaxHeapSize_generational.jtr
gc/shenandoah/TestDynamicSoftMaxHeapSize.java#generational-softMaxHeapSizeValidation,Passed. Execution successful,7629,/workspace/work/jtreg/tier12-legacy12/work/gc/shenandoah/TestDynamicSoftMaxHeapSize_generational-softMaxHeapSizeValidation.jtr
gc/shenandoah/TestDynamicSoftMaxHeapSize.java#passive,Passed. Execution successful,89597,/workspace/work/jtreg/tier12-legacy12/work/gc/shenandoah/TestDynamicSoftMaxHeapSize_passive.jtr
gc/shenandoah/TestDynamicSoftMaxHeapSize.java#satb-adaptive,Passed. Execution successful,36298,/workspace/work/jtreg/tier12-legacy12/work/gc/shenandoah/TestDynamicSoftMaxHeapSize_satb-adaptive.jtr
gc/shenandoah/TestDynamicSoftMaxHeapSize.java#satb-aggressive,Passed. Execution successful,31232,/workspace/work/jtreg/tier12-legacy12/work/gc/shenandoah/TestDynamicSoftMaxHeapSize_satb-aggressive.jtr
gc/shenandoah/TestDynamicSoftMaxHeapSize.java#satb-compact,Passed. Execution successful,29060,/workspace/work/jtreg/tier12-legacy12/work/gc/shenandoah/TestDynamicSoftMaxHeapSize_satb-compact.jtr
gc/shenandoah/TestDynamicSoftMaxHeapSize.java#satb-static,Passed. Execution successful,25973,/workspace/work/jtreg/tier12-legacy12/work/gc/shenandoah/TestDynamicSoftMaxHeapSize_satb-static.jtr
gc/shenandoah/TestEvilSyncBug.java#default,Passed. Execution successful,10011,/workspace/work/jtreg/tier12-legacy12/work/gc/shenandoah/TestEvilSyncBug_default.jtr
gc/shenandoah/TestEvilSyncBug.java#generational,Passed. Execution successful,61312,/workspace/work/jtreg/tier12-legacy12/work/gc/shenandoah/TestEvilSyncBug_generational.jtr
gc/shenandoah/TestGCThreadGroups.java#default,Passed. Execution successful,9552,/workspace/work/jtreg/tier12-legacy12/work/gc/shenandoah/TestGCThreadGroups_default.jtr
gc/shenandoah/TestGCThreadGroups.java#generational,Passed. Execution successful,6379,/workspace/work/jtreg/tier12-legacy12/work/gc/shenandoah/TestGCThreadGroups_generational.jtr
gc/shenandoah/TestGCThreadGroups.java#passive,Passed. Execution successful,4188,/workspace/work/jtreg/tier12-legacy12/work/gc/shenandoah/TestGCThreadGroups_passive.jtr
gc/shenandoah/TestHeapUncommit.java#adaptive,Passed. Execution successful,21274,/workspace/work/jtreg/tier12-legacy12/work/gc/shenandoah/TestHeapUncommit_adaptive.jtr
gc/shenandoah/TestHeapUncommit.java#default-lp,Passed. Execution successful,22404,/workspace/work/jtreg/tier12-legacy12/work/gc/shenandoah/TestHeapUncommit_default-lp.jtr
gc/shenandoah/TestHeapUncommit.java#generational,Passed. Execution successful,20860,/workspace/work/jtreg/tier12-legacy12/work/gc/shenandoah/TestHeapUncommit_generational.jtr
gc/shenandoah/TestHeapUncommit.java#passive,Passed. Execution successful,51004,/workspace/work/jtreg/tier12-legacy12/work/gc/shenandoah/TestHeapUncommit_passive.jtr
gc/shenandoah/TestJcmdHeapDump.java#adaptive,Passed. Execution successful,7046,/workspace/work/jtreg/tier12-legacy12/work/gc/shenandoah/TestJcmdHeapDump_adaptive.jtr
gc/shenandoah/TestJcmdHeapDump.java#aggressive,Passed. Execution successful,8546,/workspace/work/jtreg/tier12-legacy12/work/gc/shenandoah/TestJcmdHeapDump_aggressive.jtr
gc/shenandoah/TestJcmdHeapDump.java#compact,Passed. Execution successful,5636,/workspace/work/jtreg/tier12-legacy12/work/gc/shenandoah/TestJcmdHeapDump_compact.jtr
gc/shenandoah/TestJcmdHeapDump.java#generational,Passed. Execution successful,5399,/workspace/work/jtreg/tier12-legacy12/work/gc/shenandoah/TestJcmdHeapDump_generational.jtr
gc/shenandoah/TestJcmdHeapDump.java#passive,Passed. Execution successful,7057,/workspace/work/jtreg/tier12-legacy12/work/gc/shenandoah/TestJcmdHeapDump_passive.jtr
gc/shenandoah/TestJcmdHeapDump.java#static,Passed. Execution successful,8453,/workspace/work/jtreg/tier12-legacy12/work/gc/shenandoah/TestJcmdHeapDump_static.jtr
gc/shenandoah/TestLargeArrayInit.java#adaptive,Passed. Execution successful,3987,/workspace/work/jtreg/tier12-legacy12/work/gc/shenandoah/TestLargeArrayInit_adaptive.jtr
gc/shenandoah/TestLargeArrayInit.java#compact-off,Passed. Execution successful,3346,/workspace/work/jtreg/tier12-legacy12/work/gc/shenandoah/TestLargeArrayInit_compact-off.jtr
gc/shenandoah/TestLargeArrayInit.java#compact-on,Passed. Execution successful,3202,/workspace/work/jtreg/tier12-legacy12/work/gc/shenandoah/TestLargeArrayInit_compact-on.jtr
gc/shenandoah/TestLargeArrayInit.java#compressed-oops-off,Passed. Execution successful,2652,/workspace/work/jtreg/tier12-legacy12/work/gc/shenandoah/TestLargeArrayInit_compressed-oops-off.jtr
gc/shenandoah/TestLargeArrayInit.java#generational,Passed. Execution successful,3387,/workspace/work/jtreg/tier12-legacy12/work/gc/shenandoah/TestLargeArrayInit_generational.jtr
gc/shenandoah/TestLargeArrayInitGCStress.java#aggressive,Passed. Execution successful,5267,/workspace/work/jtreg/tier12-legacy12/work/gc/shenandoah/TestLargeArrayInitGCStress_aggressive.jtr
gc/shenandoah/TestLargeArrayInitGCStress.java#compact-off,Passed. Execution successful,4298,/workspace/work/jtreg/tier12-legacy12/work/gc/shenandoah/TestLargeArrayInitGCStress_compact-off.jtr
gc/shenandoah/TestLargeArrayInitGCStress.java#compact-on,Passed. Execution successful,5100,/workspace/work/jtreg/tier12-legacy12/work/gc/shenandoah/TestLargeArrayInitGCStress_compact-on.jtr
gc/shenandoah/TestLargeArrayInitGCStress.java#compressed-oops-off,Passed. Execution successful,7435,/workspace/work/jtreg/tier12-legacy12/work/gc/shenandoah/TestLargeArrayInitGCStress_compressed-oops-off.jtr
gc/shenandoah/TestLargeArrayInitGCStress.java#generational-aggressive,Passed. Execution successful,4902,/workspace/work/jtreg/tier12-legacy12/work/gc/shenandoah/TestLargeArrayInitGCStress_generational-aggressive.jtr
gc/shenandoah/TestLargeObjectAlignment.java#default,Passed. Execution successful,33949,/workspace/work/jtreg/tier12-legacy12/work/gc/shenandoah/TestLargeObjectAlignment_default.jtr
gc/shenandoah/TestLargeObjectAlignment.java#generational,Passed. Execution successful,30361,/workspace/work/jtreg/tier12-legacy12/work/gc/shenandoah/TestLargeObjectAlignment_generational.jtr
gc/shenandoah/TestLotsOfCycles.java#adaptive,Passed. Execution successful,34614,/workspace/work/jtreg/tier12-legacy12/work/gc/shenandoah/TestLotsOfCycles_adaptive.jtr
gc/shenandoah/TestLotsOfCycles.java#aggressive,Passed. Execution successful,17441,/workspace/work/jtreg/tier12-legacy12/work/gc/shenandoah/TestLotsOfCycles_aggressive.jtr
gc/shenandoah/TestLotsOfCycles.java#compact,Passed. Execution successful,7001,/workspace/work/jtreg/tier12-legacy12/work/gc/shenandoah/TestLotsOfCycles_compact.jtr
gc/shenandoah/TestLotsOfCycles.java#generational,Passed. Execution successful,24862,/workspace/work/jtreg/tier12-legacy12/work/gc/shenandoah/TestLotsOfCycles_generational.jtr
gc/shenandoah/TestLotsOfCycles.java#passive,Passed. Execution successful,69415,/workspace/work/jtreg/tier12-legacy12/work/gc/shenandoah/TestLotsOfCycles_passive.jtr
gc/shenandoah/TestLotsOfCycles.java#static,Passed. Execution successful,35286,/workspace/work/jtreg/tier12-legacy12/work/gc/shenandoah/TestLotsOfCycles_static.jtr
gc/shenandoah/TestObjItrWithHeapDump.java,Passed. Execution successful,7624,/workspace/work/jtreg/tier12-legacy12/work/gc/shenandoah/TestObjItrWithHeapDump.jtr
gc/shenandoah/TestPeriodicGC.java,Passed. Execution successful,77857,/workspace/work/jtreg/tier12-legacy12/work/gc/shenandoah/TestPeriodicGC.jtr
gc/shenandoah/TestReferenceRefersToShenandoah.java#generational,Passed. Execution successful,67280,/workspace/work/jtreg/tier12-legacy12/work/gc/shenandoah/TestReferenceRefersToShenandoah_generational.jtr
gc/shenandoah/TestReferenceRefersToShenandoah.java#generational-100,Passed. Execution successful,70793,/workspace/work/jtreg/tier12-legacy12/work/gc/shenandoah/TestReferenceRefersToShenandoah_generational-100.jtr
gc/shenandoah/TestReferenceRefersToShenandoah.java#satb,Passed. Execution successful,70845,/workspace/work/jtreg/tier12-legacy12/work/gc/shenandoah/TestReferenceRefersToShenandoah_satb.jtr
gc/shenandoah/TestReferenceRefersToShenandoah.java#satb-100,Passed. Execution successful,70675,/workspace/work/jtreg/tier12-legacy12/work/gc/shenandoah/TestReferenceRefersToShenandoah_satb-100.jtr
gc/shenandoah/TestReferenceShortcutCycle.java#generational-100,Passed. Execution successful,10336,/workspace/work/jtreg/tier12-legacy12/work/gc/shenandoah/TestReferenceShortcutCycle_generational-100.jtr
gc/shenandoah/TestReferenceShortcutCycle.java#satb-100,Passed. Execution successful,7652,/workspace/work/jtreg/tier12-legacy12/work/gc/shenandoah/TestReferenceShortcutCycle_satb-100.jtr
gc/shenandoah/TestRefprocSanity.java#default,Passed. Execution successful,7149,/workspace/work/jtreg/tier12-legacy12/work/gc/shenandoah/TestRefprocSanity_default.jtr
gc/shenandoah/TestRefprocSanity.java#generational,Passed. Execution successful,7129,/workspace/work/jtreg/tier12-legacy12/work/gc/shenandoah/TestRefprocSanity_generational.jtr
gc/shenandoah/TestRegionSampling.java#adaptive,Passed. Execution successful,4284,/workspace/work/jtreg/tier12-legacy12/work/gc/shenandoah/TestRegionSampling_adaptive.jtr
gc/shenandoah/TestRegionSampling.java#aggressive,Passed. Execution successful,3630,/workspace/work/jtreg/tier12-legacy12/work/gc/shenandoah/TestRegionSampling_aggressive.jtr
gc/shenandoah/TestRegionSampling.java#compact,Passed. Execution successful,3154,/workspace/work/jtreg/tier12-legacy12/work/gc/shenandoah/TestRegionSampling_compact.jtr
gc/shenandoah/TestRegionSampling.java#generational,Passed. Execution successful,3406,/workspace/work/jtreg/tier12-legacy12/work/gc/shenandoah/TestRegionSampling_generational.jtr
gc/shenandoah/TestRegionSampling.java#passive,Passed. Execution successful,5854,/workspace/work/jtreg/tier12-legacy12/work/gc/shenandoah/TestRegionSampling_passive.jtr
gc/shenandoah/TestRegionSampling.java#static,Passed. Execution successful,3839,/workspace/work/jtreg/tier12-legacy12/work/gc/shenandoah/TestRegionSampling_static.jtr
gc/shenandoah/TestRegionSamplingLogging.java#default-rotation,Passed. Execution successful,4101,/workspace/work/jtreg/tier12-legacy12/work/gc/shenandoah/TestRegionSamplingLogging_default-rotation.jtr
gc/shenandoah/TestRegionSamplingLogging.java#generational-rotation,Passed. Execution successful,4304,/workspace/work/jtreg/tier12-legacy12/work/gc/shenandoah/TestRegionSamplingLogging_generational-rotation.jtr
gc/shenandoah/TestResizeTLAB.java#adaptive,Passed. Execution successful,17051,/workspace/work/jtreg/tier12-legacy12/work/gc/shenandoah/TestResizeTLAB_adaptive.jtr
gc/shenandoah/TestResizeTLAB.java#aggressive,Passed. Execution successful,21516,/workspace/work/jtreg/tier12-legacy12/work/gc/shenandoah/TestResizeTLAB_aggressive.jtr
gc/shenandoah/TestResizeTLAB.java#compact,Passed. Execution successful,15504,/workspace/work/jtreg/tier12-legacy12/work/gc/shenandoah/TestResizeTLAB_compact.jtr
gc/shenandoah/TestResizeTLAB.java#generational,Passed. Execution successful,19984,/workspace/work/jtreg/tier12-legacy12/work/gc/shenandoah/TestResizeTLAB_generational.jtr
gc/shenandoah/TestResizeTLAB.java#passive,Passed. Execution successful,25194,/workspace/work/jtreg/tier12-legacy12/work/gc/shenandoah/TestResizeTLAB_passive.jtr
gc/shenandoah/TestResizeTLAB.java#static,Passed. Execution successful,13316,/workspace/work/jtreg/tier12-legacy12/work/gc/shenandoah/TestResizeTLAB_static.jtr
gc/shenandoah/TestRetainObjects.java#adaptive,Passed. Execution successful,4602,/workspace/work/jtreg/tier12-legacy12/work/gc/shenandoah/TestRetainObjects_adaptive.jtr
gc/shenandoah/TestRetainObjects.java#aggressive,Passed. Execution successful,5888,/workspace/work/jtreg/tier12-legacy12/work/gc/shenandoah/TestRetainObjects_aggressive.jtr
gc/shenandoah/TestRetainObjects.java#compact,Passed. Execution successful,4253,/workspace/work/jtreg/tier12-legacy12/work/gc/shenandoah/TestRetainObjects_compact.jtr
gc/shenandoah/TestRetainObjects.java#generational,Passed. Execution successful,10195,/workspace/work/jtreg/tier12-legacy12/work/gc/shenandoah/TestRetainObjects_generational.jtr
gc/shenandoah/TestRetainObjects.java#no-tlab,Passed. Execution successful,8705,/workspace/work/jtreg/tier12-legacy12/work/gc/shenandoah/TestRetainObjects_no-tlab.jtr
gc/shenandoah/TestRetainObjects.java#passive,Passed. Execution successful,8109,/workspace/work/jtreg/tier12-legacy12/work/gc/shenandoah/TestRetainObjects_passive.jtr
gc/shenandoah/TestRetainObjects.java#static,Passed. Execution successful,4021,/workspace/work/jtreg/tier12-legacy12/work/gc/shenandoah/TestRetainObjects_static.jtr
gc/shenandoah/TestShenandoahRegionLogging.java,Passed. Execution successful,2321,/workspace/work/jtreg/tier12-legacy12/work/gc/shenandoah/TestShenandoahRegionLogging.jtr
gc/shenandoah/TestSieveObjects.java#adaptive,Passed. Execution successful,69255,/workspace/work/jtreg/tier12-legacy12/work/gc/shenandoah/TestSieveObjects_adaptive.jtr
gc/shenandoah/TestSieveObjects.java#aggressive,Passed. Execution successful,39273,/workspace/work/jtreg/tier12-legacy12/work/gc/shenandoah/TestSieveObjects_aggressive.jtr
gc/shenandoah/TestSieveObjects.java#compact,Passed. Execution successful,13599,/workspace/work/jtreg/tier12-legacy12/work/gc/shenandoah/TestSieveObjects_compact.jtr
gc/shenandoah/TestSieveObjects.java#generational,Passed. Execution successful,145746,/workspace/work/jtreg/tier12-legacy12/work/gc/shenandoah/TestSieveObjects_generational.jtr
gc/shenandoah/TestSieveObjects.java#no-tlab,Passed. Execution successful,68356,/workspace/work/jtreg/tier12-legacy12/work/gc/shenandoah/TestSieveObjects_no-tlab.jtr
gc/shenandoah/TestSieveObjects.java#no-tlab-genshen,Passed. Execution successful,61546,/workspace/work/jtreg/tier12-legacy12/work/gc/shenandoah/TestSieveObjects_no-tlab-genshen.jtr
gc/shenandoah/TestSieveObjects.java#passive,Passed. Execution successful,44514,/workspace/work/jtreg/tier12-legacy12/work/gc/shenandoah/TestSieveObjects_passive.jtr
gc/shenandoah/TestSieveObjects.java#static,Passed. Execution successful,12991,/workspace/work/jtreg/tier12-legacy12/work/gc/shenandoah/TestSieveObjects_static.jtr
gc/shenandoah/TestSmallArrayInit.java#adaptive,Passed. Execution successful,2581,/workspace/work/jtreg/tier12-legacy12/work/gc/shenandoah/TestSmallArrayInit_adaptive.jtr
gc/shenandoah/TestSmallArrayInit.java#generational,Passed. Execution successful,3302,/workspace/work/jtreg/tier12-legacy12/work/gc/shenandoah/TestSmallArrayInit_generational.jtr
gc/shenandoah/TestSmallHeap.java#default,Passed. Execution successful,5711,/workspace/work/jtreg/tier12-legacy12/work/gc/shenandoah/TestSmallHeap_default.jtr
gc/shenandoah/TestSmallHeap.java#generational,Passed. Execution successful,4627,/workspace/work/jtreg/tier12-legacy12/work/gc/shenandoah/TestSmallHeap_generational.jtr
gc/shenandoah/TestSoftMaxHeapSizeAvailableCalc.java#generational,Passed. Execution successful,36778,/workspace/work/jtreg/tier12-legacy12/work/gc/shenandoah/TestSoftMaxHeapSizeAvailableCalc_generational.jtr
gc/shenandoah/TestSoftMaxHeapSizeAvailableCalc.java#satb-adaptive,Passed. Execution successful,37001,/workspace/work/jtreg/tier12-legacy12/work/gc/shenandoah/TestSoftMaxHeapSizeAvailableCalc_satb-adaptive.jtr
gc/shenandoah/TestSoftMaxHeapSizeAvailableCalc.java#satb-static,Passed. Execution successful,36064,/workspace/work/jtreg/tier12-legacy12/work/gc/shenandoah/TestSoftMaxHeapSizeAvailableCalc_satb-static.jtr
gc/shenandoah/TestStringDedup.java#default,Passed. Execution successful,8905,/workspace/work/jtreg/tier12-legacy12/work/gc/shenandoah/TestStringDedup_default.jtr
gc/shenandoah/TestStringDedup.java#generational,Passed. Execution successful,6632,/workspace/work/jtreg/tier12-legacy12/work/gc/shenandoah/TestStringDedup_generational.jtr
gc/shenandoah/TestStringDedup.java#passive,Passed. Execution successful,9610,/workspace/work/jtreg/tier12-legacy12/work/gc/shenandoah/TestStringDedup_passive.jtr
gc/shenandoah/TestStringInternCleanup.java#default,Passed. Execution successful,14419,/workspace/work/jtreg/tier12-legacy12/work/gc/shenandoah/TestStringInternCleanup_default.jtr
gc/shenandoah/TestStringInternCleanup.java#generational,Passed. Execution successful,7632,/workspace/work/jtreg/tier12-legacy12/work/gc/shenandoah/TestStringInternCleanup_generational.jtr
gc/shenandoah/TestStringInternCleanup.java#passive,Passed. Execution successful,26634,/workspace/work/jtreg/tier12-legacy12/work/gc/shenandoah/TestStringInternCleanup_passive.jtr
gc/shenandoah/TestVerifyJCStress.java#default,Passed. Execution successful,60873,/workspace/work/jtreg/tier12-legacy12/work/gc/shenandoah/TestVerifyJCStress_default.jtr
gc/shenandoah/TestVerifyJCStress.java#passive,Passed. Execution successful,37372,/workspace/work/jtreg/tier12-legacy12/work/gc/shenandoah/TestVerifyJCStress_passive.jtr
gc/shenandoah/TestVerifyLevels.java#default,Passed. Execution successful,15133,/workspace/work/jtreg/tier12-legacy12/work/gc/shenandoah/TestVerifyLevels_default.jtr
gc/shenandoah/TestVerifyLevels.java#generational,Passed. Execution successful,13131,/workspace/work/jtreg/tier12-legacy12/work/gc/shenandoah/TestVerifyLevels_generational.jtr
gc/shenandoah/TestWeakReferenceCAS.java,Passed. Execution successful,6570,/workspace/work/jtreg/tier12-legacy12/work/gc/shenandoah/TestWeakReferenceCAS.jtr
gc/shenandoah/TestWithLogLevel.java#default,Passed. Execution successful,10065,/workspace/work/jtreg/tier12-legacy12/work/gc/shenandoah/TestWithLogLevel_default.jtr
gc/shenandoah/TestWithLogLevel.java#generational,Passed. Execution successful,10402,/workspace/work/jtreg/tier12-legacy12/work/gc/shenandoah/TestWithLogLevel_generational.jtr
gc/shenandoah/TestWrongArrayMember.java,Passed. Execution successful,3993,/workspace/work/jtreg/tier12-legacy12/work/gc/shenandoah/TestWrongArrayMember.jtr
gc/stress/gcbasher/TestGCBasherWithG1.java,Passed. Execution successful,125053,/workspace/work/jtreg/tier12-legacy12/work/gc/stress/gcbasher/TestGCBasherWithG1.jtr
gc/stress/gcbasher/TestGCBasherWithParallel.java,Passed. Execution successful,125603,/workspace/work/jtreg/tier12-legacy12/work/gc/stress/gcbasher/TestGCBasherWithParallel.jtr
gc/stress/gcbasher/TestGCBasherWithSerial.java,Passed. Execution successful,126153,/workspace/work/jtreg/tier12-legacy12/work/gc/stress/gcbasher/TestGCBasherWithSerial.jtr
gc/stress/gcbasher/TestGCBasherWithZ.java#id0,Passed. Execution successful,125477,/workspace/work/jtreg/tier12-legacy12/work/gc/stress/gcbasher/TestGCBasherWithZ_id0.jtr
gc/stress/gcbasher/TestGCBasherWithZ.java#id1,Passed. Execution successful,123297,/workspace/work/jtreg/tier12-legacy12/work/gc/stress/gcbasher/TestGCBasherWithZ_id1.jtr
gc/TestAgeOutput.java#id0,Passed. Execution successful,10111,/workspace/work/jtreg/tier12-legacy12/work/gc/TestAgeOutput_id0.jtr
gc/TestAgeOutput.java#id1,Passed. Execution successful,12823,/workspace/work/jtreg/tier12-legacy12/work/gc/TestAgeOutput_id1.jtr
gc/TestAllocateHeapAt.java,Passed. Execution successful,7424,/workspace/work/jtreg/tier12-legacy12/work/gc/TestAllocateHeapAt.jtr
gc/TestAllocateHeapAtError.java,Passed. Execution successful,5204,/workspace/work/jtreg/tier12-legacy12/work/gc/TestAllocateHeapAtError.jtr
gc/TestAllocateHeapAtMultiple.java,Passed. Execution successful,8544,/workspace/work/jtreg/tier12-legacy12/work/gc/TestAllocateHeapAtMultiple.jtr
gc/TestAllocHumongousFragment.java#compact,Passed. Execution successful,25800,/workspace/work/jtreg/tier12-legacy12/work/gc/TestAllocHumongousFragment_compact.jtr
gc/TestAllocHumongousFragment.java#generational,Passed. Execution successful,65096,/workspace/work/jtreg/tier12-legacy12/work/gc/TestAllocHumongousFragment_generational.jtr
gc/TestAllocHumongousFragment.java#passive,Passed. Execution successful,130960,/workspace/work/jtreg/tier12-legacy12/work/gc/TestAllocHumongousFragment_passive.jtr
gc/TestAlwaysPreTouchBehavior.java#Epsilon,Passed. Execution successful,8347,/workspace/work/jtreg/tier12-legacy12/work/gc/TestAlwaysPreTouchBehavior_Epsilon.jtr
gc/TestAlwaysPreTouchBehavior.java#G1,Passed. Execution successful,7559,/workspace/work/jtreg/tier12-legacy12/work/gc/TestAlwaysPreTouchBehavior_G1.jtr
gc/TestAlwaysPreTouchBehavior.java#ParallelCollector,Passed. Execution successful,8004,/workspace/work/jtreg/tier12-legacy12/work/gc/TestAlwaysPreTouchBehavior_ParallelCollector.jtr
gc/TestAlwaysPreTouchBehavior.java#SerialCollector,Passed. Execution successful,10374,/workspace/work/jtreg/tier12-legacy12/work/gc/TestAlwaysPreTouchBehavior_SerialCollector.jtr
gc/TestAlwaysPreTouchBehavior.java#Shenandoah,Passed. Execution successful,11014,/workspace/work/jtreg/tier12-legacy12/work/gc/TestAlwaysPreTouchBehavior_Shenandoah.jtr
gc/TestAlwaysPreTouchBehavior.java#Z,Passed. Execution successful,10442,/workspace/work/jtreg/tier12-legacy12/work/gc/TestAlwaysPreTouchBehavior_Z.jtr
gc/TestBigObj.java,Passed. Execution successful,8499,/workspace/work/jtreg/tier12-legacy12/work/gc/TestBigObj.jtr
gc/TestCardTablePageCommits.java,Passed. Execution successful,8100,/workspace/work/jtreg/tier12-legacy12/work/gc/TestCardTablePageCommits.jtr
gc/TestConcurrentGCBreakpoints.java,Passed. Execution successful,11766,/workspace/work/jtreg/tier12-legacy12/work/gc/TestConcurrentGCBreakpoints.jtr
gc/TestDisableExplicitGC.java,Passed. Execution successful,5785,/workspace/work/jtreg/tier12-legacy12/work/gc/TestDisableExplicitGC.jtr
gc/TestFillerObjectInstantiation.java,Passed. Execution successful,2946,/workspace/work/jtreg/tier12-legacy12/work/gc/TestFillerObjectInstantiation.jtr
gc/TestFullGCCount.java,Passed. Execution successful,4374,/workspace/work/jtreg/tier12-legacy12/work/gc/TestFullGCCount.jtr
gc/TestGenerationPerfCounter.java#id0,Passed. Execution successful,8687,/workspace/work/jtreg/tier12-legacy12/work/gc/TestGenerationPerfCounter_id0.jtr
gc/TestGenerationPerfCounter.java#id1,Passed. Execution successful,8039,/workspace/work/jtreg/tier12-legacy12/work/gc/TestGenerationPerfCounter_id1.jtr
gc/TestGenerationPerfCounter.java#id2,Passed. Execution successful,7035,/workspace/work/jtreg/tier12-legacy12/work/gc/TestGenerationPerfCounter_id2.jtr
gc/TestHumongousReferenceObject.java#id0,Passed. Execution successful,3685,/workspace/work/jtreg/tier12-legacy12/work/gc/TestHumongousReferenceObject_id0.jtr
gc/TestHumongousReferenceObject.java#id1,Passed. Execution successful,7817,/workspace/work/jtreg/tier12-legacy12/work/gc/TestHumongousReferenceObject_id1.jtr
gc/TestHumongousReferenceObject.java#id2,Passed. Execution successful,5659,/workspace/work/jtreg/tier12-legacy12/work/gc/TestHumongousReferenceObject_id2.jtr
gc/TestJNICriticalStressTest.java#id0,Passed. Execution successful,45730,/workspace/work/jtreg/tier12-legacy12/work/gc/TestJNICriticalStressTest_id0.jtr
gc/TestJNICriticalStressTest.java#id1,Passed. Execution successful,43886,/workspace/work/jtreg/tier12-legacy12/work/gc/TestJNICriticalStressTest_id1.jtr
gc/TestJNICriticalStressTest.java#id2,Passed. Execution successful,45259,/workspace/work/jtreg/tier12-legacy12/work/gc/TestJNICriticalStressTest_id2.jtr
gc/TestMemoryMXBeansAndPoolsPresence.java#id0,Passed. Execution successful,3212,/workspace/work/jtreg/tier12-legacy12/work/gc/TestMemoryMXBeansAndPoolsPresence_id0.jtr
gc/TestMemoryMXBeansAndPoolsPresence.java#id1,Passed. Execution successful,4740,/workspace/work/jtreg/tier12-legacy12/work/gc/TestMemoryMXBeansAndPoolsPresence_id1.jtr
gc/TestMemoryMXBeansAndPoolsPresence.java#id2,Passed. Execution successful,4270,/workspace/work/jtreg/tier12-legacy12/work/gc/TestMemoryMXBeansAndPoolsPresence_id2.jtr
gc/TestNativeReferenceGet.java,Passed. Execution successful,11976,/workspace/work/jtreg/tier12-legacy12/work/gc/TestNativeReferenceGet.jtr
gc/TestNoPerfCounter.java,Passed. Execution successful,2895,/workspace/work/jtreg/tier12-legacy12/work/gc/TestNoPerfCounter.jtr
gc/TestNUMAPageSize.java,Passed. Execution successful,3521,/workspace/work/jtreg/tier12-legacy12/work/gc/TestNUMAPageSize.jtr
gc/TestNumWorkerOutput.java,Passed. Execution successful,17521,/workspace/work/jtreg/tier12-legacy12/work/gc/TestNumWorkerOutput.jtr
gc/TestObjectAlignment.java,Passed. Execution successful,13938,/workspace/work/jtreg/tier12-legacy12/work/gc/TestObjectAlignment.jtr
gc/TestObjectAlignmentCardSize.java,Passed. Execution successful,10880,/workspace/work/jtreg/tier12-legacy12/work/gc/TestObjectAlignmentCardSize.jtr
gc/TestPLABAdaptToMinTLABSize.java#G1,Passed. Execution successful,7887,/workspace/work/jtreg/tier12-legacy12/work/gc/TestPLABAdaptToMinTLABSize_G1.jtr
gc/TestPLABAdaptToMinTLABSize.java#Parallel,Passed. Execution successful,8756,/workspace/work/jtreg/tier12-legacy12/work/gc/TestPLABAdaptToMinTLABSize_Parallel.jtr
gc/TestPolicyNamePerfCounter.java#id0,Passed. Execution successful,7847,/workspace/work/jtreg/tier12-legacy12/work/gc/TestPolicyNamePerfCounter_id0.jtr
gc/TestPolicyNamePerfCounter.java#id1,Passed. Execution successful,9642,/workspace/work/jtreg/tier12-legacy12/work/gc/TestPolicyNamePerfCounter_id1.jtr
gc/TestPolicyNamePerfCounter.java#id2,Passed. Execution successful,8149,/workspace/work/jtreg/tier12-legacy12/work/gc/TestPolicyNamePerfCounter_id2.jtr
gc/TestReferenceClearDuringMarking.java,Passed. Execution successful,11676,/workspace/work/jtreg/tier12-legacy12/work/gc/TestReferenceClearDuringMarking.jtr
gc/TestReferenceClearDuringReferenceProcessing.java#Z,Passed. Execution successful,9936,/workspace/work/jtreg/tier12-legacy12/work/gc/TestReferenceClearDuringReferenceProcessing_Z.jtr
gc/TestReferenceRefersTo.java,Passed. Execution successful,70089,/workspace/work/jtreg/tier12-legacy12/work/gc/TestReferenceRefersTo.jtr
gc/TestReferenceRefersToDuringConcMark.java,Passed. Execution successful,9324,/workspace/work/jtreg/tier12-legacy12/work/gc/TestReferenceRefersToDuringConcMark.jtr
gc/TestSmallHeap.java,Passed. Execution successful,10358,/workspace/work/jtreg/tier12-legacy12/work/gc/TestSmallHeap.jtr
gc/TestSoftReferencesBehaviorOnOOME.java,Passed. Execution successful,7177,/workspace/work/jtreg/tier12-legacy12/work/gc/TestSoftReferencesBehaviorOnOOME.jtr
gc/TestSpaceCounters.java#Parallel,Passed. Execution successful,5428,/workspace/work/jtreg/tier12-legacy12/work/gc/TestSpaceCounters_Parallel.jtr
gc/TestSpaceCounters.java#Serial,Passed. Execution successful,6409,/workspace/work/jtreg/tier12-legacy12/work/gc/TestSpaceCounters_Serial.jtr
gc/TestStackOverflow.java,Passed. Execution successful,2352,/workspace/work/jtreg/tier12-legacy12/work/gc/TestStackOverflow.jtr
gc/TestSystemGC.java#G1,Passed. Execution successful,2670,/workspace/work/jtreg/tier12-legacy12/work/gc/TestSystemGC_G1.jtr
gc/TestSystemGC.java#Parallel,Passed. Execution successful,2054,/workspace/work/jtreg/tier12-legacy12/work/gc/TestSystemGC_Parallel.jtr
gc/TestSystemGC.java#Serial,Passed. Execution successful,2384,/workspace/work/jtreg/tier12-legacy12/work/gc/TestSystemGC_Serial.jtr
gc/TestSystemGC.java#Shenandoah,Passed. Execution successful,2719,/workspace/work/jtreg/tier12-legacy12/work/gc/TestSystemGC_Shenandoah.jtr
gc/TestSystemGC.java#Z,Passed. Execution successful,1979,/workspace/work/jtreg/tier12-legacy12/work/gc/TestSystemGC_Z.jtr
gc/TestTransparentHugePagesHeap.java#G1,Passed. Execution successful,7756,/workspace/work/jtreg/tier12-legacy12/work/gc/TestTransparentHugePagesHeap_G1.jtr
gc/TestTransparentHugePagesHeap.java#Parallel,Passed. Execution successful,8857,/workspace/work/jtreg/tier12-legacy12/work/gc/TestTransparentHugePagesHeap_Parallel.jtr
gc/TestTransparentHugePagesHeap.java#Serial,Passed. Execution successful,10460,/workspace/work/jtreg/tier12-legacy12/work/gc/TestTransparentHugePagesHeap_Serial.jtr
gc/TestUseGCOverheadLimit.java#G1,Passed. Execution successful,8077,/workspace/work/jtreg/tier12-legacy12/work/gc/TestUseGCOverheadLimit_G1.jtr
gc/TestUseGCOverheadLimit.java#Parallel,Passed. Execution successful,10741,/workspace/work/jtreg/tier12-legacy12/work/gc/TestUseGCOverheadLimit_Parallel.jtr
gc/TestVerifyDuringStartup.java,Passed. Execution successful,7471,/workspace/work/jtreg/tier12-legacy12/work/gc/TestVerifyDuringStartup.jtr
gc/TestVerifySilently.java,Passed. Execution successful,5784,/workspace/work/jtreg/tier12-legacy12/work/gc/TestVerifySilently.jtr
gc/TestVerifySubSet.java,Passed. Execution successful,7107,/workspace/work/jtreg/tier12-legacy12/work/gc/TestVerifySubSet.jtr
runtime/6626217/bug_21227.java,Passed. Execution successful,12607,/workspace/work/jtreg/tier12-legacy12/work/runtime/6626217/bug_21227.jtr
runtime/7158988/FieldMonitor.java,Passed. Execution successful,11910,/workspace/work/jtreg/tier12-legacy12/work/runtime/7158988/FieldMonitor.jtr
runtime/cds/AOTMapTest.java,Passed. Execution successful,64245,/workspace/work/jtreg/tier12-legacy12/work/runtime/cds/AOTMapTest.jtr
runtime/cds/appcds/aotCache/AOTCacheConsistency.java,Passed. Execution successful,22709,/workspace/work/jtreg/tier12-legacy12/work/runtime/cds/appcds/aotCache/AOTCacheConsistency.jtr
runtime/cds/appcds/aotCache/AOTCacheSupportForCustomLoaders.java,Passed. Execution successful,19229,/workspace/work/jtreg/tier12-legacy12/work/runtime/cds/appcds/aotCache/AOTCacheSupportForCustomLoaders.jtr
runtime/cds/appcds/aotCache/AOTCompatibleOopCompression.java,Passed. Execution successful,15062,/workspace/work/jtreg/tier12-legacy12/work/runtime/cds/appcds/aotCache/AOTCompatibleOopCompression.jtr
runtime/cds/appcds/aotCache/AOTMapTest.java#aot,Passed. Execution successful,21723,/workspace/work/jtreg/tier12-legacy12/work/runtime/cds/appcds/aotCache/AOTMapTest_aot.jtr
runtime/cds/appcds/aotCache/AOTMapTest.java#dynamic,Passed. Execution successful,23251,/workspace/work/jtreg/tier12-legacy12/work/runtime/cds/appcds/aotCache/AOTMapTest_dynamic.jtr
runtime/cds/appcds/aotCache/ChangedJarFile.java,Passed. Execution successful,13143,/workspace/work/jtreg/tier12-legacy12/work/runtime/cds/appcds/aotCache/ChangedJarFile.jtr
runtime/cds/appcds/aotCache/CloseSystemOut.java,Passed. Execution successful,13251,/workspace/work/jtreg/tier12-legacy12/work/runtime/cds/appcds/aotCache/CloseSystemOut.jtr
runtime/cds/appcds/aotCache/DiagnosticCommandMBeanTest.java,Passed. Execution successful,18605,/workspace/work/jtreg/tier12-legacy12/work/runtime/cds/appcds/aotCache/DiagnosticCommandMBeanTest.jtr
runtime/cds/appcds/aotCache/EarlyClassInit.java,Passed. Execution successful,13631,/workspace/work/jtreg/tier12-legacy12/work/runtime/cds/appcds/aotCache/EarlyClassInit.jtr
runtime/cds/appcds/aotCache/ExcludedClasses.java,Passed. Execution successful,24524,/workspace/work/jtreg/tier12-legacy12/work/runtime/cds/appcds/aotCache/ExcludedClasses.jtr
runtime/cds/appcds/aotCache/HelloAOTCache.java,Passed. Execution successful,15565,/workspace/work/jtreg/tier12-legacy12/work/runtime/cds/appcds/aotCache/HelloAOTCache.jtr
runtime/cds/appcds/aotCache/HotSpotAOTCacheMXBeanTest.java,Passed. Execution successful,20448,/workspace/work/jtreg/tier12-legacy12/work/runtime/cds/appcds/aotCache/HotSpotAOTCacheMXBeanTest.jtr
runtime/cds/appcds/aotCache/JavaAgent.java#aot,Passed. Execution successful,20984,/workspace/work/jtreg/tier12-legacy12/work/runtime/cds/appcds/aotCache/JavaAgent_aot.jtr
runtime/cds/appcds/aotCache/JavaAgent.java#dynamic,Passed. Execution successful,17872,/workspace/work/jtreg/tier12-legacy12/work/runtime/cds/appcds/aotCache/JavaAgent_dynamic.jtr
runtime/cds/appcds/aotCache/JavaAgent.java#static,Passed. Execution successful,16732,/workspace/work/jtreg/tier12-legacy12/work/runtime/cds/appcds/aotCache/JavaAgent_static.jtr
runtime/cds/appcds/aotCache/JcmdAOTEndRecordingTest.java,Passed. Execution successful,16276,/workspace/work/jtreg/tier12-legacy12/work/runtime/cds/appcds/aotCache/JcmdAOTEndRecordingTest.jtr
runtime/cds/appcds/aotCache/JcmdOnTrainingProcess.java,Passed. Execution successful,14968,/workspace/work/jtreg/tier12-legacy12/work/runtime/cds/appcds/aotCache/JcmdOnTrainingProcess.jtr
runtime/cds/appcds/aotCache/JNIDefineClass.java,Passed. Execution successful,14862,/workspace/work/jtreg/tier12-legacy12/work/runtime/cds/appcds/aotCache/JNIDefineClass.jtr
runtime/cds/appcds/aotCache/ManagementAgent.java,Passed. Execution successful,26242,/workspace/work/jtreg/tier12-legacy12/work/runtime/cds/appcds/aotCache/ManagementAgent.jtr
runtime/cds/appcds/aotCache/OldClassSupport.java,Passed. Execution successful,23234,/workspace/work/jtreg/tier12-legacy12/work/runtime/cds/appcds/aotCache/OldClassSupport.jtr
runtime/cds/appcds/aotCache/OldClassSupport2.java,Passed. Execution successful,20668,/workspace/work/jtreg/tier12-legacy12/work/runtime/cds/appcds/aotCache/OldClassSupport2.jtr
runtime/cds/appcds/aotCache/PackageInfoClass.java,Passed. Execution successful,15154,/workspace/work/jtreg/tier12-legacy12/work/runtime/cds/appcds/aotCache/PackageInfoClass.jtr
runtime/cds/appcds/aotCache/RedefineClassesInProfile.java,Passed. Execution successful,6036,/workspace/work/jtreg/tier12-legacy12/work/runtime/cds/appcds/aotCache/RedefineClassesInProfile.jtr
runtime/cds/appcds/aotCache/RedefineCriticalClasses.java,Passed. Execution successful,13603,/workspace/work/jtreg/tier12-legacy12/work/runtime/cds/appcds/aotCache/RedefineCriticalClasses.jtr
runtime/cds/appcds/aotCache/SpecialCacheNames.java,Passed. Execution successful,30175,/workspace/work/jtreg/tier12-legacy12/work/runtime/cds/appcds/aotCache/SpecialCacheNames.jtr
runtime/cds/appcds/aotCache/TransformCriticalClasses.java,Passed. Execution successful,11075,/workspace/work/jtreg/tier12-legacy12/work/runtime/cds/appcds/aotCache/TransformCriticalClasses.jtr
runtime/cds/appcds/aotCache/VerifierFailOver.java,Passed. Execution successful,1193,/workspace/work/jtreg/tier12-legacy12/work/runtime/cds/appcds/aotCache/VerifierFailOver.jtr
runtime/cds/appcds/aotCode/AOTCodeCompressedOopsTest.java,Passed. Execution successful,24797,/workspace/work/jtreg/tier12-legacy12/work/runtime/cds/appcds/aotCode/AOTCodeCompressedOopsTest.jtr
runtime/cds/appcds/aotCode/AOTCodeCPUFeatureIncompatibilityTest.java,Passed. Execution successful,29122,/workspace/work/jtreg/tier12-legacy12/work/runtime/cds/appcds/aotCode/AOTCodeCPUFeatureIncompatibilityTest.jtr
runtime/cds/appcds/aotCode/AOTCodeFlags.java#default_gc,Passed. Execution successful,181528,/workspace/work/jtreg/tier12-legacy12/work/runtime/cds/appcds/aotCode/AOTCodeFlags_default_gc.jtr
runtime/cds/appcds/aotCode/AOTCodeFlags.java#parallel,Passed. Execution successful,48650,/workspace/work/jtreg/tier12-legacy12/work/runtime/cds/appcds/aotCode/AOTCodeFlags_parallel.jtr
runtime/cds/appcds/aotCode/AOTCodeFlags.java#shenandoah,Passed. Execution successful,157999,/workspace/work/jtreg/tier12-legacy12/work/runtime/cds/appcds/aotCode/AOTCodeFlags_shenandoah.jtr
runtime/cds/appcds/aotCode/AOTCodeFlags.java#Z,Passed. Execution successful,180006,/workspace/work/jtreg/tier12-legacy12/work/runtime/cds/appcds/aotCode/AOTCodeFlags_Z.jtr
runtime/cds/appcds/aotCode/AOTCodeTest.java#g1,Passed. Execution successful,18549,/workspace/work/jtreg/tier12-legacy12/work/runtime/cds/appcds/aotCode/AOTCodeTest_g1.jtr
runtime/cds/appcds/aotCode/AOTCodeTest.java#parallel,Passed. Execution successful,17846,/workspace/work/jtreg/tier12-legacy12/work/runtime/cds/appcds/aotCode/AOTCodeTest_parallel.jtr
runtime/cds/appcds/aotCode/AOTCodeTest.java#serial,Passed. Execution successful,21102,/workspace/work/jtreg/tier12-legacy12/work/runtime/cds/appcds/aotCode/AOTCodeTest_serial.jtr
runtime/cds/appcds/aotCode/AOTCodeTest.java#shenandoah,Passed. Execution successful,18845,/workspace/work/jtreg/tier12-legacy12/work/runtime/cds/appcds/aotCode/AOTCodeTest_shenandoah.jtr
runtime/cds/appcds/aotCode/AOTCodeTest.java#Z,Passed. Execution successful,3798,/workspace/work/jtreg/tier12-legacy12/work/runtime/cds/appcds/aotCode/AOTCodeTest_Z.jtr
runtime/cds/appcds/AppendClasspath.java,Passed. Execution successful,1982,/workspace/work/jtreg/tier12-legacy12/work/runtime/cds/appcds/AppendClasspath.jtr
runtime/cds/appcds/ArchiveRelocationTest.java,Passed. Execution successful,2529,/workspace/work/jtreg/tier12-legacy12/work/runtime/cds/appcds/ArchiveRelocationTest.jtr
runtime/cds/appcds/BadBSM.java,Passed. Execution successful,11271,/workspace/work/jtreg/tier12-legacy12/work/runtime/cds/appcds/BadBSM.jtr
runtime/cds/appcds/BootClassPathMismatch.java,Passed. Execution successful,6465,/workspace/work/jtreg/tier12-legacy12/work/runtime/cds/appcds/BootClassPathMismatch.jtr
runtime/cds/appcds/CaseSensitiveClassPath.java,Passed. Execution successful,13558,/workspace/work/jtreg/tier12-legacy12/work/runtime/cds/appcds/CaseSensitiveClassPath.jtr
runtime/cds/appcds/CDSandJFR.java,Passed. Execution successful,3361,/workspace/work/jtreg/tier12-legacy12/work/runtime/cds/appcds/CDSandJFR.jtr
runtime/cds/appcds/ClassLoaderTest.java,Passed. Execution successful,2158,/workspace/work/jtreg/tier12-legacy12/work/runtime/cds/appcds/ClassLoaderTest.jtr
runtime/cds/appcds/ClassPathAttr.java,Passed. Execution successful,8269,/workspace/work/jtreg/tier12-legacy12/work/runtime/cds/appcds/ClassPathAttr.jtr
runtime/cds/appcds/CommandLineFlagCombo.java,Passed. Execution successful,12540,/workspace/work/jtreg/tier12-legacy12/work/runtime/cds/appcds/CommandLineFlagCombo.jtr
runtime/cds/appcds/CommandLineFlagComboNegative.java,Passed. Execution successful,17234,/workspace/work/jtreg/tier12-legacy12/work/runtime/cds/appcds/CommandLineFlagComboNegative.jtr
runtime/cds/appcds/CommonAppClasspath.java,Passed. Execution successful,24968,/workspace/work/jtreg/tier12-legacy12/work/runtime/cds/appcds/CommonAppClasspath.jtr
runtime/cds/appcds/CreateAOTCacheVerifyError.java,Passed. Execution successful,11508,/workspace/work/jtreg/tier12-legacy12/work/runtime/cds/appcds/CreateAOTCacheVerifyError.jtr
runtime/cds/appcds/DirClasspathTest.java,Passed. Execution successful,5248,/workspace/work/jtreg/tier12-legacy12/work/runtime/cds/appcds/DirClasspathTest.jtr
runtime/cds/appcds/DumpClassList.java,Passed. Execution successful,1291,/workspace/work/jtreg/tier12-legacy12/work/runtime/cds/appcds/DumpClassList.jtr
runtime/cds/appcds/DumpClassListWithLF.java,Passed. Execution successful,36821,/workspace/work/jtreg/tier12-legacy12/work/runtime/cds/appcds/DumpClassListWithLF.jtr
runtime/cds/appcds/DumpRuntimeClassesTest.java,Passed. Execution successful,709,/workspace/work/jtreg/tier12-legacy12/work/runtime/cds/appcds/DumpRuntimeClassesTest.jtr
runtime/cds/appcds/DuplicateClassPaths.java,Passed. Execution successful,1080,/workspace/work/jtreg/tier12-legacy12/work/runtime/cds/appcds/DuplicateClassPaths.jtr
runtime/cds/appcds/ExtraSymbols.java,Passed. Execution successful,2491,/workspace/work/jtreg/tier12-legacy12/work/runtime/cds/appcds/ExtraSymbols.jtr
runtime/cds/appcds/FieldAnnotationsTest.java,Passed. Execution successful,12157,/workspace/work/jtreg/tier12-legacy12/work/runtime/cds/appcds/FieldAnnotationsTest.jtr
runtime/cds/appcds/FieldLayoutFlags.java,Passed. Execution successful,4282,/workspace/work/jtreg/tier12-legacy12/work/runtime/cds/appcds/FieldLayoutFlags.jtr
runtime/cds/appcds/FreeUnusedMetadata.java,Passed. Execution successful,1061,/workspace/work/jtreg/tier12-legacy12/work/runtime/cds/appcds/FreeUnusedMetadata.jtr
runtime/cds/appcds/HelloExtTest.java,Passed. Execution successful,1257,/workspace/work/jtreg/tier12-legacy12/work/runtime/cds/appcds/HelloExtTest.jtr
runtime/cds/appcds/HelloTest.java,Passed. Execution successful,15566,/workspace/work/jtreg/tier12-legacy12/work/runtime/cds/appcds/HelloTest.jtr
runtime/cds/appcds/IgnoreEmptyClassPaths.java,Passed. Execution successful,1030,/workspace/work/jtreg/tier12-legacy12/work/runtime/cds/appcds/IgnoreEmptyClassPaths.jtr
runtime/cds/appcds/JvmtiAddPath.java,Passed. Execution successful,2292,/workspace/work/jtreg/tier12-legacy12/work/runtime/cds/appcds/JvmtiAddPath.jtr
runtime/cds/appcds/LambdaContainsOldInf.java,Passed. Execution successful,1927,/workspace/work/jtreg/tier12-legacy12/work/runtime/cds/appcds/LambdaContainsOldInf.jtr
runtime/cds/appcds/LambdaEagerInit.java,Passed. Execution successful,1358,/workspace/work/jtreg/tier12-legacy12/work/runtime/cds/appcds/LambdaEagerInit.jtr
runtime/cds/appcds/LambdaInvokeVirtual.java,Passed. Execution successful,1171,/workspace/work/jtreg/tier12-legacy12/work/runtime/cds/appcds/LambdaInvokeVirtual.jtr
runtime/cds/appcds/LambdaProxyClasslist.java,Passed. Execution successful,3838,/workspace/work/jtreg/tier12-legacy12/work/runtime/cds/appcds/LambdaProxyClasslist.jtr
runtime/cds/appcds/LambdaVerificationFailedDuringDump.java,Passed. Execution successful,1034,/workspace/work/jtreg/tier12-legacy12/work/runtime/cds/appcds/LambdaVerificationFailedDuringDump.jtr
runtime/cds/appcds/LambdaWithOldClass.java,Passed. Execution successful,1127,/workspace/work/jtreg/tier12-legacy12/work/runtime/cds/appcds/LambdaWithOldClass.jtr
runtime/cds/appcds/LambdaWithUseImplMethodHandle.java,Passed. Execution successful,2004,/workspace/work/jtreg/tier12-legacy12/work/runtime/cds/appcds/LambdaWithUseImplMethodHandle.jtr
runtime/cds/appcds/LongClassListPath.java,Passed. Execution successful,939,/workspace/work/jtreg/tier12-legacy12/work/runtime/cds/appcds/LongClassListPath.jtr
runtime/cds/appcds/LotsOfJRTClasses.java,Passed. Execution successful,18572,/workspace/work/jtreg/tier12-legacy12/work/runtime/cds/appcds/LotsOfJRTClasses.jtr
runtime/cds/appcds/LotsOfSyntheticClasses.java,Passed. Execution successful,23522,/workspace/work/jtreg/tier12-legacy12/work/runtime/cds/appcds/LotsOfSyntheticClasses.jtr
runtime/cds/appcds/MismatchedPathTriggerMemoryRelease.java,Passed. Execution successful,1342,/workspace/work/jtreg/tier12-legacy12/work/runtime/cds/appcds/MismatchedPathTriggerMemoryRelease.jtr
runtime/cds/appcds/MissingSuperTest.java,Passed. Execution successful,1187,/workspace/work/jtreg/tier12-legacy12/work/runtime/cds/appcds/MissingSuperTest.jtr
runtime/cds/appcds/MultiProcessSharing.java,Passed. Execution successful,1242,/workspace/work/jtreg/tier12-legacy12/work/runtime/cds/appcds/MultiProcessSharing.jtr
runtime/cds/appcds/MultiReleaseJars.java,Passed. Execution successful,23240,/workspace/work/jtreg/tier12-legacy12/work/runtime/cds/appcds/MultiReleaseJars.jtr
runtime/cds/appcds/NestHostOldInf.java,Passed. Execution successful,1079,/workspace/work/jtreg/tier12-legacy12/work/runtime/cds/appcds/NestHostOldInf.jtr
runtime/cds/appcds/NonExistClasspath.java,Passed. Execution successful,4203,/workspace/work/jtreg/tier12-legacy12/work/runtime/cds/appcds/NonExistClasspath.jtr
runtime/cds/appcds/NonJarInClasspath.java,Passed. Execution successful,1007,/workspace/work/jtreg/tier12-legacy12/work/runtime/cds/appcds/NonJarInClasspath.jtr
runtime/cds/appcds/OldClassTest.java,Passed. Execution successful,2054,/workspace/work/jtreg/tier12-legacy12/work/runtime/cds/appcds/OldClassTest.jtr
runtime/cds/appcds/OldClassWithjsr.java,Passed. Execution successful,1008,/workspace/work/jtreg/tier12-legacy12/work/runtime/cds/appcds/OldClassWithjsr.jtr
runtime/cds/appcds/OldInfExtendsInfDefMeth.java,Passed. Execution successful,1136,/workspace/work/jtreg/tier12-legacy12/work/runtime/cds/appcds/OldInfExtendsInfDefMeth.jtr
runtime/cds/appcds/OldSuperClass.java,Passed. Execution successful,1151,/workspace/work/jtreg/tier12-legacy12/work/runtime/cds/appcds/OldSuperClass.jtr
runtime/cds/appcds/OldSuperInf.java,Passed. Execution successful,1122,/workspace/work/jtreg/tier12-legacy12/work/runtime/cds/appcds/OldSuperInf.jtr
runtime/cds/appcds/OldSuperInfIndirect.java,Passed. Execution successful,1094,/workspace/work/jtreg/tier12-legacy12/work/runtime/cds/appcds/OldSuperInfIndirect.jtr
runtime/cds/appcds/PackageSealing.java,Passed. Execution successful,3309,/workspace/work/jtreg/tier12-legacy12/work/runtime/cds/appcds/PackageSealing.jtr
runtime/cds/appcds/ParallelLoad2.java,Passed. Execution successful,1178,/workspace/work/jtreg/tier12-legacy12/work/runtime/cds/appcds/ParallelLoad2.jtr
runtime/cds/appcds/ParallelLoadTest.java,Passed. Execution successful,1857,/workspace/work/jtreg/tier12-legacy12/work/runtime/cds/appcds/ParallelLoadTest.jtr
runtime/cds/appcds/PrintSharedArchiveAndExit.java,Passed. Execution successful,1397,/workspace/work/jtreg/tier12-legacy12/work/runtime/cds/appcds/PrintSharedArchiveAndExit.jtr
runtime/cds/appcds/ProhibitedPackage.java,Passed. Execution successful,1767,/workspace/work/jtreg/tier12-legacy12/work/runtime/cds/appcds/ProhibitedPackage.jtr
runtime/cds/appcds/ProtectionDomain.java,Passed. Execution successful,1224,/workspace/work/jtreg/tier12-legacy12/work/runtime/cds/appcds/ProtectionDomain.jtr
runtime/cds/appcds/RelativePath.java,Passed. Execution successful,2618,/workspace/work/jtreg/tier12-legacy12/work/runtime/cds/appcds/RelativePath.jtr
runtime/cds/appcds/RewriteBytecodesTest.java,Passed. Execution successful,1171,/workspace/work/jtreg/tier12-legacy12/work/runtime/cds/appcds/RewriteBytecodesTest.jtr
runtime/cds/appcds/SealingViolation.java,Passed. Execution successful,1773,/workspace/work/jtreg/tier12-legacy12/work/runtime/cds/appcds/SealingViolation.jtr
runtime/cds/appcds/SharedArchiveConsistency.java,Passed. Execution successful,3488,/workspace/work/jtreg/tier12-legacy12/work/runtime/cds/appcds/SharedArchiveConsistency.jtr
runtime/cds/appcds/SharedBaseAddress.java,Passed. Execution successful,10064,/workspace/work/jtreg/tier12-legacy12/work/runtime/cds/appcds/SharedBaseAddress.jtr
runtime/cds/appcds/SharedPackages.java,Passed. Execution successful,2116,/workspace/work/jtreg/tier12-legacy12/work/runtime/cds/appcds/SharedPackages.jtr
runtime/cds/appcds/SharedRegionAlignmentTest.java,Passed. Execution successful,2151,/workspace/work/jtreg/tier12-legacy12/work/runtime/cds/appcds/SharedRegionAlignmentTest.jtr
runtime/cds/appcds/SignedJar.java,Passed. Execution successful,5391,/workspace/work/jtreg/tier12-legacy12/work/runtime/cds/appcds/SignedJar.jtr
runtime/cds/appcds/SpecifySysLoaderProp.java,Passed. Execution successful,1241,/workspace/work/jtreg/tier12-legacy12/work/runtime/cds/appcds/SpecifySysLoaderProp.jtr
runtime/cds/appcds/StaticArchiveWithLambda.java,Passed. Execution successful,1077,/workspace/work/jtreg/tier12-legacy12/work/runtime/cds/appcds/StaticArchiveWithLambda.jtr
runtime/cds/appcds/TestCombinedCompressedFlags.java,Passed. Execution successful,2355,/workspace/work/jtreg/tier12-legacy12/work/runtime/cds/appcds/TestCombinedCompressedFlags.jtr
runtime/cds/appcds/TestEpsilonGCWithCDS.java#id0,Passed. Execution successful,3240,/workspace/work/jtreg/tier12-legacy12/work/runtime/cds/appcds/TestEpsilonGCWithCDS_id0.jtr
runtime/cds/appcds/TestEpsilonGCWithCDS.java#id1,Passed. Execution successful,3098,/workspace/work/jtreg/tier12-legacy12/work/runtime/cds/appcds/TestEpsilonGCWithCDS_id1.jtr
runtime/cds/appcds/TestParallelGCWithCDS.java#id0,Passed. Execution successful,3303,/workspace/work/jtreg/tier12-legacy12/work/runtime/cds/appcds/TestParallelGCWithCDS_id0.jtr
runtime/cds/appcds/TestParallelGCWithCDS.java#id1,Passed. Execution successful,3402,/workspace/work/jtreg/tier12-legacy12/work/runtime/cds/appcds/TestParallelGCWithCDS_id1.jtr
runtime/cds/appcds/TestSerialGCWithCDS.java#id0,Passed. Execution successful,22111,/workspace/work/jtreg/tier12-legacy12/work/runtime/cds/appcds/TestSerialGCWithCDS_id0.jtr
runtime/cds/appcds/TestSerialGCWithCDS.java#id1,Passed. Execution successful,3483,/workspace/work/jtreg/tier12-legacy12/work/runtime/cds/appcds/TestSerialGCWithCDS_id1.jtr
runtime/cds/appcds/TestShenandoahWithCDS.java#id0,Passed. Execution successful,20509,/workspace/work/jtreg/tier12-legacy12/work/runtime/cds/appcds/TestShenandoahWithCDS_id0.jtr
runtime/cds/appcds/TestShenandoahWithCDS.java#id1,Passed. Execution successful,18665,/workspace/work/jtreg/tier12-legacy12/work/runtime/cds/appcds/TestShenandoahWithCDS_id1.jtr
runtime/cds/appcds/TestWithProfiler.java,Passed. Execution successful,16788,/workspace/work/jtreg/tier12-legacy12/work/runtime/cds/appcds/TestWithProfiler.jtr
runtime/cds/appcds/TestZGCWithAOTHeap.java,Passed. Execution successful,6641,/workspace/work/jtreg/tier12-legacy12/work/runtime/cds/appcds/TestZGCWithAOTHeap.jtr
runtime/cds/appcds/TestZGCWithCDS.java#NO-COH,Passed. Execution successful,1027,/workspace/work/jtreg/tier12-legacy12/work/runtime/cds/appcds/TestZGCWithCDS_NO-COH.jtr
runtime/cds/appcds/TraceLongClasspath.java,Passed. Execution successful,1026,/workspace/work/jtreg/tier12-legacy12/work/runtime/cds/appcds/TraceLongClasspath.jtr
runtime/cds/appcds/UnusedCPDuringDump.java,Passed. Execution successful,1163,/workspace/work/jtreg/tier12-legacy12/work/runtime/cds/appcds/UnusedCPDuringDump.jtr
runtime/cds/appcds/VerifierTest_0.java,Passed. Execution successful,1384,/workspace/work/jtreg/tier12-legacy12/work/runtime/cds/appcds/VerifierTest_0.jtr
runtime/cds/appcds/VerifierTest_1A.java,Passed. Execution successful,3235,/workspace/work/jtreg/tier12-legacy12/work/runtime/cds/appcds/VerifierTest_1A.jtr
runtime/cds/appcds/VerifierTest_1B.java,Passed. Execution successful,3255,/workspace/work/jtreg/tier12-legacy12/work/runtime/cds/appcds/VerifierTest_1B.jtr
runtime/cds/appcds/VerifierTest_2.java,Passed. Execution successful,3333,/workspace/work/jtreg/tier12-legacy12/work/runtime/cds/appcds/VerifierTest_2.jtr
runtime/cds/appcds/VerifyObjArrayCloneTest.java,Passed. Execution successful,1962,/workspace/work/jtreg/tier12-legacy12/work/runtime/cds/appcds/VerifyObjArrayCloneTest.jtr
runtime/cds/appcds/WideIloadTest.java,Passed. Execution successful,1031,/workspace/work/jtreg/tier12-legacy12/work/runtime/cds/appcds/WideIloadTest.jtr
runtime/cds/appcds/WrongClasspath.java,Passed. Execution successful,3092,/workspace/work/jtreg/tier12-legacy12/work/runtime/cds/appcds/WrongClasspath.jtr
runtime/cds/appcds/XShareAutoWithChangedJar.java,Passed. Execution successful,1042,/workspace/work/jtreg/tier12-legacy12/work/runtime/cds/appcds/XShareAutoWithChangedJar.jtr
runtime/cds/ArchiveDoesNotExist.java,Passed. Execution successful,200,/workspace/work/jtreg/tier12-legacy12/work/runtime/cds/ArchiveDoesNotExist.jtr
runtime/cds/BootAppendTests.java,Passed. Execution successful,1872,/workspace/work/jtreg/tier12-legacy12/work/runtime/cds/BootAppendTests.jtr
runtime/cds/CdsDifferentCompactStrings.java,Passed. Execution successful,10677,/workspace/work/jtreg/tier12-legacy12/work/runtime/cds/CdsDifferentCompactStrings.jtr
runtime/cds/CdsDifferentObjectAlignment.java,Passed. Execution successful,1730,/workspace/work/jtreg/tier12-legacy12/work/runtime/cds/CdsDifferentObjectAlignment.jtr
runtime/cds/CdsSameObjectAlignment.java,Passed. Execution successful,3214,/workspace/work/jtreg/tier12-legacy12/work/runtime/cds/CdsSameObjectAlignment.jtr
runtime/cds/CheckSharingWithDefaultArchive.java,Passed. Execution successful,7268,/workspace/work/jtreg/tier12-legacy12/work/runtime/cds/CheckSharingWithDefaultArchive.jtr
runtime/cds/DumpSharedDictionary.java,Passed. Execution successful,1286,/workspace/work/jtreg/tier12-legacy12/work/runtime/cds/DumpSharedDictionary.jtr
runtime/cds/DumpSymbolAndStringTable.java,Passed. Execution successful,5865,/workspace/work/jtreg/tier12-legacy12/work/runtime/cds/DumpSymbolAndStringTable.jtr
runtime/cds/NonBootLoaderClasses.java,Passed. Execution successful,8806,/workspace/work/jtreg/tier12-legacy12/work/runtime/cds/NonBootLoaderClasses.jtr
runtime/cds/PrimitiveClassMirrors.java,Passed. Execution successful,8187,/workspace/work/jtreg/tier12-legacy12/work/runtime/cds/PrimitiveClassMirrors.jtr
runtime/cds/PrintSharedArchiveAndExit.java,Passed. Execution successful,1149,/workspace/work/jtreg/tier12-legacy12/work/runtime/cds/PrintSharedArchiveAndExit.jtr
runtime/cds/PrintSharedArchiveAndExitNoHeap.java,Passed. Execution successful,7458,/workspace/work/jtreg/tier12-legacy12/work/runtime/cds/PrintSharedArchiveAndExitNoHeap.jtr
runtime/cds/ServiceLoaderTest.java,Passed. Execution successful,1344,/workspace/work/jtreg/tier12-legacy12/work/runtime/cds/ServiceLoaderTest.jtr
runtime/cds/SharedArchiveFile.java,Passed. Execution successful,1153,/workspace/work/jtreg/tier12-legacy12/work/runtime/cds/SharedArchiveFile.jtr
runtime/cds/SharedBaseAddress.java#id0,Passed. Execution successful,9979,/workspace/work/jtreg/tier12-legacy12/work/runtime/cds/SharedBaseAddress_id0.jtr
runtime/cds/SharedBaseAddress.java#id1,Passed. Execution successful,10653,/workspace/work/jtreg/tier12-legacy12/work/runtime/cds/SharedBaseAddress_id1.jtr
runtime/cds/SharedBaseAddress.java#id2,Passed. Execution successful,9627,/workspace/work/jtreg/tier12-legacy12/work/runtime/cds/SharedBaseAddress_id2.jtr
runtime/cds/SharedBaseAddress.java#id3,Passed. Execution successful,10426,/workspace/work/jtreg/tier12-legacy12/work/runtime/cds/SharedBaseAddress_id3.jtr
runtime/cds/SharedStringsDedup.java,Passed. Execution successful,891,/workspace/work/jtreg/tier12-legacy12/work/runtime/cds/SharedStringsDedup.jtr
runtime/cds/SharedStringsRunAuto.java,Passed. Execution successful,875,/workspace/work/jtreg/tier12-legacy12/work/runtime/cds/SharedStringsRunAuto.jtr
runtime/cds/SharedSymbolTableBucketSize.java,Passed. Execution successful,7838,/workspace/work/jtreg/tier12-legacy12/work/runtime/cds/SharedSymbolTableBucketSize.jtr
runtime/cds/SpaceUtilizationCheck.java,Passed. Execution successful,13123,/workspace/work/jtreg/tier12-legacy12/work/runtime/cds/SpaceUtilizationCheck.jtr
runtime/cds/StaticWritingError.java,Passed. Execution successful,864,/workspace/work/jtreg/tier12-legacy12/work/runtime/cds/StaticWritingError.jtr
runtime/cds/TestDefaultArchiveLoading.java#coops_coh,Passed. Execution successful,5312,/workspace/work/jtreg/tier12-legacy12/work/runtime/cds/TestDefaultArchiveLoading_coops_coh.jtr
runtime/cds/TestDefaultArchiveLoading.java#coops_fourbyte,Passed. Execution successful,172,/workspace/work/jtreg/tier12-legacy12/work/runtime/cds/TestDefaultArchiveLoading_coops_fourbyte.jtr
runtime/cds/TestDefaultArchiveLoading.java#coops_nocoh,Passed. Execution successful,5382,/workspace/work/jtreg/tier12-legacy12/work/runtime/cds/TestDefaultArchiveLoading_coops_nocoh.jtr
runtime/cds/TestDefaultArchiveLoading.java#nocoops_coh,Passed. Execution successful,4931,/workspace/work/jtreg/tier12-legacy12/work/runtime/cds/TestDefaultArchiveLoading_nocoops_coh.jtr
runtime/cds/TestDefaultArchiveLoading.java#nocoops_fourbyte,Passed. Execution successful,169,/workspace/work/jtreg/tier12-legacy12/work/runtime/cds/TestDefaultArchiveLoading_nocoops_fourbyte.jtr
runtime/cds/TestDefaultArchiveLoading.java#nocoops_nocoh,Passed. Execution successful,4709,/workspace/work/jtreg/tier12-legacy12/work/runtime/cds/TestDefaultArchiveLoading_nocoops_nocoh.jtr
runtime/cds/TestInterpreterMethodEntries.java#id0,Passed. Execution successful,6916,/workspace/work/jtreg/tier12-legacy12/work/runtime/cds/TestInterpreterMethodEntries_id0.jtr
runtime/cds/TestInterpreterMethodEntries.java#id1,Passed. Execution successful,901,/workspace/work/jtreg/tier12-legacy12/work/runtime/cds/TestInterpreterMethodEntries_id1.jtr
runtime/CommandLine/PrintClasses.java#id0,Passed. Execution successful,619,/workspace/work/jtreg/tier12-legacy12/work/runtime/CommandLine/PrintClasses_id0.jtr
runtime/CommandLine/PrintClasses.java#id1,Passed. Execution successful,1238,/workspace/work/jtreg/tier12-legacy12/work/runtime/CommandLine/PrintClasses_id1.jtr
runtime/CommandLine/PrintGCApplicationConcurrentTime.java,Passed. Execution successful,6087,/workspace/work/jtreg/tier12-legacy12/work/runtime/CommandLine/PrintGCApplicationConcurrentTime.jtr
runtime/ConstantPool/BadMethodHandles.java,Passed. Execution successful,288,/workspace/work/jtreg/tier12-legacy12/work/runtime/ConstantPool/BadMethodHandles.jtr
runtime/ConstantPool/ByteFieldInitTest.java,Passed. Execution successful,1840,/workspace/work/jtreg/tier12-legacy12/work/runtime/ConstantPool/ByteFieldInitTest.jtr
runtime/ConstantPool/IntfMethod.java,Passed. Execution successful,34682,/workspace/work/jtreg/tier12-legacy12/work/runtime/ConstantPool/IntfMethod.jtr
runtime/ConstantPool/TestMethodHandleConstant.java,Passed. Execution successful,2314,/workspace/work/jtreg/tier12-legacy12/work/runtime/ConstantPool/TestMethodHandleConstant.jtr
runtime/ErrorHandling/GenOutOfMemoryError.java,Passed. Execution successful,2873,/workspace/work/jtreg/tier12-legacy12/work/runtime/ErrorHandling/GenOutOfMemoryError.jtr
runtime/ErrorHandling/TestGZippedHeapDumpOnOutOfMemoryError.java#id0,Passed. Execution successful,7956,/workspace/work/jtreg/tier12-legacy12/work/runtime/ErrorHandling/TestGZippedHeapDumpOnOutOfMemoryError_id0.jtr
runtime/interpreter/BytecodeTracerTest.java,Passed. Execution successful,7596,/workspace/work/jtreg/tier12-legacy12/work/runtime/interpreter/BytecodeTracerTest.jtr
runtime/interpreter/JsrLoggingTest.java,Passed. Execution successful,2083,/workspace/work/jtreg/tier12-legacy12/work/runtime/interpreter/JsrLoggingTest.jtr
runtime/interpreter/LastJsrTest.java,Passed. Execution successful,2395,/workspace/work/jtreg/tier12-legacy12/work/runtime/interpreter/LastJsrTest.jtr
runtime/interpreter/PopFrameMethodNameInvariantTest.java,Passed. Execution successful,750,/workspace/work/jtreg/tier12-legacy12/work/runtime/interpreter/PopFrameMethodNameInvariantTest.jtr
runtime/logging/DeoptStats.java,Passed. Execution successful,6823,/workspace/work/jtreg/tier12-legacy12/work/runtime/logging/DeoptStats.jtr
runtime/logging/FoldMultilinesTest.java,Passed. Execution successful,447,/workspace/work/jtreg/tier12-legacy12/work/runtime/logging/FoldMultilinesTest.jtr
runtime/logging/RedefineClasses.java,Passed. Execution successful,22834,/workspace/work/jtreg/tier12-legacy12/work/runtime/logging/RedefineClasses.jtr
runtime/logging/TestMethodHandlesVerbose.java,Passed. Execution successful,2380,/workspace/work/jtreg/tier12-legacy12/work/runtime/logging/TestMethodHandlesVerbose.jtr
runtime/memory/MultiAllocateNullCheck.java,Passed. Execution successful,3016,/workspace/work/jtreg/tier12-legacy12/work/runtime/memory/MultiAllocateNullCheck.jtr
runtime/memory/ReadVMPageSize.java,Passed. Execution successful,8168,/workspace/work/jtreg/tier12-legacy12/work/runtime/memory/ReadVMPageSize.jtr
runtime/memory/StressVirtualSpaceResize.java,Passed. Execution successful,8745,/workspace/work/jtreg/tier12-legacy12/work/runtime/memory/StressVirtualSpaceResize.jtr
runtime/Metaspace/DefineClass.java,Passed. Execution successful,1297,/workspace/work/jtreg/tier12-legacy12/work/runtime/Metaspace/DefineClass.jtr
runtime/Metaspace/FragmentMetaspace.java#id0,Passed. Execution successful,18386,/workspace/work/jtreg/tier12-legacy12/work/runtime/Metaspace/FragmentMetaspace_id0.jtr
runtime/Metaspace/FragmentMetaspaceSimple.java,Passed. Execution successful,80337,/workspace/work/jtreg/tier12-legacy12/work/runtime/Metaspace/FragmentMetaspaceSimple.jtr
runtime/Metaspace/PrintMetaspaceDcmd.java,Passed. Execution successful,1261,/workspace/work/jtreg/tier12-legacy12/work/runtime/Metaspace/PrintMetaspaceDcmd.jtr
runtime/MirrorFrame/Test8003720.java,Passed. Execution successful,33843,/workspace/work/jtreg/tier12-legacy12/work/runtime/MirrorFrame/Test8003720.jtr
runtime/modules/AccessCheckAllUnnamed.java,Passed. Execution successful,583,/workspace/work/jtreg/tier12-legacy12/work/runtime/modules/AccessCheckAllUnnamed.jtr
runtime/modules/AccessCheckExp.java,Passed. Execution successful,716,/workspace/work/jtreg/tier12-legacy12/work/runtime/modules/AccessCheckExp.jtr
runtime/modules/AccessCheckJavaBase.java,Passed. Execution successful,598,/workspace/work/jtreg/tier12-legacy12/work/runtime/modules/AccessCheckJavaBase.jtr
runtime/modules/AccessCheckOpen.java,Passed. Execution successful,618,/workspace/work/jtreg/tier12-legacy12/work/runtime/modules/AccessCheckOpen.jtr
runtime/modules/AccessCheckRead.java,Passed. Execution successful,652,/workspace/work/jtreg/tier12-legacy12/work/runtime/modules/AccessCheckRead.jtr
runtime/modules/AccessCheckSuper.java,Passed. Execution successful,613,/workspace/work/jtreg/tier12-legacy12/work/runtime/modules/AccessCheckSuper.jtr
runtime/modules/AccessCheckUnnamed.java,Passed. Execution successful,630,/workspace/work/jtreg/tier12-legacy12/work/runtime/modules/AccessCheckUnnamed.jtr
runtime/modules/AccessCheckWorks.java,Passed. Execution successful,626,/workspace/work/jtreg/tier12-legacy12/work/runtime/modules/AccessCheckWorks.jtr
runtime/modules/AccModuleTest.java,Passed. Execution successful,319,/workspace/work/jtreg/tier12-legacy12/work/runtime/modules/AccModuleTest.jtr
runtime/modules/CCE_module_msg.java,Passed. Execution successful,649,/workspace/work/jtreg/tier12-legacy12/work/runtime/modules/CCE_module_msg.jtr
runtime/modules/ExportTwice.java,Passed. Execution successful,645,/workspace/work/jtreg/tier12-legacy12/work/runtime/modules/ExportTwice.jtr
runtime/modules/JVMAddModuleExports.java,Passed. Execution successful,530,/workspace/work/jtreg/tier12-legacy12/work/runtime/modules/JVMAddModuleExports.jtr
runtime/modules/JVMAddModuleExportsToAll.java,Passed. Execution successful,588,/workspace/work/jtreg/tier12-legacy12/work/runtime/modules/JVMAddModuleExportsToAll.jtr
runtime/modules/JVMAddModuleExportToAllUnnamed.java,Passed. Execution successful,675,/workspace/work/jtreg/tier12-legacy12/work/runtime/modules/JVMAddModuleExportToAllUnnamed.jtr
runtime/modules/JVMAddReadsModule.java,Passed. Execution successful,518,/workspace/work/jtreg/tier12-legacy12/work/runtime/modules/JVMAddReadsModule.jtr
runtime/modules/JVMDefineModule.java,Passed. Execution successful,532,/workspace/work/jtreg/tier12-legacy12/work/runtime/modules/JVMDefineModule.jtr
runtime/modules/LoadUnloadModuleStress.java,Passed. Execution successful,15538,/workspace/work/jtreg/tier12-legacy12/work/runtime/modules/LoadUnloadModuleStress.jtr
runtime/modules/SealedInterfaceModuleTest.java,Passed. Execution successful,9958,/workspace/work/jtreg/tier12-legacy12/work/runtime/modules/SealedInterfaceModuleTest.jtr
runtime/modules/SealedModuleTest.java,Passed. Execution successful,8479,/workspace/work/jtreg/tier12-legacy12/work/runtime/modules/SealedModuleTest.jtr
runtime/Monitor/CompleteExit.java,Passed. Execution successful,2031,/workspace/work/jtreg/tier12-legacy12/work/runtime/Monitor/CompleteExit.jtr
runtime/Monitor/ConcurrentDeflation.java,Passed. Execution successful,19804,/workspace/work/jtreg/tier12-legacy12/work/runtime/Monitor/ConcurrentDeflation.jtr
runtime/Monitor/MonitorUnlinkBatchTest.java#aggressive,Passed. Execution successful,11086,/workspace/work/jtreg/tier12-legacy12/work/runtime/Monitor/MonitorUnlinkBatchTest_aggressive.jtr
runtime/Monitor/MonitorUnlinkBatchTest.java#defaults,Passed. Execution successful,10790,/workspace/work/jtreg/tier12-legacy12/work/runtime/Monitor/MonitorUnlinkBatchTest_defaults.jtr
runtime/Monitor/MonitorUnlinkBatchTest.java#illegal,Passed. Execution successful,182,/workspace/work/jtreg/tier12-legacy12/work/runtime/Monitor/MonitorUnlinkBatchTest_illegal.jtr
runtime/Monitor/MonitorUnlinkBatchTest.java#lazy,Passed. Execution successful,10845,/workspace/work/jtreg/tier12-legacy12/work/runtime/Monitor/MonitorUnlinkBatchTest_lazy.jtr
runtime/Monitor/MonitorUnlinkBatchTest.java#legal,Passed. Execution successful,10834,/workspace/work/jtreg/tier12-legacy12/work/runtime/Monitor/MonitorUnlinkBatchTest_legal.jtr
runtime/Monitor/MonitorWithDeadObjectTest.java#DetachThread,Passed. Execution successful,1152,/workspace/work/jtreg/tier12-legacy12/work/runtime/Monitor/MonitorWithDeadObjectTest_DetachThread.jtr
runtime/Monitor/MonitorWithDeadObjectTest.java#DumpThreadsAfterDetach,Passed. Execution successful,2026,/workspace/work/jtreg/tier12-legacy12/work/runtime/Monitor/MonitorWithDeadObjectTest_DumpThreadsAfterDetach.jtr
runtime/Monitor/MonitorWithDeadObjectTest.java#DumpThreadsBeforeDetach,Passed. Execution successful,1730,/workspace/work/jtreg/tier12-legacy12/work/runtime/Monitor/MonitorWithDeadObjectTest_DumpThreadsBeforeDetach.jtr
runtime/Monitor/NonOwnerOps.java,Passed. Execution successful,1647,/workspace/work/jtreg/tier12-legacy12/work/runtime/Monitor/NonOwnerOps.jtr
runtime/Monitor/UseObjectMonitorTableTest.java#ExtremeDeflation,Passed. Execution successful,6008,/workspace/work/jtreg/tier12-legacy12/work/runtime/Monitor/UseObjectMonitorTableTest_ExtremeDeflation.jtr
runtime/Monitor/UseObjectMonitorTableTest.java#NormalDeflation,Passed. Execution successful,6695,/workspace/work/jtreg/tier12-legacy12/work/runtime/Monitor/UseObjectMonitorTableTest_NormalDeflation.jtr
runtime/NonWriteableProperty.java,Passed. Execution successful,1947,/workspace/work/jtreg/tier12-legacy12/work/runtime/NonWriteableProperty.jtr
runtime/SelectionResolution/AbstractMethodErrorTest.java,Passed. Execution successful,5012,/workspace/work/jtreg/tier12-legacy12/work/runtime/SelectionResolution/AbstractMethodErrorTest.jtr
runtime/SelectionResolution/IllegalAccessErrorTest.java,Passed. Execution successful,3082,/workspace/work/jtreg/tier12-legacy12/work/runtime/SelectionResolution/IllegalAccessErrorTest.jtr
runtime/SelectionResolution/InvokeInterfaceICCE.java,Passed. Execution successful,15836,/workspace/work/jtreg/tier12-legacy12/work/runtime/SelectionResolution/InvokeInterfaceICCE.jtr
runtime/SelectionResolution/InvokeInterfaceSuccessTest.java,Passed. Execution successful,8023,/workspace/work/jtreg/tier12-legacy12/work/runtime/SelectionResolution/InvokeInterfaceSuccessTest.jtr
runtime/SelectionResolution/InvokeSpecialICCE.java,Passed. Execution successful,1470,/workspace/work/jtreg/tier12-legacy12/work/runtime/SelectionResolution/InvokeSpecialICCE.jtr
runtime/SelectionResolution/InvokeSpecialSuccessTest.java,Passed. Execution successful,1102,/workspace/work/jtreg/tier12-legacy12/work/runtime/SelectionResolution/InvokeSpecialSuccessTest.jtr
runtime/SelectionResolution/InvokeStaticICCE.java,Passed. Execution successful,970,/workspace/work/jtreg/tier12-legacy12/work/runtime/SelectionResolution/InvokeStaticICCE.jtr
runtime/SelectionResolution/InvokeStaticSuccessTest.java,Passed. Execution successful,523,/workspace/work/jtreg/tier12-legacy12/work/runtime/SelectionResolution/InvokeStaticSuccessTest.jtr
runtime/SelectionResolution/InvokeVirtualICCE.java,Passed. Execution successful,36225,/workspace/work/jtreg/tier12-legacy12/work/runtime/SelectionResolution/InvokeVirtualICCE.jtr
runtime/SelectionResolution/InvokeVirtualSuccessTest.java,Passed. Execution successful,12956,/workspace/work/jtreg/tier12-legacy12/work/runtime/SelectionResolution/InvokeVirtualSuccessTest.jtr
runtime/SelectionResolution/NoSuchMethodErrorTest.java,Passed. Execution successful,718,/workspace/work/jtreg/tier12-legacy12/work/runtime/SelectionResolution/NoSuchMethodErrorTest.jtr
runtime/Thread/AsyncExceptionOnMonitorEnter.java,Passed. Execution successful,60263,/workspace/work/jtreg/tier12-legacy12/work/runtime/Thread/AsyncExceptionOnMonitorEnter.jtr
runtime/Thread/AsyncExceptionTest.java,Passed. Execution successful,60269,/workspace/work/jtreg/tier12-legacy12/work/runtime/Thread/AsyncExceptionTest.jtr
runtime/Thread/CancellableThreadTest.java,Passed. Execution successful,308,/workspace/work/jtreg/tier12-legacy12/work/runtime/Thread/CancellableThreadTest.jtr
runtime/Thread/InterruptAtExit.java,Passed. Execution successful,30149,/workspace/work/jtreg/tier12-legacy12/work/runtime/Thread/InterruptAtExit.jtr
runtime/Thread/IsInterruptedAtExit.java,Passed. Execution successful,30144,/workspace/work/jtreg/tier12-legacy12/work/runtime/Thread/IsInterruptedAtExit.jtr
runtime/Thread/SetNameAtExit.java,Passed. Execution successful,30150,/workspace/work/jtreg/tier12-legacy12/work/runtime/Thread/SetNameAtExit.jtr
runtime/Thread/SetPriorityAtExit.java,Passed. Execution successful,30145,/workspace/work/jtreg/tier12-legacy12/work/runtime/Thread/SetPriorityAtExit.jtr
runtime/Thread/StopAtExit.java,Passed. Execution successful,30158,/workspace/work/jtreg/tier12-legacy12/work/runtime/Thread/StopAtExit.jtr
runtime/Thread/SuspendAtExit.java,Passed. Execution successful,60248,/workspace/work/jtreg/tier12-legacy12/work/runtime/Thread/SuspendAtExit.jtr
runtime/Thread/TestAlwaysPreTouchStacks.java,Passed. Execution successful,441,/workspace/work/jtreg/tier12-legacy12/work/runtime/Thread/TestAlwaysPreTouchStacks.jtr
runtime/Thread/TestBreakSignalThreadDump.java#default,Passed. Execution successful,1200,/workspace/work/jtreg/tier12-legacy12/work/runtime/Thread/TestBreakSignalThreadDump_default.jtr
runtime/Thread/TestBreakSignalThreadDump.java#with_jsig,Passed. Execution successful,1181,/workspace/work/jtreg/tier12-legacy12/work/runtime/Thread/TestBreakSignalThreadDump_with_jsig.jtr
runtime/Thread/TestThreadDumpClassInitMonitor.java,Passed. Execution successful,535,/workspace/work/jtreg/tier12-legacy12/work/runtime/Thread/TestThreadDumpClassInitMonitor.jtr
runtime/Thread/TestThreadDumpSMRInfo.java,Passed. Execution successful,333,/workspace/work/jtreg/tier12-legacy12/work/runtime/Thread/TestThreadDumpSMRInfo.jtr
runtime/Thread/TestThreadStackSizes.java,Passed. Execution successful,198,/workspace/work/jtreg/tier12-legacy12/work/runtime/Thread/TestThreadStackSizes.jtr
runtime/Thread/ThreadCountLimit.java#id0,Passed. Execution successful,268,/workspace/work/jtreg/tier12-legacy12/work/runtime/Thread/ThreadCountLimit_id0.jtr
runtime/Thread/ThreadObjAccessAtExit.java,Passed. Execution successful,488,/workspace/work/jtreg/tier12-legacy12/work/runtime/Thread/ThreadObjAccessAtExit.jtr
runtime/Thread/ThreadPriorities.java,Passed. Execution successful,435,/workspace/work/jtreg/tier12-legacy12/work/runtime/Thread/ThreadPriorities.jtr
runtime/Unsafe/AllocateInstance.java,Passed. Execution successful,353,/workspace/work/jtreg/tier12-legacy12/work/runtime/Unsafe/AllocateInstance.jtr
runtime/Unsafe/AllocateMemory.java,Passed. Execution successful,177,/workspace/work/jtreg/tier12-legacy12/work/runtime/Unsafe/AllocateMemory.jtr
runtime/Unsafe/CopyMemory.java,Passed. Execution successful,71,/workspace/work/jtreg/tier12-legacy12/work/runtime/Unsafe/CopyMemory.jtr
runtime/Unsafe/DefineClass.java,Passed. Execution successful,437,/workspace/work/jtreg/tier12-legacy12/work/runtime/Unsafe/DefineClass.jtr
runtime/Unsafe/FieldOffset.java,Passed. Execution successful,68,/workspace/work/jtreg/tier12-legacy12/work/runtime/Unsafe/FieldOffset.jtr
runtime/Unsafe/GetField.java,Passed. Execution successful,108,/workspace/work/jtreg/tier12-legacy12/work/runtime/Unsafe/GetField.jtr
runtime/Unsafe/GetPutAddress.java,Passed. Execution successful,117,/workspace/work/jtreg/tier12-legacy12/work/runtime/Unsafe/GetPutAddress.jtr
runtime/Unsafe/GetPutBoolean.java,Passed. Execution successful,115,/workspace/work/jtreg/tier12-legacy12/work/runtime/Unsafe/GetPutBoolean.jtr
runtime/Unsafe/GetPutByte.java,Passed. Execution successful,110,/workspace/work/jtreg/tier12-legacy12/work/runtime/Unsafe/GetPutByte.jtr
runtime/Unsafe/GetPutChar.java,Passed. Execution successful,108,/workspace/work/jtreg/tier12-legacy12/work/runtime/Unsafe/GetPutChar.jtr
runtime/Unsafe/GetPutDouble.java,Passed. Execution successful,107,/workspace/work/jtreg/tier12-legacy12/work/runtime/Unsafe/GetPutDouble.jtr
runtime/Unsafe/GetPutFloat.java,Passed. Execution successful,107,/workspace/work/jtreg/tier12-legacy12/work/runtime/Unsafe/GetPutFloat.jtr
runtime/Unsafe/GetPutInt.java,Passed. Execution successful,108,/workspace/work/jtreg/tier12-legacy12/work/runtime/Unsafe/GetPutInt.jtr
runtime/Unsafe/GetPutLong.java,Passed. Execution successful,109,/workspace/work/jtreg/tier12-legacy12/work/runtime/Unsafe/GetPutLong.jtr
runtime/Unsafe/GetPutObject.java,Passed. Execution successful,106,/workspace/work/jtreg/tier12-legacy12/work/runtime/Unsafe/GetPutObject.jtr
runtime/Unsafe/GetPutShort.java,Passed. Execution successful,112,/workspace/work/jtreg/tier12-legacy12/work/runtime/Unsafe/GetPutShort.jtr
runtime/Unsafe/GetUncompressedObject.java,Passed. Execution successful,107,/workspace/work/jtreg/tier12-legacy12/work/runtime/Unsafe/GetUncompressedObject.jtr
runtime/Unsafe/InternalErrorTest.java,Passed. Execution successful,574,/workspace/work/jtreg/tier12-legacy12/work/runtime/Unsafe/InternalErrorTest.jtr
runtime/Unsafe/PageSize.java,Passed. Execution successful,353,/workspace/work/jtreg/tier12-legacy12/work/runtime/Unsafe/PageSize.jtr
runtime/Unsafe/Reallocate.java,Passed. Execution successful,162,/workspace/work/jtreg/tier12-legacy12/work/runtime/Unsafe/Reallocate.jtr
runtime/Unsafe/SetMemory.java,Passed. Execution successful,69,/workspace/work/jtreg/tier12-legacy12/work/runtime/Unsafe/SetMemory.jtr
runtime/Unsafe/ThrowException.java,Passed. Execution successful,109,/workspace/work/jtreg/tier12-legacy12/work/runtime/Unsafe/ThrowException.jtr
serviceability/dcmd/compiler/CodeCacheTest.java,Passed. Execution successful,1406,/workspace/work/jtreg/tier12-legacy12/work/serviceability/dcmd/compiler/CodeCacheTest.jtr
serviceability/dcmd/compiler/CodelistTest.java,Passed. Execution successful,2122,/workspace/work/jtreg/tier12-legacy12/work/serviceability/dcmd/compiler/CodelistTest.jtr
serviceability/dcmd/compiler/CompilerDirectivesDCMDTest.java,Passed. Execution successful,480,/workspace/work/jtreg/tier12-legacy12/work/serviceability/dcmd/compiler/CompilerDirectivesDCMDTest.jtr
serviceability/dcmd/compiler/CompilerMemoryStatisticTest.java,Passed. Execution successful,455,/workspace/work/jtreg/tier12-legacy12/work/serviceability/dcmd/compiler/CompilerMemoryStatisticTest.jtr
serviceability/dcmd/compiler/CompilerQueueTest.java,Passed. Execution successful,1746,/workspace/work/jtreg/tier12-legacy12/work/serviceability/dcmd/compiler/CompilerQueueTest.jtr
serviceability/dcmd/compiler/PerfMapTest.java,Passed. Execution successful,456,/workspace/work/jtreg/tier12-legacy12/work/serviceability/dcmd/compiler/PerfMapTest.jtr
serviceability/jvmti/GetObjectSizeClass.java,Passed. Execution successful,464,/workspace/work/jtreg/tier12-legacy12/work/serviceability/jvmti/GetObjectSizeClass.jtr
serviceability/jvmti/RedefineClasses/ClassVersionAfterRedefine.java,Passed. Execution successful,445,/workspace/work/jtreg/tier12-legacy12/work/serviceability/jvmti/RedefineClasses/ClassVersionAfterRedefine.jtr
serviceability/jvmti/RedefineClasses/ModifyAnonymous.java,Passed. Execution successful,547,/workspace/work/jtreg/tier12-legacy12/work/serviceability/jvmti/RedefineClasses/ModifyAnonymous.jtr
serviceability/jvmti/RedefineClasses/RedefineAddLambdaExpression.java,Passed. Execution successful,700,/workspace/work/jtreg/tier12-legacy12/work/serviceability/jvmti/RedefineClasses/RedefineAddLambdaExpression.jtr
serviceability/jvmti/RedefineClasses/RedefineAnnotations.java,Passed. Execution successful,280,/workspace/work/jtreg/tier12-legacy12/work/serviceability/jvmti/RedefineClasses/RedefineAnnotations.jtr
serviceability/jvmti/RedefineClasses/RedefineDoubleDelete.java,Passed. Execution successful,675,/workspace/work/jtreg/tier12-legacy12/work/serviceability/jvmti/RedefineClasses/RedefineDoubleDelete.jtr
serviceability/jvmti/RedefineClasses/RedefineFinalizer.java,Passed. Execution successful,648,/workspace/work/jtreg/tier12-legacy12/work/serviceability/jvmti/RedefineClasses/RedefineFinalizer.jtr
serviceability/jvmti/RedefineClasses/RedefineGenericSignatureTest.java,Passed. Execution successful,1354,/workspace/work/jtreg/tier12-legacy12/work/serviceability/jvmti/RedefineClasses/RedefineGenericSignatureTest.jtr
serviceability/jvmti/RedefineClasses/RedefineInterfaceCall.java,Passed. Execution successful,699,/workspace/work/jtreg/tier12-legacy12/work/serviceability/jvmti/RedefineClasses/RedefineInterfaceCall.jtr
serviceability/jvmti/RedefineClasses/RedefineInterfaceMethods.java,Passed. Execution successful,713,/workspace/work/jtreg/tier12-legacy12/work/serviceability/jvmti/RedefineClasses/RedefineInterfaceMethods.jtr
serviceability/jvmti/RedefineClasses/RedefineObject.java,Passed. Execution successful,250,/workspace/work/jtreg/tier12-legacy12/work/serviceability/jvmti/RedefineClasses/RedefineObject.jtr
serviceability/jvmti/RedefineClasses/RedefineRunningMethods.java,Passed. Execution successful,1045,/workspace/work/jtreg/tier12-legacy12/work/serviceability/jvmti/RedefineClasses/RedefineRunningMethods.jtr
serviceability/jvmti/RedefineClasses/RedefineRunningMethodsWithBacktrace.java,Passed. Execution successful,1842,/workspace/work/jtreg/tier12-legacy12/work/serviceability/jvmti/RedefineClasses/RedefineRunningMethodsWithBacktrace.jtr
serviceability/jvmti/RedefineClasses/RedefineRunningMethodsWithResolutionErrors.java,Passed. Execution successful,414,/workspace/work/jtreg/tier12-legacy12/work/serviceability/jvmti/RedefineClasses/RedefineRunningMethodsWithResolutionErrors.jtr
serviceability/jvmti/RedefineClasses/RedefineSubtractLambdaExpression.java,Passed. Execution successful,584,/workspace/work/jtreg/tier12-legacy12/work/serviceability/jvmti/RedefineClasses/RedefineSubtractLambdaExpression.jtr
serviceability/jvmti/RedefineClasses/RedefineVerifyError.java,Passed. Execution successful,529,/workspace/work/jtreg/tier12-legacy12/work/serviceability/jvmti/RedefineClasses/RedefineVerifyError.jtr
serviceability/jvmti/RedefineClasses/TestAddDeleteMethods.java,Passed. Execution successful,1682,/workspace/work/jtreg/tier12-legacy12/work/serviceability/jvmti/RedefineClasses/TestAddDeleteMethods.jtr
serviceability/jvmti/RedefineClasses/TestLambdaFormRetransformation.java,Passed. Execution successful,519,/workspace/work/jtreg/tier12-legacy12/work/serviceability/jvmti/RedefineClasses/TestLambdaFormRetransformation.jtr
serviceability/jvmti/RedefineClasses/TestMultipleClasses.java,Passed. Execution successful,12415,/workspace/work/jtreg/tier12-legacy12/work/serviceability/jvmti/RedefineClasses/TestMultipleClasses.jtr
serviceability/jvmti/RedefineClasses/TestRedefineCondy.java,Passed. Execution successful,660,/workspace/work/jtreg/tier12-legacy12/work/serviceability/jvmti/RedefineClasses/TestRedefineCondy.jtr
serviceability/jvmti/RedefineClasses/TestRedefineObject.java,Passed. Execution successful,981,/workspace/work/jtreg/tier12-legacy12/work/serviceability/jvmti/RedefineClasses/TestRedefineObject.jtr
serviceability/jvmti/RedefineClasses/TestRedefineWithUnresolvedClass.java,Passed. Execution successful,246,/workspace/work/jtreg/tier12-legacy12/work/serviceability/jvmti/RedefineClasses/TestRedefineWithUnresolvedClass.jtr
serviceability/ParserTest.java,Passed. Execution successful,383,/workspace/work/jtreg/tier12-legacy12/work/serviceability/ParserTest.jtr
serviceability/sa/CDSJMapClstats.java,Passed. Execution successful,3045,/workspace/work/jtreg/tier12-legacy12/work/serviceability/sa/CDSJMapClstats.jtr
serviceability/sa/ClhsdbAttach.java,Passed. Execution successful,2303,/workspace/work/jtreg/tier12-legacy12/work/serviceability/sa/ClhsdbAttach.jtr
serviceability/sa/ClhsdbAttachDifferentJVMs.java,Passed. Execution successful,4280,/workspace/work/jtreg/tier12-legacy12/work/serviceability/sa/ClhsdbAttachDifferentJVMs.jtr
serviceability/sa/ClhsdbCDSJstackPrintAll.java,Passed. Execution successful,6514,/workspace/work/jtreg/tier12-legacy12/work/serviceability/sa/ClhsdbCDSJstackPrintAll.jtr
serviceability/sa/ClhsdbClasses.java,Passed. Execution successful,2254,/workspace/work/jtreg/tier12-legacy12/work/serviceability/sa/ClhsdbClasses.jtr
serviceability/sa/ClhsdbDumpclass.java,Passed. Execution successful,2233,/workspace/work/jtreg/tier12-legacy12/work/serviceability/sa/ClhsdbDumpclass.jtr
serviceability/sa/ClhsdbDumpheap.java,Passed. Execution successful,13915,/workspace/work/jtreg/tier12-legacy12/work/serviceability/sa/ClhsdbDumpheap.jtr
serviceability/sa/ClhsdbField.java,Passed. Execution successful,2258,/workspace/work/jtreg/tier12-legacy12/work/serviceability/sa/ClhsdbField.jtr
serviceability/sa/ClhsdbFindPC.java#no-xcomp-process,Passed. Execution successful,5277,/workspace/work/jtreg/tier12-legacy12/work/serviceability/sa/ClhsdbFindPC_no-xcomp-process.jtr
serviceability/sa/ClhsdbFindPC.java#xcomp-process,Passed. Execution successful,6939,/workspace/work/jtreg/tier12-legacy12/work/serviceability/sa/ClhsdbFindPC_xcomp-process.jtr
serviceability/sa/ClhsdbFlags.java,Passed. Execution successful,4274,/workspace/work/jtreg/tier12-legacy12/work/serviceability/sa/ClhsdbFlags.jtr
serviceability/sa/ClhsdbHistory.java,Passed. Execution successful,2301,/workspace/work/jtreg/tier12-legacy12/work/serviceability/sa/ClhsdbHistory.jtr
serviceability/sa/ClhsdbInspect.java,Passed. Execution successful,4464,/workspace/work/jtreg/tier12-legacy12/work/serviceability/sa/ClhsdbInspect.jtr
serviceability/sa/ClhsdbJdis.java,Passed. Execution successful,1250,/workspace/work/jtreg/tier12-legacy12/work/serviceability/sa/ClhsdbJdis.jtr
serviceability/sa/ClhsdbJhisto.java,Passed. Execution successful,2288,/workspace/work/jtreg/tier12-legacy12/work/serviceability/sa/ClhsdbJhisto.jtr
serviceability/sa/ClhsdbJstack.java#id0,Passed. Execution successful,5446,/workspace/work/jtreg/tier12-legacy12/work/serviceability/sa/ClhsdbJstack_id0.jtr
serviceability/sa/ClhsdbJstack.java#id1,Passed. Execution successful,2264,/workspace/work/jtreg/tier12-legacy12/work/serviceability/sa/ClhsdbJstack_id1.jtr
serviceability/sa/ClhsdbJstackWithConcurrentLock.java,Passed. Execution successful,2380,/workspace/work/jtreg/tier12-legacy12/work/serviceability/sa/ClhsdbJstackWithConcurrentLock.jtr
serviceability/sa/ClhsdbJstackXcompStress.java,Passed. Execution successful,12721,/workspace/work/jtreg/tier12-legacy12/work/serviceability/sa/ClhsdbJstackXcompStress.jtr
serviceability/sa/ClhsdbLongConstant.java,Passed. Execution successful,2267,/workspace/work/jtreg/tier12-legacy12/work/serviceability/sa/ClhsdbLongConstant.jtr
serviceability/sa/ClhsdbPmap.java#process,Passed. Execution successful,2287,/workspace/work/jtreg/tier12-legacy12/work/serviceability/sa/ClhsdbPmap_process.jtr
serviceability/sa/ClhsdbPrintAll.java,Passed. Execution successful,5561,/workspace/work/jtreg/tier12-legacy12/work/serviceability/sa/ClhsdbPrintAll.jtr
serviceability/sa/ClhsdbPrintAs.java,Passed. Execution successful,3259,/workspace/work/jtreg/tier12-legacy12/work/serviceability/sa/ClhsdbPrintAs.jtr
serviceability/sa/ClhsdbPrintStatics.java,Passed. Execution successful,2260,/workspace/work/jtreg/tier12-legacy12/work/serviceability/sa/ClhsdbPrintStatics.jtr
serviceability/sa/ClhsdbPstack.java#process,Passed. Execution successful,2274,/workspace/work/jtreg/tier12-legacy12/work/serviceability/sa/ClhsdbPstack_process.jtr
serviceability/sa/ClhsdbScanOops.java#parallel,Passed. Execution successful,3248,/workspace/work/jtreg/tier12-legacy12/work/serviceability/sa/ClhsdbScanOops_parallel.jtr
serviceability/sa/ClhsdbScanOops.java#serial,Passed. Execution successful,3262,/workspace/work/jtreg/tier12-legacy12/work/serviceability/sa/ClhsdbScanOops_serial.jtr
serviceability/sa/ClhsdbSource.java,Passed. Execution successful,2260,/workspace/work/jtreg/tier12-legacy12/work/serviceability/sa/ClhsdbSource.jtr
serviceability/sa/ClhsdbSymbol.java,Passed. Execution successful,2269,/workspace/work/jtreg/tier12-legacy12/work/serviceability/sa/ClhsdbSymbol.jtr
serviceability/sa/ClhsdbTestAllocationMerge.java,Passed. Execution successful,2273,/workspace/work/jtreg/tier12-legacy12/work/serviceability/sa/ClhsdbTestAllocationMerge.jtr
serviceability/sa/ClhsdbThread.java,Passed. Execution successful,2247,/workspace/work/jtreg/tier12-legacy12/work/serviceability/sa/ClhsdbThread.jtr
serviceability/sa/ClhsdbThreadContext.java,Passed. Execution successful,3433,/workspace/work/jtreg/tier12-legacy12/work/serviceability/sa/ClhsdbThreadContext.jtr
serviceability/sa/ClhsdbVmStructsDump.java,Passed. Execution successful,2309,/workspace/work/jtreg/tier12-legacy12/work/serviceability/sa/ClhsdbVmStructsDump.jtr
serviceability/sa/ClhsdbWhere.java,Passed. Execution successful,2267,/workspace/work/jtreg/tier12-legacy12/work/serviceability/sa/ClhsdbWhere.jtr
serviceability/sa/DeadlockDetectionTest.java,Passed. Execution successful,2437,/workspace/work/jtreg/tier12-legacy12/work/serviceability/sa/DeadlockDetectionTest.jtr
serviceability/sa/JhsdbThreadInfoTest.java,Passed. Execution successful,2168,/workspace/work/jtreg/tier12-legacy12/work/serviceability/sa/JhsdbThreadInfoTest.jtr
serviceability/sa/TestClassDump.java,Passed. Execution successful,3395,/workspace/work/jtreg/tier12-legacy12/work/serviceability/sa/TestClassDump.jtr
serviceability/sa/TestClhsdbJstackLock.java,Passed. Execution successful,2387,/workspace/work/jtreg/tier12-legacy12/work/serviceability/sa/TestClhsdbJstackLock.jtr
serviceability/sa/TestCpoolForInvokeDynamic.java,Passed. Execution successful,2283,/workspace/work/jtreg/tier12-legacy12/work/serviceability/sa/TestCpoolForInvokeDynamic.jtr
serviceability/sa/TestDebugInfoDecode.java,Passed. Execution successful,5514,/workspace/work/jtreg/tier12-legacy12/work/serviceability/sa/TestDebugInfoDecode.jtr
serviceability/sa/TestDefaultMethods.java,Passed. Execution successful,2278,/workspace/work/jtreg/tier12-legacy12/work/serviceability/sa/TestDefaultMethods.jtr
serviceability/sa/TestG1HeapRegion.java,Passed. Execution successful,2281,/workspace/work/jtreg/tier12-legacy12/work/serviceability/sa/TestG1HeapRegion.jtr
serviceability/sa/TestHeapDumpForInvokeDynamic.java,Passed. Execution successful,3368,/workspace/work/jtreg/tier12-legacy12/work/serviceability/sa/TestHeapDumpForInvokeDynamic.jtr
serviceability/sa/TestInstanceKlassSize.java,Passed. Execution successful,2517,/workspace/work/jtreg/tier12-legacy12/work/serviceability/sa/TestInstanceKlassSize.jtr
serviceability/sa/TestInstanceKlassSizeForInterface.java,Passed. Execution successful,2526,/workspace/work/jtreg/tier12-legacy12/work/serviceability/sa/TestInstanceKlassSizeForInterface.jtr
serviceability/sa/TestIntConstant.java,Passed. Execution successful,2244,/workspace/work/jtreg/tier12-legacy12/work/serviceability/sa/TestIntConstant.jtr
serviceability/sa/TestJhsdbJstackLock.java,Passed. Execution successful,2652,/workspace/work/jtreg/tier12-legacy12/work/serviceability/sa/TestJhsdbJstackLock.jtr
serviceability/sa/TestJhsdbJstackMixed.java,Passed. Execution successful,2575,/workspace/work/jtreg/tier12-legacy12/work/serviceability/sa/TestJhsdbJstackMixed.jtr
serviceability/sa/TestJhsdbJstackMixedCore.java,Passed. Skipped: jtreg.SkippedException: Signal trampoline (__restore_rt) not found in libc.,212,/workspace/work/jtreg/tier12-legacy12/work/serviceability/sa/TestJhsdbJstackMixedCore.jtr
serviceability/sa/TestJhsdbJstackMixedWithVDSOCallCore.java,Passed. Skipped: jtreg.SkippedException: vDSO debuginfo not found (/lib/modules/6.18.44/vdso/vdso64.so),110,/workspace/work/jtreg/tier12-legacy12/work/serviceability/sa/TestJhsdbJstackMixedWithVDSOCallCore.jtr
serviceability/sa/TestJhsdbJstackMixedWithXComp.java#xcomp,Passed. Execution successful,9951,/workspace/work/jtreg/tier12-legacy12/work/serviceability/sa/TestJhsdbJstackMixedWithXComp_xcomp.jtr
serviceability/sa/TestJhsdbJstackMixedWithXComp.java#xcomp-disable-tiered-compilation,Passed. Execution successful,8573,/workspace/work/jtreg/tier12-legacy12/work/serviceability/sa/TestJhsdbJstackMixedWithXComp_xcomp-disable-tiered-compilation.jtr
serviceability/sa/TestJhsdbJstackMixedWithXComp.java#xcomp-preserve-frame-pointer,Passed. Execution successful,8867,/workspace/work/jtreg/tier12-legacy12/work/serviceability/sa/TestJhsdbJstackMixedWithXComp_xcomp-preserve-frame-pointer.jtr
serviceability/sa/TestJhsdbJstackPrintVMLocks.java,Passed. Execution successful,1941,/workspace/work/jtreg/tier12-legacy12/work/serviceability/sa/TestJhsdbJstackPrintVMLocks.jtr
serviceability/sa/TestJhsdbJstackUpcall.java,Passed. Execution successful,2240,/workspace/work/jtreg/tier12-legacy12/work/serviceability/sa/TestJhsdbJstackUpcall.jtr
serviceability/sa/TestJhsdbJstackWithVirtualThread.java,Passed. Execution successful,2590,/workspace/work/jtreg/tier12-legacy12/work/serviceability/sa/TestJhsdbJstackWithVirtualThread.jtr
serviceability/sa/TestObjectAlignment.java,Passed. Execution successful,12783,/workspace/work/jtreg/tier12-legacy12/work/serviceability/sa/TestObjectAlignment.jtr
serviceability/sa/TestObjectMonitorIterate.java,Passed. Execution successful,2373,/workspace/work/jtreg/tier12-legacy12/work/serviceability/sa/TestObjectMonitorIterate.jtr
serviceability/sa/TestSysProps.java,Passed. Execution successful,2238,/workspace/work/jtreg/tier12-legacy12/work/serviceability/sa/TestSysProps.jtr
serviceability/sa/TestType.java,Passed. Execution successful,2299,/workspace/work/jtreg/tier12-legacy12/work/serviceability/sa/TestType.jtr
serviceability/sa/TestUniverse.java,Passed. Execution successful,2469,/workspace/work/jtreg/tier12-legacy12/work/serviceability/sa/TestUniverse.jtr
serviceability/sa/UniqueVtableTest.java,Passed. Execution successful,1287,/workspace/work/jtreg/tier12-legacy12/work/serviceability/sa/UniqueVtableTest.jtr
compiler/allocation/TestAllocArrayAfterAllocNoUse.java,Passed. Execution successful,184,/workspace/work/jtreg/tier12-legacy12/work/compiler/allocation/TestAllocArrayAfterAllocNoUse.jtr
compiler/allocation/TestAllocation.java,Passed. Execution successful,391,/workspace/work/jtreg/tier12-legacy12/work/compiler/allocation/TestAllocation.jtr
compiler/allocation/TestCCPAllocateArray.java,Passed. Execution successful,232,/workspace/work/jtreg/tier12-legacy12/work/compiler/allocation/TestCCPAllocateArray.jtr
compiler/allocation/TestFailedAllocationBadGraph.java,Passed. Execution successful,438,/workspace/work/jtreg/tier12-legacy12/work/compiler/allocation/TestFailedAllocationBadGraph.jtr
compiler/allocation/TestNewArrayBadSize.java,Passed. Execution successful,269,/workspace/work/jtreg/tier12-legacy12/work/compiler/allocation/TestNewArrayBadSize.jtr
compiler/allocation/TestNewArrayOutsideLoopValidLengthTestInLoop.java,Passed. Execution successful,229,/workspace/work/jtreg/tier12-legacy12/work/compiler/allocation/TestNewArrayOutsideLoopValidLengthTestInLoop.jtr
compiler/allocation/TestNewMaxLengthArray.java,Passed. Execution successful,183,/workspace/work/jtreg/tier12-legacy12/work/compiler/allocation/TestNewMaxLengthArray.jtr
compiler/arguments/TestCompileThresholdScaling.java,Passed. Execution successful,260,/workspace/work/jtreg/tier12-legacy12/work/compiler/arguments/TestCompileThresholdScaling.jtr
compiler/arguments/TestLogJIT.java,Passed. Execution successful,108,/workspace/work/jtreg/tier12-legacy12/work/compiler/arguments/TestLogJIT.jtr
compiler/arguments/TestManyParameters.java,Passed. Execution successful,170,/workspace/work/jtreg/tier12-legacy12/work/compiler/arguments/TestManyParameters.jtr
compiler/arguments/TestMaxMethodArguments.java#id0,Passed. Execution successful,426,/workspace/work/jtreg/tier12-legacy12/work/compiler/arguments/TestMaxMethodArguments_id0.jtr
compiler/arguments/TestMaxMethodArguments.java#id1,Passed. Execution successful,669,/workspace/work/jtreg/tier12-legacy12/work/compiler/arguments/TestMaxMethodArguments_id1.jtr
compiler/arguments/TestMethodArguments.java,Passed. Execution successful,39941,/workspace/work/jtreg/tier12-legacy12/work/compiler/arguments/TestMethodArguments.jtr
compiler/arguments/TestScavengeRootsInCode.java,Passed. Execution successful,4561,/workspace/work/jtreg/tier12-legacy12/work/compiler/arguments/TestScavengeRootsInCode.jtr
compiler/arguments/TestSpecTrapLimitExtraEntries.java,Passed. Execution successful,225,/workspace/work/jtreg/tier12-legacy12/work/compiler/arguments/TestSpecTrapLimitExtraEntries.jtr
compiler/arguments/TestStressOptions.java,Passed. Execution successful,1453,/workspace/work/jtreg/tier12-legacy12/work/compiler/arguments/TestStressOptions.jtr
compiler/arguments/TestStressReflectiveCode.java,Passed. Execution successful,5996,/workspace/work/jtreg/tier12-legacy12/work/compiler/arguments/TestStressReflectiveCode.jtr
compiler/arguments/TestTraceICs.java,Passed. Execution successful,131,/workspace/work/jtreg/tier12-legacy12/work/compiler/arguments/TestTraceICs.jtr
compiler/arguments/TestTraceTypeProfile.java,Passed. Execution successful,133,/workspace/work/jtreg/tier12-legacy12/work/compiler/arguments/TestTraceTypeProfile.jtr
compiler/arguments/TestUseCompiler.java,Passed. Execution successful,259,/workspace/work/jtreg/tier12-legacy12/work/compiler/arguments/TestUseCompiler.jtr
compiler/blackhole/DeadBhElimination.java,Passed. Execution successful,836,/workspace/work/jtreg/tier12-legacy12/work/compiler/blackhole/DeadBhElimination.jtr
compiler/c1/ArithmeticRemRCE.java,Passed. Execution successful,302,/workspace/work/jtreg/tier12-legacy12/work/compiler/c1/ArithmeticRemRCE.jtr
compiler/c1/CanonicalizeArrayLength.java,Passed. Execution successful,2223,/workspace/work/jtreg/tier12-legacy12/work/compiler/c1/CanonicalizeArrayLength.jtr
compiler/c1/CanonicalizeGetModifiers.java#id0,Passed. Execution successful,230,/workspace/work/jtreg/tier12-legacy12/work/compiler/c1/CanonicalizeGetModifiers_id0.jtr
compiler/c1/CanonicalizeGetModifiers.java#id1,Passed. Execution successful,204,/workspace/work/jtreg/tier12-legacy12/work/compiler/c1/CanonicalizeGetModifiers_id1.jtr
compiler/c1/CanonicalizeGetModifiers.java#id2,Passed. Execution successful,273,/workspace/work/jtreg/tier12-legacy12/work/compiler/c1/CanonicalizeGetModifiers_id2.jtr
compiler/c1/CCEMessageTest.java,Passed. Execution successful,881,/workspace/work/jtreg/tier12-legacy12/work/compiler/c1/CCEMessageTest.jtr
compiler/c1/KlassAccessCheckTest.java,Passed. Execution successful,218,/workspace/work/jtreg/tier12-legacy12/work/compiler/c1/KlassAccessCheckTest.jtr
compiler/c1/MultiplyByMaxInt.java,Passed. Execution successful,402,/workspace/work/jtreg/tier12-legacy12/work/compiler/c1/MultiplyByMaxInt.jtr
compiler/c1/NullCheckTest.java,Passed. Execution successful,165,/workspace/work/jtreg/tier12-legacy12/work/compiler/c1/NullCheckTest.jtr
compiler/c1/RangeCheckVerificationOfIR.java,Passed. Execution successful,234,/workspace/work/jtreg/tier12-legacy12/work/compiler/c1/RangeCheckVerificationOfIR.jtr
compiler/c1/StrengthReduceCheck.java,Passed. Execution successful,748,/workspace/work/jtreg/tier12-legacy12/work/compiler/c1/StrengthReduceCheck.jtr
compiler/c1/Test6579789.java,Passed. Execution successful,173,/workspace/work/jtreg/tier12-legacy12/work/compiler/c1/Test6579789.jtr
compiler/c1/Test6756768_2.java,Passed. Execution successful,6358,/workspace/work/jtreg/tier12-legacy12/work/compiler/c1/Test6756768_2.jtr
compiler/c1/Test6756768.java,Passed. Execution successful,6092,/workspace/work/jtreg/tier12-legacy12/work/compiler/c1/Test6756768.jtr
compiler/c1/Test6757316.java,Passed. Execution successful,6075,/workspace/work/jtreg/tier12-legacy12/work/compiler/c1/Test6757316.jtr
compiler/c1/Test6758234.java,Passed. Execution successful,168,/workspace/work/jtreg/tier12-legacy12/work/compiler/c1/Test6758234.jtr
compiler/c1/Test6795465.java,Passed. Execution successful,334,/workspace/work/jtreg/tier12-legacy12/work/compiler/c1/Test6795465.jtr
compiler/c1/Test6849574.java,Passed. Execution successful,256,/workspace/work/jtreg/tier12-legacy12/work/compiler/c1/Test6849574.jtr
compiler/c1/Test6855215.java,Passed. Execution successful,228,/workspace/work/jtreg/tier12-legacy12/work/compiler/c1/Test6855215.jtr
compiler/c1/Test6932496.java,Passed. Execution successful,337,/workspace/work/jtreg/tier12-legacy12/work/compiler/c1/Test6932496.jtr
compiler/c1/Test7042153.java,Passed. Execution successful,6025,/workspace/work/jtreg/tier12-legacy12/work/compiler/c1/Test7042153.jtr
compiler/c1/Test7090976.java,Passed. Execution successful,220,/workspace/work/jtreg/tier12-legacy12/work/compiler/c1/Test7090976.jtr
compiler/c1/Test7103261.java,Passed. Execution successful,77,/workspace/work/jtreg/tier12-legacy12/work/compiler/c1/Test7103261.jtr
compiler/c1/Test7123108.java,Passed. Execution successful,6141,/workspace/work/jtreg/tier12-legacy12/work/compiler/c1/Test7123108.jtr
compiler/c1/Test8004051.java,Passed. Execution successful,6627,/workspace/work/jtreg/tier12-legacy12/work/compiler/c1/Test8004051.jtr
compiler/c1/Test8011706.java,Passed. Execution successful,226,/workspace/work/jtreg/tier12-legacy12/work/compiler/c1/Test8011706.jtr
compiler/c1/Test8011771.java,Passed. Execution successful,248,/workspace/work/jtreg/tier12-legacy12/work/compiler/c1/Test8011771.jtr
compiler/c1/Test8172751.java,Passed. Execution successful,253,/workspace/work/jtreg/tier12-legacy12/work/compiler/c1/Test8172751.jtr
compiler/c1/Test8211100.java,Passed. Execution successful,172,/workspace/work/jtreg/tier12-legacy12/work/compiler/c1/Test8211100.jtr
compiler/c1/Test8267042.java,Passed. Execution successful,346,/workspace/work/jtreg/tier12-legacy12/work/compiler/c1/Test8267042.jtr
compiler/c1/Test8275337.java,Passed. Execution successful,803,/workspace/work/jtreg/tier12-legacy12/work/compiler/c1/Test8275337.jtr
compiler/c1/Test8301489.java,Passed. Execution successful,167,/workspace/work/jtreg/tier12-legacy12/work/compiler/c1/Test8301489.jtr
compiler/c1/TestArrayCopy.java,Passed. Execution successful,128,/workspace/work/jtreg/tier12-legacy12/work/compiler/c1/TestArrayCopy.jtr
compiler/c1/TestArrayCopyToFromObject.java,Passed. Execution successful,166,/workspace/work/jtreg/tier12-legacy12/work/compiler/c1/TestArrayCopyToFromObject.jtr
compiler/c1/TestBadStateAtLongCmp.java,Passed. Execution successful,251,/workspace/work/jtreg/tier12-legacy12/work/compiler/c1/TestBadStateAtLongCmp.jtr
compiler/c1/TestC1PhiPlacementPathologyMain.java,Passed. Execution successful,207,/workspace/work/jtreg/tier12-legacy12/work/compiler/c1/TestC1PhiPlacementPathologyMain.jtr
compiler/c1/TestCheckIndexC1Intrinsic.java,Passed. Execution successful,910,/workspace/work/jtreg/tier12-legacy12/work/compiler/c1/TestCheckIndexC1Intrinsic.jtr
compiler/c1/TestCITimeCountLinearScan.java,Passed. Execution successful,218,/workspace/work/jtreg/tier12-legacy12/work/compiler/c1/TestCITimeCountLinearScan.jtr
compiler/c1/TestClassConstantPatching.java,Passed. Execution successful,201,/workspace/work/jtreg/tier12-legacy12/work/compiler/c1/TestClassConstantPatching.jtr
compiler/c1/TestConcurrentPatching.java,Passed. Execution successful,7363,/workspace/work/jtreg/tier12-legacy12/work/compiler/c1/TestConcurrentPatching.jtr
compiler/c1/TestDeoptInt.java,Passed. Execution successful,171,/workspace/work/jtreg/tier12-legacy12/work/compiler/c1/TestDeoptInt.jtr
compiler/c1/TestGotoIfMain.java,Passed. Execution successful,167,/workspace/work/jtreg/tier12-legacy12/work/compiler/c1/TestGotoIfMain.jtr
compiler/c1/TestInvokeinterfaceWithBadReceiver.java,Passed. Execution successful,180,/workspace/work/jtreg/tier12-legacy12/work/compiler/c1/TestInvokeinterfaceWithBadReceiver.jtr
compiler/c1/TestLargeMonitorOffset.java,Passed. Execution successful,170,/workspace/work/jtreg/tier12-legacy12/work/compiler/c1/TestLargeMonitorOffset.jtr
compiler/c1/TestLinearScanHasFPURegisters.java,Passed. Execution successful,182,/workspace/work/jtreg/tier12-legacy12/work/compiler/c1/TestLinearScanHasFPURegisters.jtr
compiler/c1/TestLinearScanOrderMain.java,Passed. Execution successful,417,/workspace/work/jtreg/tier12-legacy12/work/compiler/c1/TestLinearScanOrderMain.jtr
compiler/c1/TestLoadIndexedMismatch.java,Passed. Execution successful,376,/workspace/work/jtreg/tier12-legacy12/work/compiler/c1/TestLoadIndexedMismatch.jtr
compiler/c1/TestManyMethodParameters.java,Passed. Execution successful,237,/workspace/work/jtreg/tier12-legacy12/work/compiler/c1/TestManyMethodParameters.jtr
compiler/c1/TestNullArrayClone.java,Passed. Execution successful,334,/workspace/work/jtreg/tier12-legacy12/work/compiler/c1/TestNullArrayClone.jtr
compiler/c1/TestOSRLotsOfLocals.java,Passed. Execution successful,621,/workspace/work/jtreg/tier12-legacy12/work/compiler/c1/TestOSRLotsOfLocals.jtr
compiler/c1/TestPinnedConstantExceptionEdge.java,Passed. Execution successful,131,/workspace/work/jtreg/tier12-legacy12/work/compiler/c1/TestPinnedConstantExceptionEdge.jtr
compiler/c1/TestPinnedIntrinsics.java,Passed. Execution successful,191,/workspace/work/jtreg/tier12-legacy12/work/compiler/c1/TestPinnedIntrinsics.jtr
compiler/c1/TestStaticInitializerSideEffect.java,Passed. Execution successful,166,/workspace/work/jtreg/tier12-legacy12/work/compiler/c1/TestStaticInitializerSideEffect.jtr
compiler/c1/TestStaticInterfaceMethodCall.java,Passed. Execution successful,200,/workspace/work/jtreg/tier12-legacy12/work/compiler/c1/TestStaticInterfaceMethodCall.jtr
compiler/c1/TestTooManyVirtualRegistersMain.java,Passed. Execution successful,3115,/workspace/work/jtreg/tier12-legacy12/work/compiler/c1/TestTooManyVirtualRegistersMain.jtr
compiler/c1/TestUnalignedLoad.java,Passed. Execution successful,312,/workspace/work/jtreg/tier12-legacy12/work/compiler/c1/TestUnalignedLoad.jtr
compiler/c1/TestUnresolvedFieldMain.java,Passed. Execution successful,162,/workspace/work/jtreg/tier12-legacy12/work/compiler/c1/TestUnresolvedFieldMain.jtr
compiler/c1/TestValueNumberingNullObject.java,Passed. Execution successful,170,/workspace/work/jtreg/tier12-legacy12/work/compiler/c1/TestValueNumberingNullObject.jtr
compiler/c1/UnsafeVolatileGuardTest.java,Passed. Execution successful,158,/workspace/work/jtreg/tier12-legacy12/work/compiler/c1/UnsafeVolatileGuardTest.jtr
compiler/c1/VolatileGuardTest.java,Passed. Execution successful,147,/workspace/work/jtreg/tier12-legacy12/work/compiler/c1/VolatileGuardTest.jtr
compiler/c2/aarch64/ConvI2LWideningAssertTooStrong.java,Passed. Execution successful,180,/workspace/work/jtreg/tier12-legacy12/work/compiler/c2/aarch64/ConvI2LWideningAssertTooStrong.jtr
compiler/c2/aarch64/TestFloat16Replicate.java,Passed. Execution successful,2536,/workspace/work/jtreg/tier12-legacy12/work/compiler/c2/aarch64/TestFloat16Replicate.jtr
compiler/c2/aarch64/TestIntrinsicsRegStress.java,Passed. Execution successful,1755,/workspace/work/jtreg/tier12-legacy12/work/compiler/c2/aarch64/TestIntrinsicsRegStress.jtr
compiler/c2/cmove/TestConditionalMove.java,Passed. Execution successful,10437,/workspace/work/jtreg/tier12-legacy12/work/compiler/c2/cmove/TestConditionalMove.jtr
compiler/c2/cmove/TestScalarConditionalMoveCmpObj.java,Passed. Execution successful,1917,/workspace/work/jtreg/tier12-legacy12/work/compiler/c2/cmove/TestScalarConditionalMoveCmpObj.jtr
compiler/c2/cr6646020/Tester.java,Passed. Execution successful,341,/workspace/work/jtreg/tier12-legacy12/work/compiler/c2/cr6646020/Tester.jtr
compiler/c2/cr6663848/Tester.java,Passed. Execution successful,251,/workspace/work/jtreg/tier12-legacy12/work/compiler/c2/cr6663848/Tester.jtr
compiler/c2/cr6663854/Test6663854.java,Passed. Execution successful,6319,/workspace/work/jtreg/tier12-legacy12/work/compiler/c2/cr6663854/Test6663854.jtr
compiler/c2/cr6711117/Test.java,Passed. Execution successful,6485,/workspace/work/jtreg/tier12-legacy12/work/compiler/c2/cr6711117/Test.jtr
compiler/c2/cr6712835/Test6712835.java,Passed. Execution successful,6657,/workspace/work/jtreg/tier12-legacy12/work/compiler/c2/cr6712835/Test6712835.jtr
compiler/c2/cr6714694/Tester.java,Passed. Execution successful,6764,/workspace/work/jtreg/tier12-legacy12/work/compiler/c2/cr6714694/Tester.jtr
compiler/c2/cr6865031/Test.java,Passed. Execution successful,2208,/workspace/work/jtreg/tier12-legacy12/work/compiler/c2/cr6865031/Test.jtr
compiler/c2/cr7192963/TestByteVect.java,Passed. Execution successful,406,/workspace/work/jtreg/tier12-legacy12/work/compiler/c2/cr7192963/TestByteVect.jtr
compiler/c2/cr7192963/TestDoubleVect.java,Passed. Execution successful,404,/workspace/work/jtreg/tier12-legacy12/work/compiler/c2/cr7192963/TestDoubleVect.jtr
compiler/c2/cr7192963/TestFloatVect.java,Passed. Execution successful,415,/workspace/work/jtreg/tier12-legacy12/work/compiler/c2/cr7192963/TestFloatVect.jtr
compiler/c2/cr7192963/TestIntVect.java,Passed. Execution successful,383,/workspace/work/jtreg/tier12-legacy12/work/compiler/c2/cr7192963/TestIntVect.jtr
compiler/c2/cr7192963/TestLongVect.java,Passed. Execution successful,354,/workspace/work/jtreg/tier12-legacy12/work/compiler/c2/cr7192963/TestLongVect.jtr
compiler/c2/cr7192963/TestShortVect.java,Passed. Execution successful,383,/workspace/work/jtreg/tier12-legacy12/work/compiler/c2/cr7192963/TestShortVect.jtr
compiler/c2/cr7200264/TestIntVect.java,Passed. Execution successful,1685,/workspace/work/jtreg/tier12-legacy12/work/compiler/c2/cr7200264/TestIntVect.jtr
compiler/c2/gvn/CmpUNodeValueTests.java,Passed. Execution successful,1194,/workspace/work/jtreg/tier12-legacy12/work/compiler/c2/gvn/CmpUNodeValueTests.jtr
compiler/c2/gvn/DoubleLShiftCrashDuringIGVN.java,Passed. Execution successful,129,/workspace/work/jtreg/tier12-legacy12/work/compiler/c2/gvn/DoubleLShiftCrashDuringIGVN.jtr
compiler/c2/gvn/MissedOptCastII.java#id0,Passed. Execution successful,174,/workspace/work/jtreg/tier12-legacy12/work/compiler/c2/gvn/MissedOptCastII_id0.jtr
compiler/c2/gvn/MissedOptCastII.java#id1,Passed. Execution successful,142,/workspace/work/jtreg/tier12-legacy12/work/compiler/c2/gvn/MissedOptCastII_id1.jtr
compiler/c2/gvn/MissedOptWithShiftConvAnd.java#id0,Passed. Execution successful,172,/workspace/work/jtreg/tier12-legacy12/work/compiler/c2/gvn/MissedOptWithShiftConvAnd_id0.jtr
compiler/c2/gvn/MissedOptWithShiftConvAnd.java#id1,Passed. Execution successful,140,/workspace/work/jtreg/tier12-legacy12/work/compiler/c2/gvn/MissedOptWithShiftConvAnd_id1.jtr
compiler/c2/gvn/MissedOptWithShiftConvCastAnd.java#id0,Passed. Execution successful,2263,/workspace/work/jtreg/tier12-legacy12/work/compiler/c2/gvn/MissedOptWithShiftConvCastAnd_id0.jtr
compiler/c2/gvn/MissedOptWithShiftConvCastAnd.java#id1,Passed. Execution successful,2185,/workspace/work/jtreg/tier12-legacy12/work/compiler/c2/gvn/MissedOptWithShiftConvCastAnd_id1.jtr
compiler/c2/gvn/MissedRShiftLShiftIdentity.java,Passed. Execution successful,417,/workspace/work/jtreg/tier12-legacy12/work/compiler/c2/gvn/MissedRShiftLShiftIdentity.jtr
compiler/c2/gvn/MissedURShiftIAddILShiftIdeal.java,Passed. Execution successful,1081,/workspace/work/jtreg/tier12-legacy12/work/compiler/c2/gvn/MissedURShiftIAddILShiftIdeal.jtr
compiler/c2/gvn/MissedURShiftLShiftIdeal.java,Passed. Execution successful,397,/workspace/work/jtreg/tier12-legacy12/work/compiler/c2/gvn/MissedURShiftLShiftIdeal.jtr
compiler/c2/gvn/ModINodeValueTests.java,Passed. Execution successful,1121,/workspace/work/jtreg/tier12-legacy12/work/compiler/c2/gvn/ModINodeValueTests.jtr
compiler/c2/gvn/ModLNodeValueTests.java,Passed. Execution successful,816,/workspace/work/jtreg/tier12-legacy12/work/compiler/c2/gvn/ModLNodeValueTests.jtr
compiler/c2/gvn/ReverseBytesConstantsTests.java,Passed. Execution successful,830,/workspace/work/jtreg/tier12-legacy12/work/compiler/c2/gvn/ReverseBytesConstantsTests.jtr
compiler/c2/gvn/TestBitCompressValueTransform.java,Passed. Execution successful,1461,/workspace/work/jtreg/tier12-legacy12/work/compiler/c2/gvn/TestBitCompressValueTransform.jtr
compiler/c2/gvn/TestBoolNodeGVN.java,Passed. Execution successful,851,/workspace/work/jtreg/tier12-legacy12/work/compiler/c2/gvn/TestBoolNodeGVN.jtr
compiler/c2/gvn/TestCollapsingSameTermAdditions.java,Passed. Execution successful,1032,/workspace/work/jtreg/tier12-legacy12/work/compiler/c2/gvn/TestCollapsingSameTermAdditions.jtr
compiler/c2/gvn/TestCompressExpandTopInput.java,Passed. Execution successful,6791,/workspace/work/jtreg/tier12-legacy12/work/compiler/c2/gvn/TestCompressExpandTopInput.jtr
compiler/c2/gvn/TestCountBitsRange.java,Passed. Execution successful,840,/workspace/work/jtreg/tier12-legacy12/work/compiler/c2/gvn/TestCountBitsRange.jtr
compiler/c2/gvn/TestFindStore.java,Passed. Execution successful,785,/workspace/work/jtreg/tier12-legacy12/work/compiler/c2/gvn/TestFindStore.jtr
compiler/c2/igvn/TestDeepIGVNRevisit.java,Passed. Execution successful,1594,/workspace/work/jtreg/tier12-legacy12/work/compiler/c2/igvn/TestDeepIGVNRevisit.jtr
compiler/c2/igvn/TestIdealReturnReplaceShiftAmount.java,Passed. Execution successful,454,/workspace/work/jtreg/tier12-legacy12/work/compiler/c2/igvn/TestIdealReturnReplaceShiftAmount.jtr
compiler/c2/igvn/TestMissingAddSubElimination.java,Passed. Execution successful,856,/workspace/work/jtreg/tier12-legacy12/work/compiler/c2/igvn/TestMissingAddSubElimination.jtr
compiler/c2/igvn/TestMissingOptMemBarRemovePrecedentEdge.java,Passed. Execution successful,626,/workspace/work/jtreg/tier12-legacy12/work/compiler/c2/igvn/TestMissingOptMemBarRemovePrecedentEdge.jtr
compiler/c2/igvn/TestMissingOptReplaceShiftAmount.java,Passed. Execution successful,288,/workspace/work/jtreg/tier12-legacy12/work/compiler/c2/igvn/TestMissingOptReplaceShiftAmount.jtr
compiler/c2/igvn/TestModIdealCreatesUselessNode.java,Passed. Execution successful,226,/workspace/work/jtreg/tier12-legacy12/work/compiler/c2/igvn/TestModIdealCreatesUselessNode.jtr
compiler/c2/igvn/TestURShiftAddNotification.java,Passed. Execution successful,986,/workspace/work/jtreg/tier12-legacy12/work/compiler/c2/igvn/TestURShiftAddNotification.jtr
compiler/c2/irTests/blackhole/BlackholeHotInlineTest.java,Passed. Execution successful,2133,/workspace/work/jtreg/tier12-legacy12/work/compiler/c2/irTests/blackhole/BlackholeHotInlineTest.jtr
compiler/c2/irTests/blackhole/BlackholeLoadOptoTest.java,Passed. Execution successful,2159,/workspace/work/jtreg/tier12-legacy12/work/compiler/c2/irTests/blackhole/BlackholeLoadOptoTest.jtr
compiler/c2/irTests/blackhole/BlackholeStoreStoreEATest.java,Passed. Execution successful,692,/workspace/work/jtreg/tier12-legacy12/work/compiler/c2/irTests/blackhole/BlackholeStoreStoreEATest.jtr
compiler/c2/irTests/blackhole/BlackholeSyncEATest.java,Passed. Execution successful,668,/workspace/work/jtreg/tier12-legacy12/work/compiler/c2/irTests/blackhole/BlackholeSyncEATest.jtr
compiler/c2/irTests/gc/ReferenceClearTests.java,Passed. Execution successful,2185,/workspace/work/jtreg/tier12-legacy12/work/compiler/c2/irTests/gc/ReferenceClearTests.jtr
compiler/c2/irTests/gc/ReferenceRefersToTests.java,Passed. Execution successful,2267,/workspace/work/jtreg/tier12-legacy12/work/compiler/c2/irTests/gc/ReferenceRefersToTests.jtr
compiler/c2/irTests/igvn/TestCombineAddPWithConstantOffsets.java,Passed. Execution successful,661,/workspace/work/jtreg/tier12-legacy12/work/compiler/c2/irTests/igvn/TestCombineAddPWithConstantOffsets.jtr
compiler/c2/irTests/igvn/TestIntegerMulRing.java,Passed. Execution successful,810,/workspace/work/jtreg/tier12-legacy12/work/compiler/c2/irTests/igvn/TestIntegerMulRing.jtr
compiler/c2/irTests/igvn/TestLoadNIdeal.java,Passed. Execution successful,657,/workspace/work/jtreg/tier12-legacy12/work/compiler/c2/irTests/igvn/TestLoadNIdeal.jtr
compiler/c2/irTests/loopOpts/LoopIdealizationTests.java,Passed. Execution successful,739,/workspace/work/jtreg/tier12-legacy12/work/compiler/c2/irTests/loopOpts/LoopIdealizationTests.jtr
compiler/c2/irTests/scalarReplacement/ScalarReplacementTests.java,Passed. Execution successful,794,/workspace/work/jtreg/tier12-legacy12/work/compiler/c2/irTests/scalarReplacement/ScalarReplacementTests.jtr
compiler/c2/irTests/scalarReplacement/ScalarReplacementWithGCBarrierTests.java,Passed. Execution successful,3071,/workspace/work/jtreg/tier12-legacy12/work/compiler/c2/irTests/scalarReplacement/ScalarReplacementWithGCBarrierTests.jtr
compiler/c2/irTests/stable/StablePrimArrayTest.java,Passed. Execution successful,2183,/workspace/work/jtreg/tier12-legacy12/work/compiler/c2/irTests/stable/StablePrimArrayTest.jtr
compiler/c2/irTests/stable/StablePrimFinalTest.java,Passed. Execution successful,2020,/workspace/work/jtreg/tier12-legacy12/work/compiler/c2/irTests/stable/StablePrimFinalTest.jtr
compiler/c2/irTests/stable/StablePrimPlainTest.java,Passed. Execution successful,2105,/workspace/work/jtreg/tier12-legacy12/work/compiler/c2/irTests/stable/StablePrimPlainTest.jtr
compiler/c2/irTests/stable/StablePrimVolatileTest.java,Passed. Execution successful,2123,/workspace/work/jtreg/tier12-legacy12/work/compiler/c2/irTests/stable/StablePrimVolatileTest.jtr
compiler/c2/irTests/stable/StableRefArrayTest.java,Passed. Execution successful,2351,/workspace/work/jtreg/tier12-legacy12/work/compiler/c2/irTests/stable/StableRefArrayTest.jtr
compiler/c2/irTests/stable/StableRefFinalTest.java,Passed. Execution successful,2068,/workspace/work/jtreg/tier12-legacy12/work/compiler/c2/irTests/stable/StableRefFinalTest.jtr
compiler/c2/irTests/stable/StableRefPlainTest.java,Passed. Execution successful,2192,/workspace/work/jtreg/tier12-legacy12/work/compiler/c2/irTests/stable/StableRefPlainTest.jtr
compiler/c2/irTests/stable/StableRefVolatileTest.java,Passed. Execution successful,2243,/workspace/work/jtreg/tier12-legacy12/work/compiler/c2/irTests/stable/StableRefVolatileTest.jtr
compiler/c2/irTests/stringopts/TestNegativeArraySize.java,Passed. Execution successful,830,/workspace/work/jtreg/tier12-legacy12/work/compiler/c2/irTests/stringopts/TestNegativeArraySize.jtr
compiler/c2/irTests/AddINodeIdealizationTests.java,Passed. Execution successful,814,/workspace/work/jtreg/tier12-legacy12/work/compiler/c2/irTests/AddINodeIdealizationTests.jtr
compiler/c2/irTests/AddLNodeIdealizationTests.java,Passed. Execution successful,802,/workspace/work/jtreg/tier12-legacy12/work/compiler/c2/irTests/AddLNodeIdealizationTests.jtr
compiler/c2/irTests/AndINodeIdealizationTests.java,Passed. Execution successful,835,/workspace/work/jtreg/tier12-legacy12/work/compiler/c2/irTests/AndINodeIdealizationTests.jtr
compiler/c2/irTests/AndLNodeIdealizationTests.java,Passed. Execution successful,839,/workspace/work/jtreg/tier12-legacy12/work/compiler/c2/irTests/AndLNodeIdealizationTests.jtr
compiler/c2/irTests/CMoveLConstants.java,Passed. Execution successful,922,/workspace/work/jtreg/tier12-legacy12/work/compiler/c2/irTests/CMoveLConstants.jtr
compiler/c2/irTests/CmpUWithZero.java,Passed. Execution successful,646,/workspace/work/jtreg/tier12-legacy12/work/compiler/c2/irTests/CmpUWithZero.jtr
compiler/c2/irTests/ConstructorBarriers.java,Passed. Execution successful,1040,/workspace/work/jtreg/tier12-legacy12/work/compiler/c2/irTests/ConstructorBarriers.jtr
compiler/c2/irTests/ConvD2FIdealizationStress.java,Passed. Execution successful,808,/workspace/work/jtreg/tier12-legacy12/work/compiler/c2/irTests/ConvD2FIdealizationStress.jtr
compiler/c2/irTests/ConvF2HFIdealizationStress.java,Passed. Execution successful,571,/workspace/work/jtreg/tier12-legacy12/work/compiler/c2/irTests/ConvF2HFIdealizationStress.jtr
compiler/c2/irTests/ConvF2HFIdealizationTests.java,Passed. Execution successful,12299,/workspace/work/jtreg/tier12-legacy12/work/compiler/c2/irTests/ConvF2HFIdealizationTests.jtr
compiler/c2/irTests/DeMorganLawIntTests.java,Passed. Execution successful,863,/workspace/work/jtreg/tier12-legacy12/work/compiler/c2/irTests/DeMorganLawIntTests.jtr
compiler/c2/irTests/DeMorganLawLongTests.java,Passed. Execution successful,706,/workspace/work/jtreg/tier12-legacy12/work/compiler/c2/irTests/DeMorganLawLongTests.jtr
compiler/c2/irTests/DivINodeIdealizationTests.java,Passed. Execution successful,814,/workspace/work/jtreg/tier12-legacy12/work/compiler/c2/irTests/DivINodeIdealizationTests.jtr
compiler/c2/irTests/DivLNodeIdealizationTests.java,Passed. Execution successful,836,/workspace/work/jtreg/tier12-legacy12/work/compiler/c2/irTests/DivLNodeIdealizationTests.jtr
compiler/c2/irTests/FPModWithoutControlProj.java,Passed. Execution successful,667,/workspace/work/jtreg/tier12-legacy12/work/compiler/c2/irTests/FPModWithoutControlProj.jtr
compiler/c2/irTests/LShiftINodeIdealizationTests.java,Passed. Execution successful,985,/workspace/work/jtreg/tier12-legacy12/work/compiler/c2/irTests/LShiftINodeIdealizationTests.jtr
compiler/c2/irTests/LShiftLNodeIdealizationTests.java,Passed. Execution successful,818,/workspace/work/jtreg/tier12-legacy12/work/compiler/c2/irTests/LShiftLNodeIdealizationTests.jtr
compiler/c2/irTests/MaxMinINodeIdealizationTests.java,Passed. Execution successful,720,/workspace/work/jtreg/tier12-legacy12/work/compiler/c2/irTests/MaxMinINodeIdealizationTests.jtr
compiler/c2/irTests/ModDNodeTests.java,Passed. Execution successful,714,/workspace/work/jtreg/tier12-legacy12/work/compiler/c2/irTests/ModDNodeTests.jtr
compiler/c2/irTests/ModFNodeTests.java,Passed. Execution successful,716,/workspace/work/jtreg/tier12-legacy12/work/compiler/c2/irTests/ModFNodeTests.jtr
compiler/c2/irTests/ModINodeIdealizationTests.java,Passed. Execution successful,699,/workspace/work/jtreg/tier12-legacy12/work/compiler/c2/irTests/ModINodeIdealizationTests.jtr
compiler/c2/irTests/ModLNodeIdealizationTests.java,Passed. Execution successful,676,/workspace/work/jtreg/tier12-legacy12/work/compiler/c2/irTests/ModLNodeIdealizationTests.jtr
compiler/c2/irTests/MulHFNodeIdealizationTests.java,Passed. Execution successful,749,/workspace/work/jtreg/tier12-legacy12/work/compiler/c2/irTests/MulHFNodeIdealizationTests.jtr
compiler/c2/irTests/MulINodeIdealizationTests.java,Passed. Execution successful,697,/workspace/work/jtreg/tier12-legacy12/work/compiler/c2/irTests/MulINodeIdealizationTests.jtr
compiler/c2/irTests/MulLNodeIdealizationTests.java,Passed. Execution successful,740,/workspace/work/jtreg/tier12-legacy12/work/compiler/c2/irTests/MulLNodeIdealizationTests.jtr
compiler/c2/irTests/OrINodeIdealizationTests.java,Passed. Execution successful,672,/workspace/work/jtreg/tier12-legacy12/work/compiler/c2/irTests/OrINodeIdealizationTests.jtr
compiler/c2/irTests/OrLNodeIdealizationTests.java,Passed. Execution successful,669,/workspace/work/jtreg/tier12-legacy12/work/compiler/c2/irTests/OrLNodeIdealizationTests.jtr
compiler/c2/irTests/ProfileAtTypeCheck.java,Passed. Execution successful,1454,/workspace/work/jtreg/tier12-legacy12/work/compiler/c2/irTests/ProfileAtTypeCheck.jtr
compiler/c2/irTests/ReachabilityFenceTest.java,Passed. Execution successful,665,/workspace/work/jtreg/tier12-legacy12/work/compiler/c2/irTests/ReachabilityFenceTest.jtr
compiler/c2/irTests/RotateLeftNodeIntIdealizationTests.java,Passed. Execution successful,654,/workspace/work/jtreg/tier12-legacy12/work/compiler/c2/irTests/RotateLeftNodeIntIdealizationTests.jtr
compiler/c2/irTests/RotateLeftNodeLongIdealizationTests.java,Passed. Execution successful,677,/workspace/work/jtreg/tier12-legacy12/work/compiler/c2/irTests/RotateLeftNodeLongIdealizationTests.jtr
compiler/c2/irTests/RShiftINodeIdealizationTests.java,Passed. Execution successful,780,/workspace/work/jtreg/tier12-legacy12/work/compiler/c2/irTests/RShiftINodeIdealizationTests.jtr
compiler/c2/irTests/RShiftLNodeIdealizationTests.java,Passed. Execution successful,738,/workspace/work/jtreg/tier12-legacy12/work/compiler/c2/irTests/RShiftLNodeIdealizationTests.jtr
compiler/c2/irTests/SubINodeIdealizationTests.java,Passed. Execution successful,718,/workspace/work/jtreg/tier12-legacy12/work/compiler/c2/irTests/SubINodeIdealizationTests.jtr
compiler/c2/irTests/SubLNodeIdealizationTests.java,Passed. Execution successful,725,/workspace/work/jtreg/tier12-legacy12/work/compiler/c2/irTests/SubLNodeIdealizationTests.jtr
compiler/c2/irTests/TestArrayElementTypeLoad.java,Passed. Execution successful,694,/workspace/work/jtreg/tier12-legacy12/work/compiler/c2/irTests/TestArrayElementTypeLoad.jtr
compiler/c2/irTests/TestAutoVecCountingDownLoop.java,Passed. Execution successful,681,/workspace/work/jtreg/tier12-legacy12/work/compiler/c2/irTests/TestAutoVecCountingDownLoop.jtr
compiler/c2/irTests/TestAutoVectorization2DArray.java,Passed. Execution successful,621,/workspace/work/jtreg/tier12-legacy12/work/compiler/c2/irTests/TestAutoVectorization2DArray.jtr
compiler/c2/irTests/TestBackToBackIfs.java,Passed. Execution successful,678,/workspace/work/jtreg/tier12-legacy12/work/compiler/c2/irTests/TestBackToBackIfs.jtr
compiler/c2/irTests/TestBackToBackMustBeNotNull.java,Passed. Execution successful,695,/workspace/work/jtreg/tier12-legacy12/work/compiler/c2/irTests/TestBackToBackMustBeNotNull.jtr
compiler/c2/irTests/TestCMoveCCP.java,Passed. Execution successful,631,/workspace/work/jtreg/tier12-legacy12/work/compiler/c2/irTests/TestCMoveCCP.jtr
compiler/c2/irTests/TestContinuationPinningAndEA.java,Passed. Execution successful,696,/workspace/work/jtreg/tier12-legacy12/work/compiler/c2/irTests/TestContinuationPinningAndEA.jtr
compiler/c2/irTests/TestConv2BExpansion.java,Passed. Execution successful,649,/workspace/work/jtreg/tier12-legacy12/work/compiler/c2/irTests/TestConv2BExpansion.jtr
compiler/c2/irTests/TestConvI2LCastLongLoop.java,Passed. Execution successful,697,/workspace/work/jtreg/tier12-legacy12/work/compiler/c2/irTests/TestConvI2LCastLongLoop.jtr
compiler/c2/irTests/TestCountedLoopPhiValue.java,Passed. Execution successful,723,/workspace/work/jtreg/tier12-legacy12/work/compiler/c2/irTests/TestCountedLoopPhiValue.jtr
compiler/c2/irTests/TestCountedLoopSafepoint.java,Passed. Execution successful,1113,/workspace/work/jtreg/tier12-legacy12/work/compiler/c2/irTests/TestCountedLoopSafepoint.jtr
compiler/c2/irTests/TestDebugInfo.java,Passed. Execution successful,676,/workspace/work/jtreg/tier12-legacy12/work/compiler/c2/irTests/TestDebugInfo.jtr
compiler/c2/irTests/TestEffectiveConstantShiftCount.java,Passed. Execution successful,696,/workspace/work/jtreg/tier12-legacy12/work/compiler/c2/irTests/TestEffectiveConstantShiftCount.jtr
compiler/c2/irTests/TestEnumFinalFold.java,Passed. Execution successful,672,/workspace/work/jtreg/tier12-legacy12/work/compiler/c2/irTests/TestEnumFinalFold.jtr
compiler/c2/irTests/TestFewIterationsCountedLoop.java,Passed. Execution successful,921,/workspace/work/jtreg/tier12-legacy12/work/compiler/c2/irTests/TestFewIterationsCountedLoop.jtr
compiler/c2/irTests/TestFloat16ScalarOperations.java,Passed. Execution successful,1615,/workspace/work/jtreg/tier12-legacy12/work/compiler/c2/irTests/TestFloat16ScalarOperations.jtr
compiler/c2/irTests/TestFPComparison.java,Passed. Execution successful,1370,/workspace/work/jtreg/tier12-legacy12/work/compiler/c2/irTests/TestFPComparison.jtr
compiler/c2/irTests/TestFPConversion.java,Passed. Execution successful,654,/workspace/work/jtreg/tier12-legacy12/work/compiler/c2/irTests/TestFPConversion.jtr
compiler/c2/irTests/TestGetAndAdd.java,Passed. Execution successful,650,/workspace/work/jtreg/tier12-legacy12/work/compiler/c2/irTests/TestGetAndAdd.jtr
compiler/c2/irTests/TestIfMinMax.java,Passed. Execution successful,1262,/workspace/work/jtreg/tier12-legacy12/work/compiler/c2/irTests/TestIfMinMax.jtr
compiler/c2/irTests/TestIRAbs.java,Passed. Execution successful,760,/workspace/work/jtreg/tier12-legacy12/work/compiler/c2/irTests/TestIRAbs.jtr
compiler/c2/irTests/TestIRFma.java,Passed. Execution successful,658,/workspace/work/jtreg/tier12-legacy12/work/compiler/c2/irTests/TestIRFma.jtr
compiler/c2/irTests/TestIRLShiftIdeal_XPlusX_LShiftC.java,Passed. Execution successful,697,/workspace/work/jtreg/tier12-legacy12/work/compiler/c2/irTests/TestIRLShiftIdeal_XPlusX_LShiftC.jtr
compiler/c2/irTests/TestIterativeEA.java,Passed. Execution successful,671,/workspace/work/jtreg/tier12-legacy12/work/compiler/c2/irTests/TestIterativeEA.jtr
compiler/c2/irTests/TestLongRangeChecks.java,Passed. Execution successful,2731,/workspace/work/jtreg/tier12-legacy12/work/compiler/c2/irTests/TestLongRangeChecks.jtr
compiler/c2/irTests/TestLSMMissedEmptyLoop.java,Passed. Execution successful,1809,/workspace/work/jtreg/tier12-legacy12/work/compiler/c2/irTests/TestLSMMissedEmptyLoop.jtr
compiler/c2/irTests/TestMinMaxIdentities.java,Passed. Execution successful,752,/workspace/work/jtreg/tier12-legacy12/work/compiler/c2/irTests/TestMinMaxIdentities.jtr
compiler/c2/irTests/TestMulNodeIdealization.java,Passed. Execution successful,691,/workspace/work/jtreg/tier12-legacy12/work/compiler/c2/irTests/TestMulNodeIdealization.jtr
compiler/c2/irTests/TestOptimizeUnstableIf.java,Passed. Execution successful,678,/workspace/work/jtreg/tier12-legacy12/work/compiler/c2/irTests/TestOptimizeUnstableIf.jtr
compiler/c2/irTests/TestPadding.java,Passed. Execution successful,660,/workspace/work/jtreg/tier12-legacy12/work/compiler/c2/irTests/TestPadding.jtr
compiler/c2/irTests/TestPhiDuplicatedConversion.java,Passed. Execution successful,720,/workspace/work/jtreg/tier12-legacy12/work/compiler/c2/irTests/TestPhiDuplicatedConversion.jtr
compiler/c2/irTests/TestPostParseCallDevirtualization.java,Passed. Execution successful,1106,/workspace/work/jtreg/tier12-legacy12/work/compiler/c2/irTests/TestPostParseCallDevirtualization.jtr
compiler/c2/irTests/TestPrunedExHandler.java,Passed. Execution successful,765,/workspace/work/jtreg/tier12-legacy12/work/compiler/c2/irTests/TestPrunedExHandler.jtr
compiler/c2/irTests/TestPushAddThruCast.java,Passed. Execution successful,676,/workspace/work/jtreg/tier12-legacy12/work/compiler/c2/irTests/TestPushAddThruCast.jtr
compiler/c2/irTests/TestRemixAddressExpressions.java,Passed. Execution successful,789,/workspace/work/jtreg/tier12-legacy12/work/compiler/c2/irTests/TestRemixAddressExpressions.jtr
compiler/c2/irTests/TestScalarReplacement.java,Passed. Execution successful,667,/workspace/work/jtreg/tier12-legacy12/work/compiler/c2/irTests/TestScalarReplacement.jtr
compiler/c2/irTests/TestScheduleSmallMethod.java,Passed. Execution successful,956,/workspace/work/jtreg/tier12-legacy12/work/compiler/c2/irTests/TestScheduleSmallMethod.jtr
compiler/c2/irTests/TestShiftAndMask.java,Passed. Execution successful,5179,/workspace/work/jtreg/tier12-legacy12/work/compiler/c2/irTests/TestShiftAndMask.jtr
compiler/c2/irTests/TestSkeletonPredicates.java,Passed. Execution successful,1060,/workspace/work/jtreg/tier12-legacy12/work/compiler/c2/irTests/TestSkeletonPredicates.jtr
compiler/c2/irTests/TestSpecialCasesOf_AMinusB_Plus_CMinusD_InAddIdeal.java,Passed. Execution successful,765,/workspace/work/jtreg/tier12-legacy12/work/compiler/c2/irTests/TestSpecialCasesOf_AMinusB_Plus_CMinusD_InAddIdeal.jtr
compiler/c2/irTests/TestStripMiningDropsSafepoint.java,Passed. Execution successful,1113,/workspace/work/jtreg/tier12-legacy12/work/compiler/c2/irTests/TestStripMiningDropsSafepoint.jtr
compiler/c2/irTests/TestSuperwordFailsUnrolling.java,Passed. Execution successful,1176,/workspace/work/jtreg/tier12-legacy12/work/compiler/c2/irTests/TestSuperwordFailsUnrolling.jtr
compiler/c2/irTests/TestTestRemovalPeephole.java,Passed. Execution successful,794,/workspace/work/jtreg/tier12-legacy12/work/compiler/c2/irTests/TestTestRemovalPeephole.jtr
compiler/c2/irTests/TestTypeSpeculation.java,Passed. Execution successful,710,/workspace/work/jtreg/tier12-legacy12/work/compiler/c2/irTests/TestTypeSpeculation.jtr
compiler/c2/irTests/TestUnsignedComparison.java,Passed. Execution successful,1113,/workspace/work/jtreg/tier12-legacy12/work/compiler/c2/irTests/TestUnsignedComparison.jtr
compiler/c2/irTests/TestVectorizationMismatchedAccess.java,Passed. Execution successful,10807,/workspace/work/jtreg/tier12-legacy12/work/compiler/c2/irTests/TestVectorizationMismatchedAccess.jtr
compiler/c2/irTests/TestVectorizationMultiInvar.java,Passed. Execution successful,1019,/workspace/work/jtreg/tier12-legacy12/work/compiler/c2/irTests/TestVectorizationMultiInvar.jtr
compiler/c2/irTests/TestVectorizationNotRun.java,Passed. Execution successful,1685,/workspace/work/jtreg/tier12-legacy12/work/compiler/c2/irTests/TestVectorizationNotRun.jtr
compiler/c2/irTests/TestVectorizeTypeConversion.java,Passed. Execution successful,659,/workspace/work/jtreg/tier12-legacy12/work/compiler/c2/irTests/TestVectorizeTypeConversion.jtr
compiler/c2/irTests/TestVectorizeURShiftSubword.java,Passed. Execution successful,804,/workspace/work/jtreg/tier12-legacy12/work/compiler/c2/irTests/TestVectorizeURShiftSubword.jtr
compiler/c2/irTests/UDivINodeIdealizationTests.java,Passed. Execution successful,749,/workspace/work/jtreg/tier12-legacy12/work/compiler/c2/irTests/UDivINodeIdealizationTests.jtr
compiler/c2/irTests/UDivLNodeIdealizationTests.java,Passed. Execution successful,707,/workspace/work/jtreg/tier12-legacy12/work/compiler/c2/irTests/UDivLNodeIdealizationTests.jtr
compiler/c2/irTests/UModINodeIdealizationTests.java,Passed. Execution successful,679,/workspace/work/jtreg/tier12-legacy12/work/compiler/c2/irTests/UModINodeIdealizationTests.jtr
compiler/c2/irTests/UModLNodeIdealizationTests.java,Passed. Execution successful,677,/workspace/work/jtreg/tier12-legacy12/work/compiler/c2/irTests/UModLNodeIdealizationTests.jtr
compiler/c2/irTests/URShiftINodeIdealizationTests.java,Passed. Execution successful,648,/workspace/work/jtreg/tier12-legacy12/work/compiler/c2/irTests/URShiftINodeIdealizationTests.jtr
compiler/c2/irTests/URShiftLNodeIdealizationTests.java,Passed. Execution successful,639,/workspace/work/jtreg/tier12-legacy12/work/compiler/c2/irTests/URShiftLNodeIdealizationTests.jtr
compiler/c2/irTests/XorINodeIdealizationTests.java,Passed. Execution successful,2270,/workspace/work/jtreg/tier12-legacy12/work/compiler/c2/irTests/XorINodeIdealizationTests.jtr
compiler/c2/irTests/XorLNodeIdealizationTests.java,Passed. Execution successful,2174,/workspace/work/jtreg/tier12-legacy12/work/compiler/c2/irTests/XorLNodeIdealizationTests.jtr
compiler/calls/fromCompiled/CompiledInvokeDynamic2CompiledTest.java,Passed. Execution successful,1415,/workspace/work/jtreg/tier12-legacy12/work/compiler/calls/fromCompiled/CompiledInvokeDynamic2CompiledTest.jtr
compiler/calls/fromCompiled/CompiledInvokeDynamic2InterpretedTest.java,Passed. Execution successful,922,/workspace/work/jtreg/tier12-legacy12/work/compiler/calls/fromCompiled/CompiledInvokeDynamic2InterpretedTest.jtr
compiler/calls/fromCompiled/CompiledInvokeDynamic2NativeTest.java,Passed. Execution successful,901,/workspace/work/jtreg/tier12-legacy12/work/compiler/calls/fromCompiled/CompiledInvokeDynamic2NativeTest.jtr
compiler/calls/fromCompiled/CompiledInvokeInterface2CompiledTest.java,Passed. Execution successful,1242,/workspace/work/jtreg/tier12-legacy12/work/compiler/calls/fromCompiled/CompiledInvokeInterface2CompiledTest.jtr
compiler/calls/fromCompiled/CompiledInvokeInterface2InterpretedTest.java,Passed. Execution successful,734,/workspace/work/jtreg/tier12-legacy12/work/compiler/calls/fromCompiled/CompiledInvokeInterface2InterpretedTest.jtr
compiler/calls/fromCompiled/CompiledInvokeInterface2NativeTest.java,Passed. Execution successful,751,/workspace/work/jtreg/tier12-legacy12/work/compiler/calls/fromCompiled/CompiledInvokeInterface2NativeTest.jtr
compiler/calls/fromCompiled/CompiledInvokeSpecial2CompiledTest.java,Passed. Execution successful,1269,/workspace/work/jtreg/tier12-legacy12/work/compiler/calls/fromCompiled/CompiledInvokeSpecial2CompiledTest.jtr
compiler/calls/fromCompiled/CompiledInvokeSpecial2InterpretedTest.java,Passed. Execution successful,753,/workspace/work/jtreg/tier12-legacy12/work/compiler/calls/fromCompiled/CompiledInvokeSpecial2InterpretedTest.jtr
compiler/calls/fromCompiled/CompiledInvokeSpecial2NativeTest.java,Passed. Execution successful,761,/workspace/work/jtreg/tier12-legacy12/work/compiler/calls/fromCompiled/CompiledInvokeSpecial2NativeTest.jtr
compiler/calls/fromCompiled/CompiledInvokeStatic2CompiledTest.java,Passed. Execution successful,1274,/workspace/work/jtreg/tier12-legacy12/work/compiler/calls/fromCompiled/CompiledInvokeStatic2CompiledTest.jtr
compiler/calls/fromCompiled/CompiledInvokeStatic2InterpretedTest.java,Passed. Execution successful,771,/workspace/work/jtreg/tier12-legacy12/work/compiler/calls/fromCompiled/CompiledInvokeStatic2InterpretedTest.jtr
compiler/calls/fromCompiled/CompiledInvokeStatic2NativeTest.java,Passed. Execution successful,800,/workspace/work/jtreg/tier12-legacy12/work/compiler/calls/fromCompiled/CompiledInvokeStatic2NativeTest.jtr
compiler/calls/fromCompiled/CompiledInvokeVirtual2CompiledTest.java,Passed. Execution successful,1207,/workspace/work/jtreg/tier12-legacy12/work/compiler/calls/fromCompiled/CompiledInvokeVirtual2CompiledTest.jtr
compiler/calls/fromCompiled/CompiledInvokeVirtual2InterpretedTest.java,Passed. Execution successful,750,/workspace/work/jtreg/tier12-legacy12/work/compiler/calls/fromCompiled/CompiledInvokeVirtual2InterpretedTest.jtr
compiler/calls/fromCompiled/CompiledInvokeVirtual2NativeTest.java,Passed. Execution successful,749,/workspace/work/jtreg/tier12-legacy12/work/compiler/calls/fromCompiled/CompiledInvokeVirtual2NativeTest.jtr
compiler/calls/fromInterpreted/InterpretedInvokeDynamic2CompiledTest.java,Passed. Execution successful,962,/workspace/work/jtreg/tier12-legacy12/work/compiler/calls/fromInterpreted/InterpretedInvokeDynamic2CompiledTest.jtr
compiler/calls/fromInterpreted/InterpretedInvokeDynamic2InterpretedTest.java,Passed. Execution successful,560,/workspace/work/jtreg/tier12-legacy12/work/compiler/calls/fromInterpreted/InterpretedInvokeDynamic2InterpretedTest.jtr
compiler/calls/fromInterpreted/InterpretedInvokeDynamic2NativeTest.java,Passed. Execution successful,528,/workspace/work/jtreg/tier12-legacy12/work/compiler/calls/fromInterpreted/InterpretedInvokeDynamic2NativeTest.jtr
compiler/calls/fromInterpreted/InterpretedInvokeInterface2CompiledTest.java,Passed. Execution successful,829,/workspace/work/jtreg/tier12-legacy12/work/compiler/calls/fromInterpreted/InterpretedInvokeInterface2CompiledTest.jtr
compiler/calls/fromInterpreted/InterpretedInvokeInterface2InterpretedTest.java,Passed. Execution successful,443,/workspace/work/jtreg/tier12-legacy12/work/compiler/calls/fromInterpreted/InterpretedInvokeInterface2InterpretedTest.jtr
compiler/calls/fromInterpreted/InterpretedInvokeInterface2NativeTest.java,Passed. Execution successful,417,/workspace/work/jtreg/tier12-legacy12/work/compiler/calls/fromInterpreted/InterpretedInvokeInterface2NativeTest.jtr
compiler/calls/fromInterpreted/InterpretedInvokeSpecial2CompiledTest.java,Passed. Execution successful,799,/workspace/work/jtreg/tier12-legacy12/work/compiler/calls/fromInterpreted/InterpretedInvokeSpecial2CompiledTest.jtr
compiler/calls/fromInterpreted/InterpretedInvokeSpecial2InterpretedTest.java,Passed. Execution successful,356,/workspace/work/jtreg/tier12-legacy12/work/compiler/calls/fromInterpreted/InterpretedInvokeSpecial2InterpretedTest.jtr
compiler/calls/fromInterpreted/InterpretedInvokeSpecial2NativeTest.java,Passed. Execution successful,296,/workspace/work/jtreg/tier12-legacy12/work/compiler/calls/fromInterpreted/InterpretedInvokeSpecial2NativeTest.jtr
compiler/calls/fromInterpreted/InterpretedInvokeStatic2CompiledTest.java,Passed. Execution successful,832,/workspace/work/jtreg/tier12-legacy12/work/compiler/calls/fromInterpreted/InterpretedInvokeStatic2CompiledTest.jtr
compiler/calls/fromInterpreted/InterpretedInvokeStatic2InterpretedTest.java,Passed. Execution successful,311,/workspace/work/jtreg/tier12-legacy12/work/compiler/calls/fromInterpreted/InterpretedInvokeStatic2InterpretedTest.jtr
compiler/calls/fromInterpreted/InterpretedInvokeStatic2NativeTest.java,Passed. Execution successful,397,/workspace/work/jtreg/tier12-legacy12/work/compiler/calls/fromInterpreted/InterpretedInvokeStatic2NativeTest.jtr
compiler/calls/fromInterpreted/InterpretedInvokeVirtual2CompiledTest.java,Passed. Execution successful,721,/workspace/work/jtreg/tier12-legacy12/work/compiler/calls/fromInterpreted/InterpretedInvokeVirtual2CompiledTest.jtr
compiler/calls/fromInterpreted/InterpretedInvokeVirtual2InterpretedTest.java,Passed. Execution successful,386,/workspace/work/jtreg/tier12-legacy12/work/compiler/calls/fromInterpreted/InterpretedInvokeVirtual2InterpretedTest.jtr
compiler/calls/fromInterpreted/InterpretedInvokeVirtual2NativeTest.java,Passed. Execution successful,345,/workspace/work/jtreg/tier12-legacy12/work/compiler/calls/fromInterpreted/InterpretedInvokeVirtual2NativeTest.jtr
compiler/calls/fromNative/NativeInvokeSpecial2CompiledTest.java,Passed. Execution successful,841,/workspace/work/jtreg/tier12-legacy12/work/compiler/calls/fromNative/NativeInvokeSpecial2CompiledTest.jtr
compiler/calls/fromNative/NativeInvokeSpecial2InterpretedTest.java,Passed. Execution successful,376,/workspace/work/jtreg/tier12-legacy12/work/compiler/calls/fromNative/NativeInvokeSpecial2InterpretedTest.jtr
compiler/calls/fromNative/NativeInvokeSpecial2NativeTest.java,Passed. Execution successful,409,/workspace/work/jtreg/tier12-legacy12/work/compiler/calls/fromNative/NativeInvokeSpecial2NativeTest.jtr
compiler/calls/fromNative/NativeInvokeStatic2CompiledTest.java,Passed. Execution successful,780,/workspace/work/jtreg/tier12-legacy12/work/compiler/calls/fromNative/NativeInvokeStatic2CompiledTest.jtr
compiler/calls/fromNative/NativeInvokeStatic2InterpretedTest.java,Passed. Execution successful,373,/workspace/work/jtreg/tier12-legacy12/work/compiler/calls/fromNative/NativeInvokeStatic2InterpretedTest.jtr
compiler/calls/fromNative/NativeInvokeStatic2NativeTest.java,Passed. Execution successful,370,/workspace/work/jtreg/tier12-legacy12/work/compiler/calls/fromNative/NativeInvokeStatic2NativeTest.jtr
compiler/calls/fromNative/NativeInvokeVirtual2CompiledTest.java,Passed. Execution successful,784,/workspace/work/jtreg/tier12-legacy12/work/compiler/calls/fromNative/NativeInvokeVirtual2CompiledTest.jtr
compiler/calls/fromNative/NativeInvokeVirtual2InterpretedTest.java,Passed. Execution successful,358,/workspace/work/jtreg/tier12-legacy12/work/compiler/calls/fromNative/NativeInvokeVirtual2InterpretedTest.jtr
compiler/calls/fromNative/NativeInvokeVirtual2NativeTest.java,Passed. Execution successful,376,/workspace/work/jtreg/tier12-legacy12/work/compiler/calls/fromNative/NativeInvokeVirtual2NativeTest.jtr
compiler/calls/NativeCalls.java,Passed. Execution successful,1183,/workspace/work/jtreg/tier12-legacy12/work/compiler/calls/NativeCalls.jtr
compiler/calls/TestDirtyInt.java,Passed. Execution successful,107,/workspace/work/jtreg/tier12-legacy12/work/compiler/calls/TestDirtyInt.jtr
compiler/ccp/TestAndConZeroCCP.java,Passed. Execution successful,1547,/workspace/work/jtreg/tier12-legacy12/work/compiler/ccp/TestAndConZeroCCP.jtr
compiler/ccp/TestCastIIWrongTypeCCP.java,Passed. Execution successful,173,/workspace/work/jtreg/tier12-legacy12/work/compiler/ccp/TestCastIIWrongTypeCCP.jtr
compiler/ccp/TestCmpUMonotonicity.java,Passed. Execution successful,181,/workspace/work/jtreg/tier12-legacy12/work/compiler/ccp/TestCmpUMonotonicity.jtr
compiler/ccp/TestCompressBitsMonotonicity.java,Passed. Execution successful,193,/workspace/work/jtreg/tier12-legacy12/work/compiler/ccp/TestCompressBitsMonotonicity.jtr
compiler/ccp/TestInfiniteIGVNAfterCCP.java,Passed. Execution successful,215,/workspace/work/jtreg/tier12-legacy12/work/compiler/ccp/TestInfiniteIGVNAfterCCP.jtr
compiler/ccp/TestMissingMulLOptimization.java,Passed. Execution successful,191,/workspace/work/jtreg/tier12-legacy12/work/compiler/ccp/TestMissingMulLOptimization.jtr
compiler/ccp/TestModValueMonotonic.java,Passed. Execution successful,336,/workspace/work/jtreg/tier12-legacy12/work/compiler/ccp/TestModValueMonotonic.jtr
compiler/ccp/TestPushCmpU3Node.java,Passed. Execution successful,322,/workspace/work/jtreg/tier12-legacy12/work/compiler/ccp/TestPushCmpU3Node.jtr
compiler/ccp/TestRemoveUnreachableCCP.java,Passed. Execution successful,173,/workspace/work/jtreg/tier12-legacy12/work/compiler/ccp/TestRemoveUnreachableCCP.jtr
compiler/ccp/TestShiftCastAndNotification.java,Passed. Execution successful,170,/workspace/work/jtreg/tier12-legacy12/work/compiler/ccp/TestShiftCastAndNotification.jtr
compiler/ccp/TestShiftConvertAndNotification.java#id0,Passed. Execution successful,239,/workspace/work/jtreg/tier12-legacy12/work/compiler/ccp/TestShiftConvertAndNotification_id0.jtr
compiler/ccp/TestShiftConvertAndNotification.java#id1,Passed. Execution successful,100,/workspace/work/jtreg/tier12-legacy12/work/compiler/ccp/TestShiftConvertAndNotification_id1.jtr
compiler/ccp/TestWrongMinLWiden.java,Passed. Execution successful,168,/workspace/work/jtreg/tier12-legacy12/work/compiler/ccp/TestWrongMinLWiden.jtr
compiler/ccp/TestWrongXorIWiden.java,Passed. Execution successful,175,/workspace/work/jtreg/tier12-legacy12/work/compiler/ccp/TestWrongXorIWiden.jtr
compiler/cha/AbstractRootMethod.java,Passed. Execution successful,1080,/workspace/work/jtreg/tier12-legacy12/work/compiler/cha/AbstractRootMethod.jtr
compiler/cha/DefaultRootMethod.java,Passed. Execution successful,805,/workspace/work/jtreg/tier12-legacy12/work/compiler/cha/DefaultRootMethod.jtr
compiler/cha/StrengthReduceInterfaceCall.java,Passed. Execution successful,1866,/workspace/work/jtreg/tier12-legacy12/work/compiler/cha/StrengthReduceInterfaceCall.jtr
compiler/ciTypeFlow/TestSharedLoopHead.java,Passed. Execution successful,232,/workspace/work/jtreg/tier12-legacy12/work/compiler/ciTypeFlow/TestSharedLoopHead.jtr
compiler/codecache/jmx/BeanTypeTest.java#id0,Passed. Execution successful,489,/workspace/work/jtreg/tier12-legacy12/work/compiler/codecache/jmx/BeanTypeTest_id0.jtr
compiler/codecache/jmx/BeanTypeTest.java#id1,Passed. Execution successful,492,/workspace/work/jtreg/tier12-legacy12/work/compiler/codecache/jmx/BeanTypeTest_id1.jtr
compiler/codecache/jmx/CodeHeapBeanPresenceTest.java#id0,Passed. Execution successful,501,/workspace/work/jtreg/tier12-legacy12/work/compiler/codecache/jmx/CodeHeapBeanPresenceTest_id0.jtr
compiler/codecache/jmx/CodeHeapBeanPresenceTest.java#id1,Passed. Execution successful,509,/workspace/work/jtreg/tier12-legacy12/work/compiler/codecache/jmx/CodeHeapBeanPresenceTest_id1.jtr
compiler/codecache/jmx/GetUsageTest.java#id0,Passed. Execution successful,688,/workspace/work/jtreg/tier12-legacy12/work/compiler/codecache/jmx/GetUsageTest_id0.jtr
compiler/codecache/jmx/GetUsageTest.java#id1,Passed. Execution successful,693,/workspace/work/jtreg/tier12-legacy12/work/compiler/codecache/jmx/GetUsageTest_id1.jtr
compiler/codecache/jmx/InitialAndMaxUsageTest.java#id0,Passed. Execution successful,620,/workspace/work/jtreg/tier12-legacy12/work/compiler/codecache/jmx/InitialAndMaxUsageTest_id0.jtr
compiler/codecache/jmx/InitialAndMaxUsageTest.java#id1,Passed. Execution successful,600,/workspace/work/jtreg/tier12-legacy12/work/compiler/codecache/jmx/InitialAndMaxUsageTest_id1.jtr
compiler/codecache/jmx/ManagerNamesTest.java#id0,Passed. Execution successful,429,/workspace/work/jtreg/tier12-legacy12/work/compiler/codecache/jmx/ManagerNamesTest_id0.jtr
compiler/codecache/jmx/ManagerNamesTest.java#id1,Passed. Execution successful,524,/workspace/work/jtreg/tier12-legacy12/work/compiler/codecache/jmx/ManagerNamesTest_id1.jtr
compiler/codecache/jmx/MemoryPoolsPresenceTest.java#id0,Passed. Execution successful,502,/workspace/work/jtreg/tier12-legacy12/work/compiler/codecache/jmx/MemoryPoolsPresenceTest_id0.jtr
compiler/codecache/jmx/MemoryPoolsPresenceTest.java#id1,Passed. Execution successful,496,/workspace/work/jtreg/tier12-legacy12/work/compiler/codecache/jmx/MemoryPoolsPresenceTest_id1.jtr
compiler/codecache/jmx/PeakUsageTest.java#id0,Passed. Execution successful,630,/workspace/work/jtreg/tier12-legacy12/work/compiler/codecache/jmx/PeakUsageTest_id0.jtr
compiler/codecache/jmx/PeakUsageTest.java#id1,Passed. Execution successful,579,/workspace/work/jtreg/tier12-legacy12/work/compiler/codecache/jmx/PeakUsageTest_id1.jtr
compiler/codecache/jmx/PoolsIndependenceTest.java#id0,Passed. Execution successful,5012,/workspace/work/jtreg/tier12-legacy12/work/compiler/codecache/jmx/PoolsIndependenceTest_id0.jtr
compiler/codecache/jmx/PoolsIndependenceTest.java#id1,Passed. Execution successful,8278,/workspace/work/jtreg/tier12-legacy12/work/compiler/codecache/jmx/PoolsIndependenceTest_id1.jtr
compiler/codecache/jmx/ThresholdNotificationsTest.java#id0,Passed. Execution successful,635,/workspace/work/jtreg/tier12-legacy12/work/compiler/codecache/jmx/ThresholdNotificationsTest_id0.jtr
compiler/codecache/jmx/ThresholdNotificationsTest.java#id1,Passed. Execution successful,686,/workspace/work/jtreg/tier12-legacy12/work/compiler/codecache/jmx/ThresholdNotificationsTest_id1.jtr
compiler/codecache/jmx/UsageThresholdExceededSeveralTimesTest.java#id0,Passed. Execution successful,1008,/workspace/work/jtreg/tier12-legacy12/work/compiler/codecache/jmx/UsageThresholdExceededSeveralTimesTest_id0.jtr
compiler/codecache/jmx/UsageThresholdExceededSeveralTimesTest.java#id1,Passed. Execution successful,605,/workspace/work/jtreg/tier12-legacy12/work/compiler/codecache/jmx/UsageThresholdExceededSeveralTimesTest_id1.jtr
compiler/codecache/jmx/UsageThresholdExceededTest.java#id0,Passed. Execution successful,565,/workspace/work/jtreg/tier12-legacy12/work/compiler/codecache/jmx/UsageThresholdExceededTest_id0.jtr
compiler/codecache/jmx/UsageThresholdExceededTest.java#id1,Passed. Execution successful,565,/workspace/work/jtreg/tier12-legacy12/work/compiler/codecache/jmx/UsageThresholdExceededTest_id1.jtr
compiler/codecache/jmx/UsageThresholdIncreasedTest.java#id0,Passed. Execution successful,642,/workspace/work/jtreg/tier12-legacy12/work/compiler/codecache/jmx/UsageThresholdIncreasedTest_id0.jtr
compiler/codecache/jmx/UsageThresholdIncreasedTest.java#id1,Passed. Execution successful,630,/workspace/work/jtreg/tier12-legacy12/work/compiler/codecache/jmx/UsageThresholdIncreasedTest_id1.jtr
compiler/codecache/jmx/UsageThresholdNotExceededTest.java#id0,Passed. Execution successful,605,/workspace/work/jtreg/tier12-legacy12/work/compiler/codecache/jmx/UsageThresholdNotExceededTest_id0.jtr
compiler/codecache/jmx/UsageThresholdNotExceededTest.java#id1,Passed. Execution successful,629,/workspace/work/jtreg/tier12-legacy12/work/compiler/codecache/jmx/UsageThresholdNotExceededTest_id1.jtr
compiler/controldependency/TestAddPChainMismatchedBase.java,Passed. Execution successful,458,/workspace/work/jtreg/tier12-legacy12/work/compiler/controldependency/TestAddPChainMismatchedBase.jtr
compiler/controldependency/TestAddPChainMismatchedBase2.java,Passed. Execution successful,290,/workspace/work/jtreg/tier12-legacy12/work/compiler/controldependency/TestAddPChainMismatchedBase2.jtr
compiler/controldependency/TestAntiDependencyAfterStringInflation.java,Passed. Execution successful,273,/workspace/work/jtreg/tier12-legacy12/work/compiler/controldependency/TestAntiDependencyAfterStringInflation.jtr
compiler/controldependency/TestAntiDependencyForPinnedLoads.java,Passed. Execution successful,253,/workspace/work/jtreg/tier12-legacy12/work/compiler/controldependency/TestAntiDependencyForPinnedLoads.jtr
compiler/controldependency/TestAntiDependentMembar.java,Passed. Execution successful,706,/workspace/work/jtreg/tier12-legacy12/work/compiler/controldependency/TestAntiDependentMembar.jtr
compiler/controldependency/TestDivDependentOnMainLoopGuard.java,Passed. Execution successful,553,/workspace/work/jtreg/tier12-legacy12/work/compiler/controldependency/TestDivDependentOnMainLoopGuard.jtr
compiler/controldependency/TestLoadBypassesClassCast.java,Passed. Execution successful,26666,/workspace/work/jtreg/tier12-legacy12/work/compiler/controldependency/TestLoadBypassesClassCast.jtr
compiler/controldependency/TestMainLoopNoBackedgeFloatingDiv.java,Passed. Execution successful,278,/workspace/work/jtreg/tier12-legacy12/work/compiler/controldependency/TestMainLoopNoBackedgeFloatingDiv.jtr
compiler/controldependency/TestPeeledLoopNoBackedgeFloatingDiv.java,Passed. Execution successful,440,/workspace/work/jtreg/tier12-legacy12/work/compiler/controldependency/TestPeeledLoopNoBackedgeFloatingDiv.jtr
compiler/controldependency/TestRemoveCastPPWithCMoveUse.java,Passed. Execution successful,423,/workspace/work/jtreg/tier12-legacy12/work/compiler/controldependency/TestRemoveCastPPWithCMoveUse.jtr
compiler/conversions/TestChainOfIntAddsToLongConversion.java,Passed. Execution successful,178,/workspace/work/jtreg/tier12-legacy12/work/compiler/conversions/TestChainOfIntAddsToLongConversion.jtr
compiler/conversions/TestMoveConvI2LOrCastIIThruAddIs.java,Passed. Execution successful,1188,/workspace/work/jtreg/tier12-legacy12/work/compiler/conversions/TestMoveConvI2LOrCastIIThruAddIs.jtr
compiler/conversions/TestPrimitiveConversions.java,Passed. Execution successful,249,/workspace/work/jtreg/tier12-legacy12/work/compiler/conversions/TestPrimitiveConversions.jtr
compiler/cpuflags/CPUFeaturesClearTest.java,Passed. Execution successful,1210,/workspace/work/jtreg/tier12-legacy12/work/compiler/cpuflags/CPUFeaturesClearTest.jtr
compiler/cpuflags/TestSSE4Disabled.java,Passed. Execution successful,5973,/workspace/work/jtreg/tier12-legacy12/work/compiler/cpuflags/TestSSE4Disabled.jtr
compiler/cpuflags/TestUseBMI2Instructions.java#id0,Passed. Execution successful,147,/workspace/work/jtreg/tier12-legacy12/work/compiler/cpuflags/TestUseBMI2Instructions_id0.jtr
compiler/cpuflags/TestUseBMI2Instructions.java#id1,Passed. Execution successful,198,/workspace/work/jtreg/tier12-legacy12/work/compiler/cpuflags/TestUseBMI2Instructions_id1.jtr
compiler/cpuflags/TestUseBMI2Instructions.java#id2,Passed. Execution successful,136,/workspace/work/jtreg/tier12-legacy12/work/compiler/cpuflags/TestUseBMI2Instructions_id2.jtr
compiler/cpuflags/TestUseBMI2Instructions.java#id3,Passed. Execution successful,135,/workspace/work/jtreg/tier12-legacy12/work/compiler/cpuflags/TestUseBMI2Instructions_id3.jtr
compiler/cpuflags/TestUseCountTrailingZerosInstruction.java#id0,Passed. Execution successful,249,/workspace/work/jtreg/tier12-legacy12/work/compiler/cpuflags/TestUseCountTrailingZerosInstruction_id0.jtr
compiler/cpuflags/TestUseCountTrailingZerosInstruction.java#id1,Passed. Execution successful,255,/workspace/work/jtreg/tier12-legacy12/work/compiler/cpuflags/TestUseCountTrailingZerosInstruction_id1.jtr
compiler/dependencies/MonomorphicObjectCall/TestMonomorphicObjectCall.java,Passed. Execution successful,303,/workspace/work/jtreg/tier12-legacy12/work/compiler/dependencies/MonomorphicObjectCall/TestMonomorphicObjectCall.jtr
compiler/eliminateAutobox/TestByteBoxing.java,Passed. Execution successful,1361,/workspace/work/jtreg/tier12-legacy12/work/compiler/eliminateAutobox/TestByteBoxing.jtr
compiler/eliminateAutobox/TestDoubleBoxing.java,Passed. Execution successful,1445,/workspace/work/jtreg/tier12-legacy12/work/compiler/eliminateAutobox/TestDoubleBoxing.jtr
compiler/eliminateAutobox/TestFloatBoxing.java,Passed. Execution successful,1401,/workspace/work/jtreg/tier12-legacy12/work/compiler/eliminateAutobox/TestFloatBoxing.jtr
compiler/eliminateAutobox/TestIdentityWithEliminateBoxInDebugInfo.java,Passed. Execution successful,272,/workspace/work/jtreg/tier12-legacy12/work/compiler/eliminateAutobox/TestIdentityWithEliminateBoxInDebugInfo.jtr
compiler/eliminateAutobox/TestIntBoxing.java,Passed. Execution successful,1373,/workspace/work/jtreg/tier12-legacy12/work/compiler/eliminateAutobox/TestIntBoxing.jtr
compiler/eliminateAutobox/TestLongBoxing.java,Passed. Execution successful,1413,/workspace/work/jtreg/tier12-legacy12/work/compiler/eliminateAutobox/TestLongBoxing.jtr
compiler/eliminateAutobox/TestSafepointDebugInfo.java,Passed. Execution successful,345,/workspace/work/jtreg/tier12-legacy12/work/compiler/eliminateAutobox/TestSafepointDebugInfo.jtr
compiler/eliminateAutobox/TestShortBoxing.java,Passed. Execution successful,1339,/workspace/work/jtreg/tier12-legacy12/work/compiler/eliminateAutobox/TestShortBoxing.jtr
compiler/eliminateAutobox/TestSplitThroughPhi.java,Passed. Execution successful,170,/workspace/work/jtreg/tier12-legacy12/work/compiler/eliminateAutobox/TestSplitThroughPhi.jtr
compiler/eliminateAutobox/UnsignedLoads.java,Passed. Execution successful,207,/workspace/work/jtreg/tier12-legacy12/work/compiler/eliminateAutobox/UnsignedLoads.jtr
compiler/escapeAnalysis/cr6716441/Tester.java,Passed. Execution successful,6254,/workspace/work/jtreg/tier12-legacy12/work/compiler/escapeAnalysis/cr6716441/Tester.jtr
compiler/escapeAnalysis/cr6795161/Test.java,Passed. Execution successful,169,/workspace/work/jtreg/tier12-legacy12/work/compiler/escapeAnalysis/cr6795161/Test.jtr
compiler/escapeAnalysis/Test6689060.java,Passed. Execution successful,333,/workspace/work/jtreg/tier12-legacy12/work/compiler/escapeAnalysis/Test6689060.jtr
compiler/escapeAnalysis/Test6726999.java,Passed. Execution successful,595,/workspace/work/jtreg/tier12-legacy12/work/compiler/escapeAnalysis/Test6726999.jtr
compiler/escapeAnalysis/Test6775880.java,Passed. Execution successful,257,/workspace/work/jtreg/tier12-legacy12/work/compiler/escapeAnalysis/Test6775880.jtr
compiler/escapeAnalysis/Test6895383.java,Passed. Execution successful,6487,/workspace/work/jtreg/tier12-legacy12/work/compiler/escapeAnalysis/Test6895383.jtr
compiler/escapeAnalysis/Test6896727.java,Passed. Execution successful,6384,/workspace/work/jtreg/tier12-legacy12/work/compiler/escapeAnalysis/Test6896727.jtr
compiler/escapeAnalysis/Test8020215.java,Passed. Execution successful,478,/workspace/work/jtreg/tier12-legacy12/work/compiler/escapeAnalysis/Test8020215.jtr
compiler/escapeAnalysis/Test8329757.java,Passed. Execution successful,263,/workspace/work/jtreg/tier12-legacy12/work/compiler/escapeAnalysis/Test8329757.jtr
compiler/escapeAnalysis/Test8331033.java,Passed. Execution successful,326,/workspace/work/jtreg/tier12-legacy12/work/compiler/escapeAnalysis/Test8331033.jtr
compiler/escapeAnalysis/TestAllocatedEscapesPtrComparison.java,Passed. Execution successful,217,/workspace/work/jtreg/tier12-legacy12/work/compiler/escapeAnalysis/TestAllocatedEscapesPtrComparison.jtr
compiler/escapeAnalysis/TestArrayCopy.java,Passed. Execution successful,4408,/workspace/work/jtreg/tier12-legacy12/work/compiler/escapeAnalysis/TestArrayCopy.jtr
compiler/escapeAnalysis/TestArrayCopyEliminationUncRematerialization.java,Passed. Execution successful,4508,/workspace/work/jtreg/tier12-legacy12/work/compiler/escapeAnalysis/TestArrayCopyEliminationUncRematerialization.jtr
compiler/escapeAnalysis/TestArrayCopySameSrcDstInitializesNonEscapingArray.java,Passed. Execution successful,444,/workspace/work/jtreg/tier12-legacy12/work/compiler/escapeAnalysis/TestArrayCopySameSrcDstInitializesNonEscapingArray.jtr
compiler/escapeAnalysis/TestBrokenEA.java,Passed. Execution successful,194,/workspace/work/jtreg/tier12-legacy12/work/compiler/escapeAnalysis/TestBrokenEA.jtr
compiler/escapeAnalysis/TestCanReduceCheckUsersDifferentIfs.java,Passed. Execution successful,169,/workspace/work/jtreg/tier12-legacy12/work/compiler/escapeAnalysis/TestCanReduceCheckUsersDifferentIfs.jtr
compiler/escapeAnalysis/TestCopyOfBrokenAntiDependency.java,Passed. Execution successful,240,/workspace/work/jtreg/tier12-legacy12/work/compiler/escapeAnalysis/TestCopyOfBrokenAntiDependency.jtr
compiler/escapeAnalysis/TestEABadMergeMem.java,Passed. Execution successful,233,/workspace/work/jtreg/tier12-legacy12/work/compiler/escapeAnalysis/TestEABadMergeMem.jtr
compiler/escapeAnalysis/TestEAVectorizedHashCode.java,Passed. Execution successful,207,/workspace/work/jtreg/tier12-legacy12/work/compiler/escapeAnalysis/TestEAVectorizedHashCode.jtr
compiler/escapeAnalysis/TestEliminateAllocation.java,Passed. Execution successful,170,/workspace/work/jtreg/tier12-legacy12/work/compiler/escapeAnalysis/TestEliminateAllocation.jtr
compiler/escapeAnalysis/TestEliminateLocksOffCrash.java,Passed. Execution successful,157,/workspace/work/jtreg/tier12-legacy12/work/compiler/escapeAnalysis/TestEliminateLocksOffCrash.jtr
compiler/escapeAnalysis/TestEscapeThroughInvoke.java,Passed. Execution successful,143,/workspace/work/jtreg/tier12-legacy12/work/compiler/escapeAnalysis/TestEscapeThroughInvoke.jtr
compiler/escapeAnalysis/TestFindInstMemRecursion.java,Passed. Execution successful,397,/workspace/work/jtreg/tier12-legacy12/work/compiler/escapeAnalysis/TestFindInstMemRecursion.jtr
compiler/escapeAnalysis/TestGetClass.java,Passed. Execution successful,282,/workspace/work/jtreg/tier12-legacy12/work/compiler/escapeAnalysis/TestGetClass.jtr
compiler/escapeAnalysis/TestIdealAllocShape.java,Passed. Execution successful,232,/workspace/work/jtreg/tier12-legacy12/work/compiler/escapeAnalysis/TestIdealAllocShape.jtr
compiler/escapeAnalysis/TestInvalidLocation.java,Passed. Execution successful,6125,/workspace/work/jtreg/tier12-legacy12/work/compiler/escapeAnalysis/TestInvalidLocation.jtr
compiler/escapeAnalysis/TestMemoryPhiAlias.java,Passed. Execution successful,369,/workspace/work/jtreg/tier12-legacy12/work/compiler/escapeAnalysis/TestMemoryPhiAlias.jtr
compiler/escapeAnalysis/TestMissingAntiDependency.java,Passed. Execution successful,248,/workspace/work/jtreg/tier12-legacy12/work/compiler/escapeAnalysis/TestMissingAntiDependency.jtr
compiler/escapeAnalysis/TestNestedRelockAtDeopt.java,Passed. Execution successful,604,/workspace/work/jtreg/tier12-legacy12/work/compiler/escapeAnalysis/TestNestedRelockAtDeopt.jtr
compiler/escapeAnalysis/TestReduceAllocationAndJVMStates.java,Passed. Execution successful,188,/workspace/work/jtreg/tier12-legacy12/work/compiler/escapeAnalysis/TestReduceAllocationAndJVMStates.jtr
compiler/escapeAnalysis/TestReduceAllocationAndNestedScalarized.java,Passed. Execution successful,232,/workspace/work/jtreg/tier12-legacy12/work/compiler/escapeAnalysis/TestReduceAllocationAndNestedScalarized.jtr
compiler/escapeAnalysis/TestReduceAllocationAndNonReduciblePhi.java,Passed. Execution successful,228,/workspace/work/jtreg/tier12-legacy12/work/compiler/escapeAnalysis/TestReduceAllocationAndNonReduciblePhi.jtr
compiler/escapeAnalysis/TestReduceAllocationAndSetTypeTwice.java,Passed. Execution successful,225,/workspace/work/jtreg/tier12-legacy12/work/compiler/escapeAnalysis/TestReduceAllocationAndSetTypeTwice.jtr
compiler/escapeAnalysis/TestReduceAllocationNotReducibleAnymore.java,Passed. Execution successful,468,/workspace/work/jtreg/tier12-legacy12/work/compiler/escapeAnalysis/TestReduceAllocationNotReducibleAnymore.jtr
compiler/escapeAnalysis/TestRematerializeObjects.java#nEA,Passed. Execution successful,884,/workspace/work/jtreg/tier12-legacy12/work/compiler/escapeAnalysis/TestRematerializeObjects_nEA.jtr
compiler/escapeAnalysis/TestRematerializeObjects.java#yEA,Passed. Execution successful,751,/workspace/work/jtreg/tier12-legacy12/work/compiler/escapeAnalysis/TestRematerializeObjects_yEA.jtr
compiler/escapeAnalysis/TestSelfArrayCopy.java,Passed. Execution successful,222,/workspace/work/jtreg/tier12-legacy12/work/compiler/escapeAnalysis/TestSelfArrayCopy.jtr
compiler/escapeAnalysis/TestSplitLoadThroughPhiDuringEA.java,Passed. Execution successful,116,/workspace/work/jtreg/tier12-legacy12/work/compiler/escapeAnalysis/TestSplitLoadThroughPhiDuringEA.jtr
compiler/escapeAnalysis/TestUnsafePutAddressNullObjMustNotEscape.java,Passed. Execution successful,256,/workspace/work/jtreg/tier12-legacy12/work/compiler/escapeAnalysis/TestUnsafePutAddressNullObjMustNotEscape.jtr
compiler/escapeAnalysis/TestValAtSafepointOverflowsInt.java,Passed. Execution successful,237,/workspace/work/jtreg/tier12-legacy12/work/compiler/escapeAnalysis/TestValAtSafepointOverflowsInt.jtr
compiler/exceptions/CatchInlineExceptions.java,Passed. Execution successful,237,/workspace/work/jtreg/tier12-legacy12/work/compiler/exceptions/CatchInlineExceptions.jtr
compiler/exceptions/OptimizeImplicitExceptions.java,Passed. Execution successful,678,/workspace/work/jtreg/tier12-legacy12/work/compiler/exceptions/OptimizeImplicitExceptions.jtr
compiler/exceptions/SumTest.java,Passed. Execution successful,390,/workspace/work/jtreg/tier12-legacy12/work/compiler/exceptions/SumTest.jtr
compiler/exceptions/TestAccessErrorInCatch.java,Passed. Execution successful,963,/workspace/work/jtreg/tier12-legacy12/work/compiler/exceptions/TestAccessErrorInCatch.jtr
compiler/exceptions/TestC1ExceptionHandlersSameBCI.java,Passed. Execution successful,162,/workspace/work/jtreg/tier12-legacy12/work/compiler/exceptions/TestC1ExceptionHandlersSameBCI.jtr
compiler/exceptions/TestDebugDuringExceptionCatching.java,Passed. Execution successful,1633,/workspace/work/jtreg/tier12-legacy12/work/compiler/exceptions/TestDebugDuringExceptionCatching.jtr
compiler/exceptions/TestDeoptExceptionState.java,Passed. Execution successful,126,/workspace/work/jtreg/tier12-legacy12/work/compiler/exceptions/TestDeoptExceptionState.jtr
compiler/exceptions/TestLateMHInlineExceptions.java,Passed. Execution successful,655,/workspace/work/jtreg/tier12-legacy12/work/compiler/exceptions/TestLateMHInlineExceptions.jtr
compiler/exceptions/TestRecursiveReplacedException.java,Passed. Execution successful,161,/workspace/work/jtreg/tier12-legacy12/work/compiler/exceptions/TestRecursiveReplacedException.jtr
compiler/exceptions/TestSpilling.java,Passed. Execution successful,441,/workspace/work/jtreg/tier12-legacy12/work/compiler/exceptions/TestSpilling.jtr
compiler/floatingpoint/DmodTest.java,Passed. Execution successful,312,/workspace/work/jtreg/tier12-legacy12/work/compiler/floatingpoint/DmodTest.jtr
compiler/floatingpoint/FmodTest.java,Passed. Execution successful,82,/workspace/work/jtreg/tier12-legacy12/work/compiler/floatingpoint/FmodTest.jtr
compiler/floatingpoint/ModNaN.java,Passed. Execution successful,1184,/workspace/work/jtreg/tier12-legacy12/work/compiler/floatingpoint/ModNaN.jtr
compiler/floatingpoint/NaNTest.java,Passed. Execution successful,531,/workspace/work/jtreg/tier12-legacy12/work/compiler/floatingpoint/NaNTest.jtr
compiler/floatingpoint/ScalarFPtoIntCastTest.java,Passed. Execution successful,1006,/workspace/work/jtreg/tier12-legacy12/work/compiler/floatingpoint/ScalarFPtoIntCastTest.jtr
compiler/floatingpoint/TestFloatJNIArgs.java#id0,Passed. Execution successful,6606,/workspace/work/jtreg/tier12-legacy12/work/compiler/floatingpoint/TestFloatJNIArgs_id0.jtr
compiler/floatingpoint/TestFloatJNIArgs.java#id1,Passed. Execution successful,4751,/workspace/work/jtreg/tier12-legacy12/work/compiler/floatingpoint/TestFloatJNIArgs_id1.jtr
compiler/floatingpoint/TestFloatSyncJNIArgs.java,Passed. Execution successful,3320,/workspace/work/jtreg/tier12-legacy12/work/compiler/floatingpoint/TestFloatSyncJNIArgs.jtr
compiler/floatingpoint/TestFMA.java,Passed. Execution successful,422,/workspace/work/jtreg/tier12-legacy12/work/compiler/floatingpoint/TestFMA.jtr
compiler/floatingpoint/TestFMABrokenC1RegAlloc.java,Passed. Execution successful,222,/workspace/work/jtreg/tier12-legacy12/work/compiler/floatingpoint/TestFMABrokenC1RegAlloc.jtr
compiler/floatingpoint/TestLibmIntrinsics.java,Passed. Execution successful,394,/workspace/work/jtreg/tier12-legacy12/work/compiler/floatingpoint/TestLibmIntrinsics.jtr
compiler/floatingpoint/TestPow2.java,Passed. Execution successful,482,/workspace/work/jtreg/tier12-legacy12/work/compiler/floatingpoint/TestPow2.jtr
compiler/floatingpoint/TestRound.java,Passed. Execution successful,274,/workspace/work/jtreg/tier12-legacy12/work/compiler/floatingpoint/TestRound.jtr
compiler/floatingpoint/TestSubNodeFloatDoubleNegation.java,Passed. Execution successful,849,/workspace/work/jtreg/tier12-legacy12/work/compiler/floatingpoint/TestSubNodeFloatDoubleNegation.jtr
compiler/floatingpoint/TestSubnormalDouble.java,Passed. Execution successful,137,/workspace/work/jtreg/tier12-legacy12/work/compiler/floatingpoint/TestSubnormalDouble.jtr
compiler/floatingpoint/TestSubnormalFloat.java,Passed. Execution successful,155,/workspace/work/jtreg/tier12-legacy12/work/compiler/floatingpoint/TestSubnormalFloat.jtr
compiler/inlining/DefaultAndConcreteMethodsCHA.java,Passed. Execution successful,246,/workspace/work/jtreg/tier12-legacy12/work/compiler/inlining/DefaultAndConcreteMethodsCHA.jtr
compiler/inlining/DefaultMethodsDependencies.java,Passed. Execution successful,168,/workspace/work/jtreg/tier12-legacy12/work/compiler/inlining/DefaultMethodsDependencies.jtr
compiler/inlining/InlineDefaultMethod.java,Passed. Execution successful,170,/workspace/work/jtreg/tier12-legacy12/work/compiler/inlining/InlineDefaultMethod.jtr
compiler/inlining/InlineDefaultMethod1.java,Passed. Execution successful,189,/workspace/work/jtreg/tier12-legacy12/work/compiler/inlining/InlineDefaultMethod1.jtr
compiler/inlining/LateInlineQueueDrainTest.java#id0,Passed. Execution successful,7478,/workspace/work/jtreg/tier12-legacy12/work/compiler/inlining/LateInlineQueueDrainTest_id0.jtr
compiler/inlining/LateInlineQueueDrainTest.java#id1,Passed. Execution successful,203,/workspace/work/jtreg/tier12-legacy12/work/compiler/inlining/LateInlineQueueDrainTest_id1.jtr
compiler/inlining/LateInlineVirtualNullReceiverCheck.java,Passed. Execution successful,258,/workspace/work/jtreg/tier12-legacy12/work/compiler/inlining/LateInlineVirtualNullReceiverCheck.jtr
compiler/inlining/StringConcatInfiniteLoop.java,Passed. Execution successful,163,/workspace/work/jtreg/tier12-legacy12/work/compiler/inlining/StringConcatInfiniteLoop.jtr
compiler/inlining/TestDelayAfterInliningCutoff.java,Passed. Execution successful,1202,/workspace/work/jtreg/tier12-legacy12/work/compiler/inlining/TestDelayAfterInliningCutoff.jtr
compiler/inlining/TestLateInlineReplacedNodesExceptionPath.java,Passed. Execution successful,331,/workspace/work/jtreg/tier12-legacy12/work/compiler/inlining/TestLateInlineReplacedNodesExceptionPath.jtr
compiler/inlining/TestLateMHClonedCallNode.java,Passed. Execution successful,462,/workspace/work/jtreg/tier12-legacy12/work/compiler/inlining/TestLateMHClonedCallNode.jtr
compiler/inlining/TestNullAtCallAfterLateInline.java,Passed. Execution successful,239,/workspace/work/jtreg/tier12-legacy12/work/compiler/inlining/TestNullAtCallAfterLateInline.jtr
compiler/inlining/TestReplacedNodesAfterLateInline.java,Passed. Execution successful,217,/workspace/work/jtreg/tier12-legacy12/work/compiler/inlining/TestReplacedNodesAfterLateInline.jtr
compiler/inlining/TestReplacedNodesAfterLateInlineManyPaths.java,Passed. Execution successful,194,/workspace/work/jtreg/tier12-legacy12/work/compiler/inlining/TestReplacedNodesAfterLateInlineManyPaths.jtr
compiler/integerArithmetic/MultiplyByConstantLongMax.java,Passed. Execution successful,181,/workspace/work/jtreg/tier12-legacy12/work/compiler/integerArithmetic/MultiplyByConstantLongMax.jtr
compiler/integerArithmetic/MultiplyByIntegerMinHang.java,Passed. Execution successful,191,/workspace/work/jtreg/tier12-legacy12/work/compiler/integerArithmetic/MultiplyByIntegerMinHang.jtr
compiler/integerArithmetic/TestAssociative.java,Passed. Execution successful,252,/workspace/work/jtreg/tier12-legacy12/work/compiler/integerArithmetic/TestAssociative.jtr
compiler/integerArithmetic/TestHoistDivision.java,Passed. Execution successful,882,/workspace/work/jtreg/tier12-legacy12/work/compiler/integerArithmetic/TestHoistDivision.jtr
compiler/integerArithmetic/TestIntegerComparison.java,Passed. Execution successful,128,/workspace/work/jtreg/tier12-legacy12/work/compiler/integerArithmetic/TestIntegerComparison.jtr
compiler/integerArithmetic/TestNegAnd.java,Passed. Execution successful,283,/workspace/work/jtreg/tier12-legacy12/work/compiler/integerArithmetic/TestNegAnd.jtr
compiler/integerArithmetic/TestNegMultiply.java,Passed. Execution successful,258,/workspace/work/jtreg/tier12-legacy12/work/compiler/integerArithmetic/TestNegMultiply.jtr
compiler/integerArithmetic/TestOrSaturate.java,Passed. Execution successful,577,/workspace/work/jtreg/tier12-legacy12/work/compiler/integerArithmetic/TestOrSaturate.jtr
compiler/integerArithmetic/TestUnsignedModByZero.java,Passed. Execution successful,177,/workspace/work/jtreg/tier12-legacy12/work/compiler/integerArithmetic/TestUnsignedModByZero.jtr
compiler/interpreter/cr7116216/StackOverflow.java,Passed. Execution successful,6194,/workspace/work/jtreg/tier12-legacy12/work/compiler/interpreter/cr7116216/StackOverflow.jtr
compiler/interpreter/DisableOSRTest.java,Passed. Execution successful,667,/workspace/work/jtreg/tier12-legacy12/work/compiler/interpreter/DisableOSRTest.jtr
compiler/interpreter/Test6539464.java,Passed. Execution successful,181,/workspace/work/jtreg/tier12-legacy12/work/compiler/interpreter/Test6539464.jtr
compiler/interpreter/Test6833129.java,Passed. Execution successful,272,/workspace/work/jtreg/tier12-legacy12/work/compiler/interpreter/Test6833129.jtr
compiler/interpreter/TestVerifyStackAfterDeopt.java,Passed. Execution successful,128,/workspace/work/jtreg/tier12-legacy12/work/compiler/interpreter/TestVerifyStackAfterDeopt.jtr
compiler/interpreter/TestVerifyStackWithUnreachableBytecode.java#areturn,Passed. Execution successful,177,/workspace/work/jtreg/tier12-legacy12/work/compiler/interpreter/TestVerifyStackWithUnreachableBytecode_areturn.jtr
compiler/interpreter/TestVerifyStackWithUnreachableBytecode.java#goto,Passed. Execution successful,182,/workspace/work/jtreg/tier12-legacy12/work/compiler/interpreter/TestVerifyStackWithUnreachableBytecode_goto.jtr
compiler/interpreter/TestVerifyStackWithUnreachableBytecode.java#gotow,Passed. Execution successful,169,/workspace/work/jtreg/tier12-legacy12/work/compiler/interpreter/TestVerifyStackWithUnreachableBytecode_gotow.jtr
compiler/interpreter/TestVerifyStackWithUnreachableBytecode.java#return,Passed. Execution successful,173,/workspace/work/jtreg/tier12-legacy12/work/compiler/interpreter/TestVerifyStackWithUnreachableBytecode_return.jtr
compiler/interpreter/VerifyStackWithUnreachableBlock.java,Passed. Execution successful,135,/workspace/work/jtreg/tier12-legacy12/work/compiler/interpreter/VerifyStackWithUnreachableBlock.jtr
compiler/intrinsics/base64/TestBase64.java,Passed. Execution successful,8267,/workspace/work/jtreg/tier12-legacy12/work/compiler/intrinsics/base64/TestBase64.jtr
compiler/intrinsics/bmi/verifycode/AndnTestI.java,Passed. Execution successful,570,/workspace/work/jtreg/tier12-legacy12/work/compiler/intrinsics/bmi/verifycode/AndnTestI.jtr
compiler/intrinsics/bmi/verifycode/AndnTestL.java,Passed. Execution successful,574,/workspace/work/jtreg/tier12-legacy12/work/compiler/intrinsics/bmi/verifycode/AndnTestL.jtr
compiler/intrinsics/bmi/verifycode/BlsiTestI.java,Passed. Execution successful,611,/workspace/work/jtreg/tier12-legacy12/work/compiler/intrinsics/bmi/verifycode/BlsiTestI.jtr
compiler/intrinsics/bmi/verifycode/BlsiTestL.java,Passed. Execution successful,548,/workspace/work/jtreg/tier12-legacy12/work/compiler/intrinsics/bmi/verifycode/BlsiTestL.jtr
compiler/intrinsics/bmi/verifycode/BlsmskTestI.java,Passed. Execution successful,548,/workspace/work/jtreg/tier12-legacy12/work/compiler/intrinsics/bmi/verifycode/BlsmskTestI.jtr
compiler/intrinsics/bmi/verifycode/BlsmskTestL.java,Passed. Execution successful,543,/workspace/work/jtreg/tier12-legacy12/work/compiler/intrinsics/bmi/verifycode/BlsmskTestL.jtr
compiler/intrinsics/bmi/verifycode/BlsrTestI.java,Passed. Execution successful,536,/workspace/work/jtreg/tier12-legacy12/work/compiler/intrinsics/bmi/verifycode/BlsrTestI.jtr
compiler/intrinsics/bmi/verifycode/BlsrTestL.java,Passed. Execution successful,535,/workspace/work/jtreg/tier12-legacy12/work/compiler/intrinsics/bmi/verifycode/BlsrTestL.jtr
compiler/intrinsics/bmi/verifycode/BzhiTestI2L.java,Passed. Execution successful,471,/workspace/work/jtreg/tier12-legacy12/work/compiler/intrinsics/bmi/verifycode/BzhiTestI2L.jtr
compiler/intrinsics/bmi/verifycode/LZcntTestI.java,Passed. Execution successful,537,/workspace/work/jtreg/tier12-legacy12/work/compiler/intrinsics/bmi/verifycode/LZcntTestI.jtr
compiler/intrinsics/bmi/verifycode/LZcntTestL.java,Passed. Execution successful,548,/workspace/work/jtreg/tier12-legacy12/work/compiler/intrinsics/bmi/verifycode/LZcntTestL.jtr
compiler/intrinsics/bmi/verifycode/TZcntTestI.java,Passed. Execution successful,534,/workspace/work/jtreg/tier12-legacy12/work/compiler/intrinsics/bmi/verifycode/TZcntTestI.jtr
compiler/intrinsics/bmi/verifycode/TZcntTestL.java,Passed. Execution successful,544,/workspace/work/jtreg/tier12-legacy12/work/compiler/intrinsics/bmi/verifycode/TZcntTestL.jtr
compiler/intrinsics/bmi/TestAndnI.java,Passed. Execution successful,2651,/workspace/work/jtreg/tier12-legacy12/work/compiler/intrinsics/bmi/TestAndnI.jtr
compiler/intrinsics/bmi/TestAndnL.java,Passed. Execution successful,3077,/workspace/work/jtreg/tier12-legacy12/work/compiler/intrinsics/bmi/TestAndnL.jtr
compiler/intrinsics/bmi/TestBlsiI.java,Passed. Execution successful,1590,/workspace/work/jtreg/tier12-legacy12/work/compiler/intrinsics/bmi/TestBlsiI.jtr
compiler/intrinsics/bmi/TestBlsiL.java,Passed. Execution successful,1788,/workspace/work/jtreg/tier12-legacy12/work/compiler/intrinsics/bmi/TestBlsiL.jtr
compiler/intrinsics/bmi/TestBlsmskI.java,Passed. Execution successful,1535,/workspace/work/jtreg/tier12-legacy12/work/compiler/intrinsics/bmi/TestBlsmskI.jtr
compiler/intrinsics/bmi/TestBlsmskL.java,Passed. Execution successful,1600,/workspace/work/jtreg/tier12-legacy12/work/compiler/intrinsics/bmi/TestBlsmskL.jtr
compiler/intrinsics/bmi/TestBlsrI.java,Passed. Execution successful,1490,/workspace/work/jtreg/tier12-legacy12/work/compiler/intrinsics/bmi/TestBlsrI.jtr
compiler/intrinsics/bmi/TestBlsrL.java,Passed. Execution successful,1638,/workspace/work/jtreg/tier12-legacy12/work/compiler/intrinsics/bmi/TestBlsrL.jtr
compiler/intrinsics/bmi/TestBzhiI2L.java,Passed. Execution successful,9576,/workspace/work/jtreg/tier12-legacy12/work/compiler/intrinsics/bmi/TestBzhiI2L.jtr
compiler/intrinsics/bmi/TestLzcntI.java,Passed. Execution successful,728,/workspace/work/jtreg/tier12-legacy12/work/compiler/intrinsics/bmi/TestLzcntI.jtr
compiler/intrinsics/bmi/TestLzcntL.java,Passed. Execution successful,736,/workspace/work/jtreg/tier12-legacy12/work/compiler/intrinsics/bmi/TestLzcntL.jtr
compiler/intrinsics/bmi/TestTzcntI.java,Passed. Execution successful,721,/workspace/work/jtreg/tier12-legacy12/work/compiler/intrinsics/bmi/TestTzcntI.jtr
compiler/intrinsics/bmi/TestTzcntL.java,Passed. Execution successful,805,/workspace/work/jtreg/tier12-legacy12/work/compiler/intrinsics/bmi/TestTzcntL.jtr
compiler/intrinsics/chacha/TestChaCha20.java,Passed. Execution successful,2275,/workspace/work/jtreg/tier12-legacy12/work/compiler/intrinsics/chacha/TestChaCha20.jtr
compiler/intrinsics/float16/Binary16Conversion.java,Passed. Execution successful,2537,/workspace/work/jtreg/tier12-legacy12/work/compiler/intrinsics/float16/Binary16Conversion.jtr
compiler/intrinsics/float16/Binary16ConversionNaN.java,Passed. Execution successful,579,/workspace/work/jtreg/tier12-legacy12/work/compiler/intrinsics/float16/Binary16ConversionNaN.jtr
compiler/intrinsics/float16/TestAllFloat16ToFloat.java,Passed. Execution successful,872,/workspace/work/jtreg/tier12-legacy12/work/compiler/intrinsics/float16/TestAllFloat16ToFloat.jtr
compiler/intrinsics/float16/TestConstFloat16ToFloat.java,Passed. Execution successful,280,/workspace/work/jtreg/tier12-legacy12/work/compiler/intrinsics/float16/TestConstFloat16ToFloat.jtr
compiler/intrinsics/float16/TestFloat16MaxMinSpecialValues.java,Passed. Execution successful,910,/workspace/work/jtreg/tier12-legacy12/work/compiler/intrinsics/float16/TestFloat16MaxMinSpecialValues.jtr
compiler/intrinsics/klass/TestGetModifiers.java#id0,Passed. Execution successful,225,/workspace/work/jtreg/tier12-legacy12/work/compiler/intrinsics/klass/TestGetModifiers_id0.jtr
compiler/intrinsics/klass/TestGetModifiers.java#id1,Passed. Execution successful,137,/workspace/work/jtreg/tier12-legacy12/work/compiler/intrinsics/klass/TestGetModifiers_id1.jtr
compiler/intrinsics/klass/TestGetModifiers.java#id2,Passed. Execution successful,166,/workspace/work/jtreg/tier12-legacy12/work/compiler/intrinsics/klass/TestGetModifiers_id2.jtr
compiler/intrinsics/klass/TestIsPrimitive.java,Passed. Execution successful,792,/workspace/work/jtreg/tier12-legacy12/work/compiler/intrinsics/klass/TestIsPrimitive.jtr
compiler/intrinsics/math/MaxMinOptimizeTest.java,Passed. Execution successful,4474,/workspace/work/jtreg/tier12-legacy12/work/compiler/intrinsics/math/MaxMinOptimizeTest.jtr
compiler/intrinsics/math/PowDNodeTests.java,Passed. Execution successful,1137,/workspace/work/jtreg/tier12-legacy12/work/compiler/intrinsics/math/PowDNodeTests.jtr
compiler/intrinsics/math/Test8210461.java,Passed. Execution successful,99,/workspace/work/jtreg/tier12-legacy12/work/compiler/intrinsics/math/Test8210461.jtr
compiler/intrinsics/math/TestFpMinMaxIntrinsics.java,Passed. Execution successful,783,/workspace/work/jtreg/tier12-legacy12/work/compiler/intrinsics/math/TestFpMinMaxIntrinsics.jtr
compiler/intrinsics/math/TestFpMinMaxReductions.java,Passed. Execution successful,722,/workspace/work/jtreg/tier12-legacy12/work/compiler/intrinsics/math/TestFpMinMaxReductions.jtr
compiler/intrinsics/math/TestMinMaxInlining.java,Passed. Execution successful,886,/workspace/work/jtreg/tier12-legacy12/work/compiler/intrinsics/math/TestMinMaxInlining.jtr
compiler/intrinsics/math/TestMinMaxIntrinsics.java,Passed. Execution successful,502,/workspace/work/jtreg/tier12-legacy12/work/compiler/intrinsics/math/TestMinMaxIntrinsics.jtr
compiler/intrinsics/math/TestMinMaxOpt.java,Passed. Execution successful,916,/workspace/work/jtreg/tier12-legacy12/work/compiler/intrinsics/math/TestMinMaxOpt.jtr
compiler/intrinsics/math/TestPow0Dot5Opt.java,Passed. Execution successful,983,/workspace/work/jtreg/tier12-legacy12/work/compiler/intrinsics/math/TestPow0Dot5Opt.jtr
compiler/intrinsics/math/TestPow2Opt.java,Passed. Execution successful,603,/workspace/work/jtreg/tier12-legacy12/work/compiler/intrinsics/math/TestPow2Opt.jtr
compiler/intrinsics/math/TestSignumIntrinsic.java,Passed. Execution successful,7813,/workspace/work/jtreg/tier12-legacy12/work/compiler/intrinsics/math/TestSignumIntrinsic.jtr
compiler/intrinsics/mathexact/sanity/AddExactIntTest.java,Passed. Execution successful,1523,/workspace/work/jtreg/tier12-legacy12/work/compiler/intrinsics/mathexact/sanity/AddExactIntTest.jtr
compiler/intrinsics/mathexact/sanity/AddExactLongTest.java,Passed. Execution successful,1455,/workspace/work/jtreg/tier12-legacy12/work/compiler/intrinsics/mathexact/sanity/AddExactLongTest.jtr
compiler/intrinsics/mathexact/sanity/DecrementExactIntTest.java,Passed. Execution successful,1444,/workspace/work/jtreg/tier12-legacy12/work/compiler/intrinsics/mathexact/sanity/DecrementExactIntTest.jtr
compiler/intrinsics/mathexact/sanity/DecrementExactLongTest.java,Passed. Execution successful,1499,/workspace/work/jtreg/tier12-legacy12/work/compiler/intrinsics/mathexact/sanity/DecrementExactLongTest.jtr
compiler/intrinsics/mathexact/sanity/IncrementExactIntTest.java,Passed. Execution successful,1480,/workspace/work/jtreg/tier12-legacy12/work/compiler/intrinsics/mathexact/sanity/IncrementExactIntTest.jtr
compiler/intrinsics/mathexact/sanity/IncrementExactLongTest.java,Passed. Execution successful,1456,/workspace/work/jtreg/tier12-legacy12/work/compiler/intrinsics/mathexact/sanity/IncrementExactLongTest.jtr
compiler/intrinsics/mathexact/sanity/MultiplyExactIntTest.java,Passed. Execution successful,1439,/workspace/work/jtreg/tier12-legacy12/work/compiler/intrinsics/mathexact/sanity/MultiplyExactIntTest.jtr
compiler/intrinsics/mathexact/sanity/MultiplyExactLongTest.java,Passed. Execution successful,1175,/workspace/work/jtreg/tier12-legacy12/work/compiler/intrinsics/mathexact/sanity/MultiplyExactLongTest.jtr
compiler/intrinsics/mathexact/sanity/NegateExactIntTest.java,Passed. Execution successful,1434,/workspace/work/jtreg/tier12-legacy12/work/compiler/intrinsics/mathexact/sanity/NegateExactIntTest.jtr
compiler/intrinsics/mathexact/sanity/NegateExactLongTest.java,Passed. Execution successful,1450,/workspace/work/jtreg/tier12-legacy12/work/compiler/intrinsics/mathexact/sanity/NegateExactLongTest.jtr
compiler/intrinsics/mathexact/sanity/SubtractExactIntTest.java,Passed. Execution successful,1507,/workspace/work/jtreg/tier12-legacy12/work/compiler/intrinsics/mathexact/sanity/SubtractExactIntTest.jtr
compiler/intrinsics/mathexact/sanity/SubtractExactLongTest.java,Passed. Execution successful,1522,/workspace/work/jtreg/tier12-legacy12/work/compiler/intrinsics/mathexact/sanity/SubtractExactLongTest.jtr
compiler/intrinsics/mathexact/AddExactICondTest.java,Passed. Execution successful,298,/workspace/work/jtreg/tier12-legacy12/work/compiler/intrinsics/mathexact/AddExactICondTest.jtr
compiler/intrinsics/mathexact/AddExactIConstantTest.java,Passed. Execution successful,258,/workspace/work/jtreg/tier12-legacy12/work/compiler/intrinsics/mathexact/AddExactIConstantTest.jtr
compiler/intrinsics/mathexact/AddExactILoadTest.java,Passed. Execution successful,164,/workspace/work/jtreg/tier12-legacy12/work/compiler/intrinsics/mathexact/AddExactILoadTest.jtr
compiler/intrinsics/mathexact/AddExactILoopDependentTest.java,Passed. Execution successful,132,/workspace/work/jtreg/tier12-legacy12/work/compiler/intrinsics/mathexact/AddExactILoopDependentTest.jtr
compiler/intrinsics/mathexact/AddExactINonConstantTest.java,Passed. Execution successful,189,/workspace/work/jtreg/tier12-legacy12/work/compiler/intrinsics/mathexact/AddExactINonConstantTest.jtr
compiler/intrinsics/mathexact/AddExactIRepeatTest.java,Passed. Execution successful,168,/workspace/work/jtreg/tier12-legacy12/work/compiler/intrinsics/mathexact/AddExactIRepeatTest.jtr
compiler/intrinsics/mathexact/AddExactLConstantTest.java,Passed. Execution successful,253,/workspace/work/jtreg/tier12-legacy12/work/compiler/intrinsics/mathexact/AddExactLConstantTest.jtr
compiler/intrinsics/mathexact/AddExactLNonConstantTest.java,Passed. Execution successful,165,/workspace/work/jtreg/tier12-legacy12/work/compiler/intrinsics/mathexact/AddExactLNonConstantTest.jtr
compiler/intrinsics/mathexact/CompareTest.java,Passed. Execution successful,101,/workspace/work/jtreg/tier12-legacy12/work/compiler/intrinsics/mathexact/CompareTest.jtr
compiler/intrinsics/mathexact/DecExactITest.java,Passed. Execution successful,235,/workspace/work/jtreg/tier12-legacy12/work/compiler/intrinsics/mathexact/DecExactITest.jtr
compiler/intrinsics/mathexact/DecExactLTest.java,Passed. Execution successful,153,/workspace/work/jtreg/tier12-legacy12/work/compiler/intrinsics/mathexact/DecExactLTest.jtr
compiler/intrinsics/mathexact/GVNTest.java,Passed. Execution successful,70,/workspace/work/jtreg/tier12-legacy12/work/compiler/intrinsics/mathexact/GVNTest.jtr
compiler/intrinsics/mathexact/IncExactITest.java,Passed. Execution successful,221,/workspace/work/jtreg/tier12-legacy12/work/compiler/intrinsics/mathexact/IncExactITest.jtr
compiler/intrinsics/mathexact/IncExactLTest.java,Passed. Execution successful,133,/workspace/work/jtreg/tier12-legacy12/work/compiler/intrinsics/mathexact/IncExactLTest.jtr
compiler/intrinsics/mathexact/LongMulOverflowTest.java,Passed. Execution successful,5522,/workspace/work/jtreg/tier12-legacy12/work/compiler/intrinsics/mathexact/LongMulOverflowTest.jtr
compiler/intrinsics/mathexact/MulExactICondTest.java,Passed. Execution successful,56,/workspace/work/jtreg/tier12-legacy12/work/compiler/intrinsics/mathexact/MulExactICondTest.jtr
compiler/intrinsics/mathexact/MulExactIConstantTest.java,Passed. Execution successful,300,/workspace/work/jtreg/tier12-legacy12/work/compiler/intrinsics/mathexact/MulExactIConstantTest.jtr
compiler/intrinsics/mathexact/MulExactILoadTest.java,Passed. Execution successful,269,/workspace/work/jtreg/tier12-legacy12/work/compiler/intrinsics/mathexact/MulExactILoadTest.jtr
compiler/intrinsics/mathexact/MulExactILoopDependentTest.java,Passed. Execution successful,312,/workspace/work/jtreg/tier12-legacy12/work/compiler/intrinsics/mathexact/MulExactILoopDependentTest.jtr
compiler/intrinsics/mathexact/MulExactINonConstantTest.java,Passed. Execution successful,409,/workspace/work/jtreg/tier12-legacy12/work/compiler/intrinsics/mathexact/MulExactINonConstantTest.jtr
compiler/intrinsics/mathexact/MulExactIRepeatTest.java,Passed. Execution successful,173,/workspace/work/jtreg/tier12-legacy12/work/compiler/intrinsics/mathexact/MulExactIRepeatTest.jtr
compiler/intrinsics/mathexact/MulExactLConstantTest.java,Passed. Execution successful,296,/workspace/work/jtreg/tier12-legacy12/work/compiler/intrinsics/mathexact/MulExactLConstantTest.jtr
compiler/intrinsics/mathexact/MulExactLNonConstantTest.java,Passed. Execution successful,328,/workspace/work/jtreg/tier12-legacy12/work/compiler/intrinsics/mathexact/MulExactLNonConstantTest.jtr
compiler/intrinsics/mathexact/NegExactIConstantTest.java,Passed. Execution successful,206,/workspace/work/jtreg/tier12-legacy12/work/compiler/intrinsics/mathexact/NegExactIConstantTest.jtr
compiler/intrinsics/mathexact/NegExactILoadTest.java,Passed. Execution successful,94,/workspace/work/jtreg/tier12-legacy12/work/compiler/intrinsics/mathexact/NegExactILoadTest.jtr
compiler/intrinsics/mathexact/NegExactILoopDependentTest.java,Passed. Execution successful,135,/workspace/work/jtreg/tier12-legacy12/work/compiler/intrinsics/mathexact/NegExactILoopDependentTest.jtr
compiler/intrinsics/mathexact/NegExactINonConstantTest.java,Passed. Execution successful,166,/workspace/work/jtreg/tier12-legacy12/work/compiler/intrinsics/mathexact/NegExactINonConstantTest.jtr
compiler/intrinsics/mathexact/NegExactLConstantTest.java,Passed. Execution successful,196,/workspace/work/jtreg/tier12-legacy12/work/compiler/intrinsics/mathexact/NegExactLConstantTest.jtr
compiler/intrinsics/mathexact/NegExactLNonConstantTest.java,Passed. Execution successful,129,/workspace/work/jtreg/tier12-legacy12/work/compiler/intrinsics/mathexact/NegExactLNonConstantTest.jtr
compiler/intrinsics/mathexact/NestedMathExactTest.java,Passed. Execution successful,108,/workspace/work/jtreg/tier12-legacy12/work/compiler/intrinsics/mathexact/NestedMathExactTest.jtr
compiler/intrinsics/mathexact/OverflowTest.java#id0,Passed. Execution successful,908,/workspace/work/jtreg/tier12-legacy12/work/compiler/intrinsics/mathexact/OverflowTest_id0.jtr
compiler/intrinsics/mathexact/OverflowTest.java#id1,Passed. Execution successful,611,/workspace/work/jtreg/tier12-legacy12/work/compiler/intrinsics/mathexact/OverflowTest_id1.jtr
compiler/intrinsics/mathexact/OverflowTest.java#id2,Passed. Execution successful,658,/workspace/work/jtreg/tier12-legacy12/work/compiler/intrinsics/mathexact/OverflowTest_id2.jtr
compiler/intrinsics/mathexact/OverflowTest.java#id3,Passed. Execution successful,799,/workspace/work/jtreg/tier12-legacy12/work/compiler/intrinsics/mathexact/OverflowTest_id3.jtr
compiler/intrinsics/mathexact/OverflowTest.java#id4,Passed. Execution successful,514,/workspace/work/jtreg/tier12-legacy12/work/compiler/intrinsics/mathexact/OverflowTest_id4.jtr
compiler/intrinsics/mathexact/OverflowTest.java#id5,Passed. Execution successful,508,/workspace/work/jtreg/tier12-legacy12/work/compiler/intrinsics/mathexact/OverflowTest_id5.jtr
compiler/intrinsics/mathexact/OverflowTest.java#id6,Passed. Execution successful,810,/workspace/work/jtreg/tier12-legacy12/work/compiler/intrinsics/mathexact/OverflowTest_id6.jtr
compiler/intrinsics/mathexact/SplitThruPhiTest.java,Passed. Execution successful,259,/workspace/work/jtreg/tier12-legacy12/work/compiler/intrinsics/mathexact/SplitThruPhiTest.jtr
compiler/intrinsics/mathexact/SubExactICondTest.java,Passed. Execution successful,66,/workspace/work/jtreg/tier12-legacy12/work/compiler/intrinsics/mathexact/SubExactICondTest.jtr
compiler/intrinsics/mathexact/SubExactIConstantTest.java,Passed. Execution successful,282,/workspace/work/jtreg/tier12-legacy12/work/compiler/intrinsics/mathexact/SubExactIConstantTest.jtr
compiler/intrinsics/mathexact/SubExactILoadTest.java,Passed. Execution successful,113,/workspace/work/jtreg/tier12-legacy12/work/compiler/intrinsics/mathexact/SubExactILoadTest.jtr
compiler/intrinsics/mathexact/SubExactILoopDependentTest.java,Passed. Execution successful,126,/workspace/work/jtreg/tier12-legacy12/work/compiler/intrinsics/mathexact/SubExactILoopDependentTest.jtr
compiler/intrinsics/mathexact/SubExactINonConstantTest.java,Passed. Execution successful,209,/workspace/work/jtreg/tier12-legacy12/work/compiler/intrinsics/mathexact/SubExactINonConstantTest.jtr
compiler/intrinsics/mathexact/SubExactIRepeatTest.java,Passed. Execution successful,150,/workspace/work/jtreg/tier12-legacy12/work/compiler/intrinsics/mathexact/SubExactIRepeatTest.jtr
compiler/intrinsics/mathexact/SubExactLConstantTest.java,Passed. Execution successful,257,/workspace/work/jtreg/tier12-legacy12/work/compiler/intrinsics/mathexact/SubExactLConstantTest.jtr
compiler/intrinsics/mathexact/SubExactLNonConstantTest.java,Passed. Execution successful,147,/workspace/work/jtreg/tier12-legacy12/work/compiler/intrinsics/mathexact/SubExactLNonConstantTest.jtr
compiler/intrinsics/object/TestClone.java,Passed. Execution successful,1612,/workspace/work/jtreg/tier12-legacy12/work/compiler/intrinsics/object/TestClone.jtr
compiler/intrinsics/object/TestHashCode.java,Passed. Execution successful,179,/workspace/work/jtreg/tier12-legacy12/work/compiler/intrinsics/object/TestHashCode.jtr
compiler/intrinsics/sha/sanity/TestMD5Intrinsics.java,Passed. Execution successful,1158,/workspace/work/jtreg/tier12-legacy12/work/compiler/intrinsics/sha/sanity/TestMD5Intrinsics.jtr
compiler/intrinsics/sha/sanity/TestMD5MultiBlockIntrinsics.java,Passed. Execution successful,1217,/workspace/work/jtreg/tier12-legacy12/work/compiler/intrinsics/sha/sanity/TestMD5MultiBlockIntrinsics.jtr
compiler/intrinsics/sha/sanity/TestSHA1Intrinsics.java,Passed. Execution successful,1023,/workspace/work/jtreg/tier12-legacy12/work/compiler/intrinsics/sha/sanity/TestSHA1Intrinsics.jtr
compiler/intrinsics/sha/sanity/TestSHA1MultiBlockIntrinsics.java,Passed. Execution successful,1264,/workspace/work/jtreg/tier12-legacy12/work/compiler/intrinsics/sha/sanity/TestSHA1MultiBlockIntrinsics.jtr
compiler/intrinsics/sha/sanity/TestSHA256Intrinsics.java,Passed. Execution successful,1690,/workspace/work/jtreg/tier12-legacy12/work/compiler/intrinsics/sha/sanity/TestSHA256Intrinsics.jtr
compiler/intrinsics/sha/sanity/TestSHA256MultiBlockIntrinsics.java,Passed. Execution successful,7130,/workspace/work/jtreg/tier12-legacy12/work/compiler/intrinsics/sha/sanity/TestSHA256MultiBlockIntrinsics.jtr
compiler/intrinsics/sha/sanity/TestSHA3Intrinsics.java#id0,Passed. Execution successful,3051,/workspace/work/jtreg/tier12-legacy12/work/compiler/intrinsics/sha/sanity/TestSHA3Intrinsics_id0.jtr
compiler/intrinsics/sha/sanity/TestSHA3MultiBlockIntrinsics.java#id0,Passed. Execution successful,4335,/workspace/work/jtreg/tier12-legacy12/work/compiler/intrinsics/sha/sanity/TestSHA3MultiBlockIntrinsics_id0.jtr
compiler/intrinsics/sha/sanity/TestSHA512Intrinsics.java,Passed. Execution successful,1687,/workspace/work/jtreg/tier12-legacy12/work/compiler/intrinsics/sha/sanity/TestSHA512Intrinsics.jtr
compiler/intrinsics/sha/sanity/TestSHA512MultiBlockIntrinsics.java,Passed. Execution successful,2333,/workspace/work/jtreg/tier12-legacy12/work/compiler/intrinsics/sha/sanity/TestSHA512MultiBlockIntrinsics.jtr
compiler/intrinsics/sha/TestDigest.java,Passed. Execution successful,23428,/workspace/work/jtreg/tier12-legacy12/work/compiler/intrinsics/sha/TestDigest.jtr
compiler/intrinsics/string/TestCopyValueOf.java,Passed. Execution successful,165,/workspace/work/jtreg/tier12-legacy12/work/compiler/intrinsics/string/TestCopyValueOf.jtr
compiler/intrinsics/string/TestCountPositives.java#id0,Passed. Execution successful,9032,/workspace/work/jtreg/tier12-legacy12/work/compiler/intrinsics/string/TestCountPositives_id0.jtr
compiler/intrinsics/string/TestCountPositives.java#id1,Passed. Execution successful,18069,/workspace/work/jtreg/tier12-legacy12/work/compiler/intrinsics/string/TestCountPositives_id1.jtr
compiler/intrinsics/string/TestEncodeIntrinsics.java,Passed. Execution successful,1321,/workspace/work/jtreg/tier12-legacy12/work/compiler/intrinsics/string/TestEncodeIntrinsics.jtr
compiler/intrinsics/string/TestEncodeISOArray.java,Passed. Execution successful,1922,/workspace/work/jtreg/tier12-legacy12/work/compiler/intrinsics/string/TestEncodeISOArray.jtr
compiler/intrinsics/string/TestHasNegatives.java#id0,Passed. Execution successful,8931,/workspace/work/jtreg/tier12-legacy12/work/compiler/intrinsics/string/TestHasNegatives_id0.jtr
compiler/intrinsics/string/TestHasNegatives.java#id1,Passed. Execution successful,17762,/workspace/work/jtreg/tier12-legacy12/work/compiler/intrinsics/string/TestHasNegatives_id1.jtr
compiler/intrinsics/string/TestRangeCheck.java,Passed. Execution successful,192,/workspace/work/jtreg/tier12-legacy12/work/compiler/intrinsics/string/TestRangeCheck.jtr
compiler/intrinsics/string/TestStringConstruction.java,Passed. Execution successful,219,/workspace/work/jtreg/tier12-legacy12/work/compiler/intrinsics/string/TestStringConstruction.jtr
compiler/intrinsics/string/TestStringConstructionIntrinsics.java#id0,Passed. Execution successful,5241,/workspace/work/jtreg/tier12-legacy12/work/compiler/intrinsics/string/TestStringConstructionIntrinsics_id0.jtr
compiler/intrinsics/string/TestStringConstructionIntrinsics.java#id1,Passed. Execution successful,9666,/workspace/work/jtreg/tier12-legacy12/work/compiler/intrinsics/string/TestStringConstructionIntrinsics_id1.jtr
compiler/intrinsics/string/TestStringEqualsBadLength.java,Passed. Execution successful,212,/workspace/work/jtreg/tier12-legacy12/work/compiler/intrinsics/string/TestStringEqualsBadLength.jtr
compiler/intrinsics/string/TestStringIndexOfCharIntrinsics.java,Passed. Execution successful,1500,/workspace/work/jtreg/tier12-legacy12/work/compiler/intrinsics/string/TestStringIndexOfCharIntrinsics.jtr
compiler/intrinsics/string/TestStringIntrinsicMemoryFlow.java,Passed. Execution successful,372,/workspace/work/jtreg/tier12-legacy12/work/compiler/intrinsics/string/TestStringIntrinsicMemoryFlow.jtr
compiler/intrinsics/string/TestStringIntrinsicRangeChecks.java,Passed. Execution successful,923,/workspace/work/jtreg/tier12-legacy12/work/compiler/intrinsics/string/TestStringIntrinsicRangeChecks.jtr
compiler/intrinsics/string/TestStringIntrinsics.java,Passed. Execution successful,3946,/workspace/work/jtreg/tier12-legacy12/work/compiler/intrinsics/string/TestStringIntrinsics.jtr
compiler/intrinsics/string/TestStringIntrinsics2.java,Passed. Execution successful,900,/workspace/work/jtreg/tier12-legacy12/work/compiler/intrinsics/string/TestStringIntrinsics2.jtr
compiler/intrinsics/string/TestStringLatin1IndexOfChar.java,Passed. Execution successful,3143,/workspace/work/jtreg/tier12-legacy12/work/compiler/intrinsics/string/TestStringLatin1IndexOfChar.jtr
compiler/intrinsics/string/TestStringUTF16IntrinsicRangeChecks.java,Passed. Execution successful,1472,/workspace/work/jtreg/tier12-legacy12/work/compiler/intrinsics/string/TestStringUTF16IntrinsicRangeChecks.jtr
compiler/intrinsics/unsafe/AllocateUninitializedArray.java,Passed. Execution successful,1125,/workspace/work/jtreg/tier12-legacy12/work/compiler/intrinsics/unsafe/AllocateUninitializedArray.jtr
compiler/intrinsics/unsafe/DirectByteBufferTest.java,Passed. Execution successful,2730,/workspace/work/jtreg/tier12-legacy12/work/compiler/intrinsics/unsafe/DirectByteBufferTest.jtr
compiler/intrinsics/unsafe/HeapByteBufferTest.java#id0,Passed. Execution successful,2919,/workspace/work/jtreg/tier12-legacy12/work/compiler/intrinsics/unsafe/HeapByteBufferTest_id0.jtr
compiler/intrinsics/unsafe/HeapByteBufferTest.java#id1,Passed. Execution successful,2970,/workspace/work/jtreg/tier12-legacy12/work/compiler/intrinsics/unsafe/HeapByteBufferTest_id1.jtr
compiler/intrinsics/unsafe/TestCAEAntiDep.java,Passed. Execution successful,234,/workspace/work/jtreg/tier12-legacy12/work/compiler/intrinsics/unsafe/TestCAEAntiDep.jtr
compiler/intrinsics/unsafe/TestUnsafeMismatchedArrayFieldAccess.java,Passed. Execution successful,242,/workspace/work/jtreg/tier12-legacy12/work/compiler/intrinsics/unsafe/TestUnsafeMismatchedArrayFieldAccess.jtr
compiler/intrinsics/unsafe/TestUnsafeUnalignedMismatchedAccesses.java,Passed. Execution successful,564,/workspace/work/jtreg/tier12-legacy12/work/compiler/intrinsics/unsafe/TestUnsafeUnalignedMismatchedAccesses.jtr
compiler/intrinsics/unsafe/UnsafeGetAddressTest.java,Passed. Execution successful,318,/workspace/work/jtreg/tier12-legacy12/work/compiler/intrinsics/unsafe/UnsafeGetAddressTest.jtr
compiler/intrinsics/unsafe/UnsafeTwoCASLong.java,Passed. Execution successful,293,/workspace/work/jtreg/tier12-legacy12/work/compiler/intrinsics/unsafe/UnsafeTwoCASLong.jtr
compiler/jsr292/cr6990212/Test6990212.java,Passed. Execution successful,61,/workspace/work/jtreg/tier12-legacy12/work/compiler/jsr292/cr6990212/Test6990212.jtr
compiler/jsr292/cr8026328/Test8026328.java,Passed. Execution successful,152,/workspace/work/jtreg/tier12-legacy12/work/compiler/jsr292/cr8026328/Test8026328.jtr
compiler/jsr292/methodHandleExceptions/TestAMEnotNPE.java,Passed. Execution successful,2557,/workspace/work/jtreg/tier12-legacy12/work/compiler/jsr292/methodHandleExceptions/TestAMEnotNPE.jtr
compiler/jsr292/NonInlinedCall/InvokeTest.java,Passed. Execution successful,748,/workspace/work/jtreg/tier12-legacy12/work/compiler/jsr292/NonInlinedCall/InvokeTest.jtr
compiler/jsr292/NonInlinedCall/RedefineTest.java,Passed. Execution successful,960,/workspace/work/jtreg/tier12-legacy12/work/compiler/jsr292/NonInlinedCall/RedefineTest.jtr
compiler/jsr292/CallSiteDepContextTest.java,Passed. Execution successful,633,/workspace/work/jtreg/tier12-legacy12/work/compiler/jsr292/CallSiteDepContextTest.jtr
compiler/jsr292/ConcurrentClassLoadingTest.java,Passed. Execution successful,197,/workspace/work/jtreg/tier12-legacy12/work/compiler/jsr292/ConcurrentClassLoadingTest.jtr
compiler/jsr292/CreatesInterfaceDotEqualsCallInfo.java,Passed. Execution successful,94,/workspace/work/jtreg/tier12-legacy12/work/compiler/jsr292/CreatesInterfaceDotEqualsCallInfo.jtr
compiler/jsr292/InvokerGC.java,Passed. Execution successful,212,/workspace/work/jtreg/tier12-legacy12/work/compiler/jsr292/InvokerGC.jtr
compiler/jsr292/InvokerSignatureMismatch.java,Passed. Execution successful,332,/workspace/work/jtreg/tier12-legacy12/work/compiler/jsr292/InvokerSignatureMismatch.jtr
compiler/jsr292/LongReferenceCastingTest.java,Passed. Execution successful,109,/workspace/work/jtreg/tier12-legacy12/work/compiler/jsr292/LongReferenceCastingTest.jtr
compiler/jsr292/MHDeoptTest.java,Passed. Execution successful,205,/workspace/work/jtreg/tier12-legacy12/work/compiler/jsr292/MHDeoptTest.jtr
compiler/jsr292/NullConstantMHReceiver.java,Passed. Execution successful,556,/workspace/work/jtreg/tier12-legacy12/work/compiler/jsr292/NullConstantMHReceiver.jtr
compiler/jsr292/NullConstantReceiver.java,Passed. Execution successful,838,/workspace/work/jtreg/tier12-legacy12/work/compiler/jsr292/NullConstantReceiver.jtr
compiler/jsr292/RedefineMethodUsedByMultipleMethodHandles.java,Passed. Execution successful,349,/workspace/work/jtreg/tier12-legacy12/work/compiler/jsr292/RedefineMethodUsedByMultipleMethodHandles.jtr
compiler/jsr292/Test7082949.java,Passed. Execution successful,94,/workspace/work/jtreg/tier12-legacy12/work/compiler/jsr292/Test7082949.jtr
compiler/jsr292/TestArrayReturnType.java,Passed. Execution successful,584,/workspace/work/jtreg/tier12-legacy12/work/compiler/jsr292/TestArrayReturnType.jtr
compiler/linkage/LinkageErrors.java,Passed. Execution successful,1302,/workspace/work/jtreg/tier12-legacy12/work/compiler/linkage/LinkageErrors.jtr
compiler/locks/TestCoarsenedAndNestedLocksElimination.java,Passed. Execution successful,248,/workspace/work/jtreg/tier12-legacy12/work/compiler/locks/TestCoarsenedAndNestedLocksElimination.jtr
compiler/locks/TestCoarsenedAndNotEscapedLocksElimination.java,Passed. Execution successful,10226,/workspace/work/jtreg/tier12-legacy12/work/compiler/locks/TestCoarsenedAndNotEscapedLocksElimination.jtr
compiler/locks/TestLocksInOSR.java,Passed. Execution successful,171,/workspace/work/jtreg/tier12-legacy12/work/compiler/locks/TestLocksInOSR.jtr
compiler/locks/TestNestedLocksElimination.java,Passed. Execution successful,2068,/workspace/work/jtreg/tier12-legacy12/work/compiler/locks/TestNestedLocksElimination.jtr
compiler/locks/TestNestedSynchronize.java,Passed. Execution successful,3162,/workspace/work/jtreg/tier12-legacy12/work/compiler/locks/TestNestedSynchronize.jtr
compiler/locks/TestSynchronizeWithEmptyBlock.java,Passed. Execution successful,176,/workspace/work/jtreg/tier12-legacy12/work/compiler/locks/TestSynchronizeWithEmptyBlock.jtr
compiler/locks/TestUnlockOSR.java,Passed. Execution successful,238,/workspace/work/jtreg/tier12-legacy12/work/compiler/locks/TestUnlockOSR.jtr
compiler/longcountedloops/TestAssertWhenOuterStripMinedLoopRemoved.java,Passed. Execution successful,413,/workspace/work/jtreg/tier12-legacy12/work/compiler/longcountedloops/TestAssertWhenOuterStripMinedLoopRemoved.jtr
compiler/longcountedloops/TestDeadLongPhi.java,Passed. Execution successful,166,/workspace/work/jtreg/tier12-legacy12/work/compiler/longcountedloops/TestDeadLongPhi.jtr
compiler/longcountedloops/TestInaccurateInnerLoopLimit.java,Passed. Execution successful,160,/workspace/work/jtreg/tier12-legacy12/work/compiler/longcountedloops/TestInaccurateInnerLoopLimit.jtr
compiler/longcountedloops/TestIVPhiTypeIncorrectAfterCCP.java,Passed. Execution successful,177,/workspace/work/jtreg/tier12-legacy12/work/compiler/longcountedloops/TestIVPhiTypeIncorrectAfterCCP.jtr
compiler/longcountedloops/TestLongCountedLoopSplitIf.java,Passed. Execution successful,225,/workspace/work/jtreg/tier12-legacy12/work/compiler/longcountedloops/TestLongCountedLoopSplitIf.jtr
compiler/longcountedloops/TestSafePointWithEAState.java,Passed. Execution successful,140,/workspace/work/jtreg/tier12-legacy12/work/compiler/longcountedloops/TestSafePointWithEAState.jtr
compiler/longcountedloops/TestShortCountedLoopWithLongRCBadAssertPredicate.java,Passed. Execution successful,466,/workspace/work/jtreg/tier12-legacy12/work/compiler/longcountedloops/TestShortCountedLoopWithLongRCBadAssertPredicate.jtr
compiler/longcountedloops/TestShortCountedLoopWithLongRCBadAssertPredicate2.java,Passed. Execution successful,326,/workspace/work/jtreg/tier12-legacy12/work/compiler/longcountedloops/TestShortCountedLoopWithLongRCBadAssertPredicate2.jtr
compiler/longcountedloops/TestShortLoopLostLimit.java,Passed. Execution successful,276,/workspace/work/jtreg/tier12-legacy12/work/compiler/longcountedloops/TestShortLoopLostLimit.jtr
compiler/longcountedloops/TestShortRunningIntLoopWithLongChecksPredicates.java,Passed. Execution successful,295,/workspace/work/jtreg/tier12-legacy12/work/compiler/longcountedloops/TestShortRunningIntLoopWithLongChecksPredicates.jtr
compiler/longcountedloops/TestShortRunningLongCountedLoop.java,Passed. Execution successful,1655,/workspace/work/jtreg/tier12-legacy12/work/compiler/longcountedloops/TestShortRunningLongCountedLoop.jtr
compiler/longcountedloops/TestShortRunningLongCountedLoopPredicatesClone.java,Passed. Execution successful,234,/workspace/work/jtreg/tier12-legacy12/work/compiler/longcountedloops/TestShortRunningLongCountedLoopPredicatesClone.jtr
compiler/longcountedloops/TestShortRunningLongCountedLoopScaleOverflow.java,Passed. Execution successful,277,/workspace/work/jtreg/tier12-legacy12/work/compiler/longcountedloops/TestShortRunningLongCountedLoopScaleOverflow.jtr
compiler/longcountedloops/TestShortRunningLongCountedLoopVectorization.java,Passed. Execution successful,320,/workspace/work/jtreg/tier12-legacy12/work/compiler/longcountedloops/TestShortRunningLongCountedLoopVectorization.jtr
compiler/longcountedloops/TestStressShortRunningLongCountedLoop.java,Passed. Execution successful,994,/workspace/work/jtreg/tier12-legacy12/work/compiler/longcountedloops/TestStressShortRunningLongCountedLoop.jtr
compiler/longcountedloops/TestTooManyLoopOpts.java,Passed. Execution successful,4706,/workspace/work/jtreg/tier12-legacy12/work/compiler/longcountedloops/TestTooManyLoopOpts.jtr
compiler/loopopts/parallel_iv/TestParallelIvInIntCountedLoop.java,Passed. Execution successful,1579,/workspace/work/jtreg/tier12-legacy12/work/compiler/loopopts/parallel_iv/TestParallelIvInIntCountedLoop.jtr
compiler/loopopts/superword/AlignmentOnePack.java,Passed. Execution successful,159,/workspace/work/jtreg/tier12-legacy12/work/compiler/loopopts/superword/AlignmentOnePack.jtr
compiler/loopopts/superword/CoLocatePack.java,Passed. Execution successful,210,/workspace/work/jtreg/tier12-legacy12/work/compiler/loopopts/superword/CoLocatePack.jtr
compiler/loopopts/superword/CoLocatePackMemoryState.java,Passed. Execution successful,194,/workspace/work/jtreg/tier12-legacy12/work/compiler/loopopts/superword/CoLocatePackMemoryState.jtr
compiler/loopopts/superword/MinMaxRed_Int.java,Passed. Execution successful,1774,/workspace/work/jtreg/tier12-legacy12/work/compiler/loopopts/superword/MinMaxRed_Int.jtr
compiler/loopopts/superword/MinMaxRed_Long.java,Passed. Execution successful,1849,/workspace/work/jtreg/tier12-legacy12/work/compiler/loopopts/superword/MinMaxRed_Long.jtr
compiler/loopopts/superword/ProdRed_Double.java,Passed. Execution successful,13893,/workspace/work/jtreg/tier12-legacy12/work/compiler/loopopts/superword/ProdRed_Double.jtr
compiler/loopopts/superword/ProdRed_Float.java,Passed. Execution successful,11391,/workspace/work/jtreg/tier12-legacy12/work/compiler/loopopts/superword/ProdRed_Float.jtr
compiler/loopopts/superword/ProdRed_Int.java,Passed. Execution successful,10308,/workspace/work/jtreg/tier12-legacy12/work/compiler/loopopts/superword/ProdRed_Int.jtr
compiler/loopopts/superword/RedTest_int.java,Passed. Execution successful,7816,/workspace/work/jtreg/tier12-legacy12/work/compiler/loopopts/superword/RedTest_int.jtr
compiler/loopopts/superword/RedTest_long.java,Passed. Execution successful,7263,/workspace/work/jtreg/tier12-legacy12/work/compiler/loopopts/superword/RedTest_long.jtr
compiler/loopopts/superword/ReductionPerf.java,Passed. Execution successful,824,/workspace/work/jtreg/tier12-legacy12/work/compiler/loopopts/superword/ReductionPerf.jtr
compiler/loopopts/superword/SumRed_Double.java,Passed. Execution successful,14098,/workspace/work/jtreg/tier12-legacy12/work/compiler/loopopts/superword/SumRed_Double.jtr
compiler/loopopts/superword/SumRed_Float.java,Passed. Execution successful,11186,/workspace/work/jtreg/tier12-legacy12/work/compiler/loopopts/superword/SumRed_Float.jtr
compiler/loopopts/superword/SumRed_Int.java,Passed. Execution successful,9882,/workspace/work/jtreg/tier12-legacy12/work/compiler/loopopts/superword/SumRed_Int.jtr
compiler/loopopts/superword/SumRed_Long.java,Passed. Execution successful,6714,/workspace/work/jtreg/tier12-legacy12/work/compiler/loopopts/superword/SumRed_Long.jtr
compiler/loopopts/superword/SumRedAbsNeg_Double.java,Passed. Execution successful,13616,/workspace/work/jtreg/tier12-legacy12/work/compiler/loopopts/superword/SumRedAbsNeg_Double.jtr
compiler/loopopts/superword/SumRedAbsNeg_Float.java,Passed. Execution successful,12692,/workspace/work/jtreg/tier12-legacy12/work/compiler/loopopts/superword/SumRedAbsNeg_Float.jtr
compiler/loopopts/superword/SumRedSqrt_Double.java,Passed. Execution successful,26600,/workspace/work/jtreg/tier12-legacy12/work/compiler/loopopts/superword/SumRedSqrt_Double.jtr
compiler/loopopts/superword/SuperWordIntermediateUse.java,Passed. Execution successful,133,/workspace/work/jtreg/tier12-legacy12/work/compiler/loopopts/superword/SuperWordIntermediateUse.jtr
compiler/loopopts/superword/TestAliasing.java,Passed. Execution successful,7282,/workspace/work/jtreg/tier12-legacy12/work/compiler/loopopts/superword/TestAliasing.jtr
compiler/loopopts/superword/TestAliasingCastP2XCtrl.java#all-flags,Passed. Execution successful,750,/workspace/work/jtreg/tier12-legacy12/work/compiler/loopopts/superword/TestAliasingCastP2XCtrl_all-flags.jtr
compiler/loopopts/superword/TestAliasingCastP2XCtrl.java#fewer-flags,Passed. Execution successful,667,/workspace/work/jtreg/tier12-legacy12/work/compiler/loopopts/superword/TestAliasingCastP2XCtrl_fewer-flags.jtr
compiler/loopopts/superword/TestAliasingCastP2XCtrl.java#vanilla,Passed. Execution successful,434,/workspace/work/jtreg/tier12-legacy12/work/compiler/loopopts/superword/TestAliasingCastP2XCtrl_vanilla.jtr
compiler/loopopts/superword/TestAliasingCheckPreLimitNotAvailable.java#all-flags-fixed-stress-seed,Passed. Execution successful,184,/workspace/work/jtreg/tier12-legacy12/work/compiler/loopopts/superword/TestAliasingCheckPreLimitNotAvailable_all-flags-fixed-stress-seed.jtr
compiler/loopopts/superword/TestAliasingCheckPreLimitNotAvailable.java#all-flags-no-stress-seed,Passed. Execution successful,175,/workspace/work/jtreg/tier12-legacy12/work/compiler/loopopts/superword/TestAliasingCheckPreLimitNotAvailable_all-flags-no-stress-seed.jtr
compiler/loopopts/superword/TestAliasingCheckPreLimitNotAvailable.java#fewer-flags,Passed. Execution successful,188,/workspace/work/jtreg/tier12-legacy12/work/compiler/loopopts/superword/TestAliasingCheckPreLimitNotAvailable_fewer-flags.jtr
compiler/loopopts/superword/TestAliasingCheckPreLimitNotAvailable.java#minimal-flags,Passed. Execution successful,179,/workspace/work/jtreg/tier12-legacy12/work/compiler/loopopts/superword/TestAliasingCheckPreLimitNotAvailable_minimal-flags.jtr
compiler/loopopts/superword/TestAliasingCheckPreLimitNotAvailable.java#vanilla,Passed. Execution successful,55,/workspace/work/jtreg/tier12-legacy12/work/compiler/loopopts/superword/TestAliasingCheckPreLimitNotAvailable_vanilla.jtr
compiler/loopopts/superword/TestAliasingCheckVPointerVariablesNotAvailable.java#vanilla,Passed. Execution successful,223,/workspace/work/jtreg/tier12-legacy12/work/compiler/loopopts/superword/TestAliasingCheckVPointerVariablesNotAvailable_vanilla.jtr
compiler/loopopts/superword/TestAliasingCheckVPointerVariablesNotAvailable.java#with-flags,Passed. Execution successful,227,/workspace/work/jtreg/tier12-legacy12/work/compiler/loopopts/superword/TestAliasingCheckVPointerVariablesNotAvailable_with-flags.jtr
compiler/loopopts/superword/TestAliasingFuzzer.java#random-flags,Passed. Execution successful,28498,/workspace/work/jtreg/tier12-legacy12/work/compiler/loopopts/superword/TestAliasingFuzzer_random-flags.jtr
compiler/loopopts/superword/TestAliasingFuzzer.java#vanilla,Passed. Execution successful,32880,/workspace/work/jtreg/tier12-legacy12/work/compiler/loopopts/superword/TestAliasingFuzzer_vanilla.jtr
compiler/loopopts/superword/TestAlignVector.java#AlignVector,Passed. Execution successful,6461,/workspace/work/jtreg/tier12-legacy12/work/compiler/loopopts/superword/TestAlignVector_AlignVector.jtr
compiler/loopopts/superword/TestAlignVector.java#NoAlignVector,Passed. Execution successful,5960,/workspace/work/jtreg/tier12-legacy12/work/compiler/loopopts/superword/TestAlignVector_NoAlignVector.jtr
compiler/loopopts/superword/TestAlignVector.java#NoAlignVector-COH,Passed. Execution successful,6012,/workspace/work/jtreg/tier12-legacy12/work/compiler/loopopts/superword/TestAlignVector_NoAlignVector-COH.jtr
compiler/loopopts/superword/TestAlignVector.java#VerifyAlignVector,Passed. Execution successful,6773,/workspace/work/jtreg/tier12-legacy12/work/compiler/loopopts/superword/TestAlignVector_VerifyAlignVector.jtr
compiler/loopopts/superword/TestAlignVector.java#VerifyAlignVector-COH,Passed. Execution successful,6734,/workspace/work/jtreg/tier12-legacy12/work/compiler/loopopts/superword/TestAlignVector_VerifyAlignVector-COH.jtr
compiler/loopopts/superword/TestAlignVectorFuzzer.java#CompileOnly,Passed. Execution successful,18072,/workspace/work/jtreg/tier12-legacy12/work/compiler/loopopts/superword/TestAlignVectorFuzzer_CompileOnly.jtr
compiler/loopopts/superword/TestAlignVectorFuzzer.java#Vanilla,Passed. Execution successful,24412,/workspace/work/jtreg/tier12-legacy12/work/compiler/loopopts/superword/TestAlignVectorFuzzer_Vanilla.jtr
compiler/loopopts/superword/TestAlignVectorFuzzer.java#VerifyAlignVector,Passed. Execution successful,33498,/workspace/work/jtreg/tier12-legacy12/work/compiler/loopopts/superword/TestAlignVectorFuzzer_VerifyAlignVector.jtr
compiler/loopopts/superword/TestAlignVectorFuzzer.java#VerifyAlignVector-Align16,Passed. Execution successful,22570,/workspace/work/jtreg/tier12-legacy12/work/compiler/loopopts/superword/TestAlignVectorFuzzer_VerifyAlignVector-Align16.jtr
compiler/loopopts/superword/TestAlignVectorFuzzer.java#VerifyAlignVector-NoTieredCompilation-Xbatch,Passed. Execution successful,20738,/workspace/work/jtreg/tier12-legacy12/work/compiler/loopopts/superword/TestAlignVectorFuzzer_VerifyAlignVector-NoTieredCompilation-Xbatch.jtr
compiler/loopopts/superword/TestAutoVectorizationOverrideProfitability.java,Passed. Execution successful,2205,/workspace/work/jtreg/tier12-legacy12/work/compiler/loopopts/superword/TestAutoVectorizationOverrideProfitability.jtr
compiler/loopopts/superword/TestBestAlign.java,Passed. Execution successful,220,/workspace/work/jtreg/tier12-legacy12/work/compiler/loopopts/superword/TestBestAlign.jtr
compiler/loopopts/superword/TestCmpInvar.java,Passed. Execution successful,226,/workspace/work/jtreg/tier12-legacy12/work/compiler/loopopts/superword/TestCmpInvar.jtr
compiler/loopopts/superword/TestCompatibleUseDefTypeSize.java,Passed. Execution successful,1713,/workspace/work/jtreg/tier12-legacy12/work/compiler/loopopts/superword/TestCompatibleUseDefTypeSize.jtr
compiler/loopopts/superword/TestCyclicDependency.java,Passed. Execution successful,5985,/workspace/work/jtreg/tier12-legacy12/work/compiler/loopopts/superword/TestCyclicDependency.jtr
compiler/loopopts/superword/TestDependencyOffsets.java#avx1-v016-A,Passed. Execution successful,4557,/workspace/work/jtreg/tier12-legacy12/work/compiler/loopopts/superword/TestDependencyOffsets_avx1-v016-A.jtr
compiler/loopopts/superword/TestDependencyOffsets.java#avx1-v016-U,Passed. Execution successful,4820,/workspace/work/jtreg/tier12-legacy12/work/compiler/loopopts/superword/TestDependencyOffsets_avx1-v016-U.jtr
compiler/loopopts/superword/TestDependencyOffsets.java#avx1-v032-A,Passed. Execution successful,4740,/workspace/work/jtreg/tier12-legacy12/work/compiler/loopopts/superword/TestDependencyOffsets_avx1-v032-A.jtr
compiler/loopopts/superword/TestDependencyOffsets.java#avx1-v032-U,Passed. Execution successful,5387,/workspace/work/jtreg/tier12-legacy12/work/compiler/loopopts/superword/TestDependencyOffsets_avx1-v032-U.jtr
compiler/loopopts/superword/TestDependencyOffsets.java#avx2-v016-A,Passed. Execution successful,5174,/workspace/work/jtreg/tier12-legacy12/work/compiler/loopopts/superword/TestDependencyOffsets_avx2-v016-A.jtr
compiler/loopopts/superword/TestDependencyOffsets.java#avx2-v016-U,Passed. Execution successful,5166,/workspace/work/jtreg/tier12-legacy12/work/compiler/loopopts/superword/TestDependencyOffsets_avx2-v016-U.jtr
compiler/loopopts/superword/TestDependencyOffsets.java#avx2-v032-A,Passed. Execution successful,4848,/workspace/work/jtreg/tier12-legacy12/work/compiler/loopopts/superword/TestDependencyOffsets_avx2-v032-A.jtr
compiler/loopopts/superword/TestDependencyOffsets.java#avx2-v032-U,Passed. Execution successful,5475,/workspace/work/jtreg/tier12-legacy12/work/compiler/loopopts/superword/TestDependencyOffsets_avx2-v032-U.jtr
compiler/loopopts/superword/TestDependencyOffsets.java#avx512bw-v032-A,Passed. Execution successful,4961,/workspace/work/jtreg/tier12-legacy12/work/compiler/loopopts/superword/TestDependencyOffsets_avx512bw-v032-A.jtr
compiler/loopopts/superword/TestDependencyOffsets.java#avx512bw-v032-U,Passed. Execution successful,5375,/workspace/work/jtreg/tier12-legacy12/work/compiler/loopopts/superword/TestDependencyOffsets_avx512bw-v032-U.jtr
compiler/loopopts/superword/TestDependencyOffsets.java#avx512bw-v064-A,Passed. Execution successful,5603,/workspace/work/jtreg/tier12-legacy12/work/compiler/loopopts/superword/TestDependencyOffsets_avx512bw-v064-A.jtr
compiler/loopopts/superword/TestDependencyOffsets.java#avx512bw-v064-U,Passed. Execution successful,5595,/workspace/work/jtreg/tier12-legacy12/work/compiler/loopopts/superword/TestDependencyOffsets_avx512bw-v064-U.jtr
compiler/loopopts/superword/TestDependencyOffsets.java#avx512-v032-A,Passed. Execution successful,4910,/workspace/work/jtreg/tier12-legacy12/work/compiler/loopopts/superword/TestDependencyOffsets_avx512-v032-A.jtr
compiler/loopopts/superword/TestDependencyOffsets.java#avx512-v032-U,Passed. Execution successful,5115,/workspace/work/jtreg/tier12-legacy12/work/compiler/loopopts/superword/TestDependencyOffsets_avx512-v032-U.jtr
compiler/loopopts/superword/TestDependencyOffsets.java#avx512-v064-A,Passed. Execution successful,5223,/workspace/work/jtreg/tier12-legacy12/work/compiler/loopopts/superword/TestDependencyOffsets_avx512-v064-A.jtr
compiler/loopopts/superword/TestDependencyOffsets.java#avx512-v064-U,Passed. Execution successful,5511,/workspace/work/jtreg/tier12-legacy12/work/compiler/loopopts/superword/TestDependencyOffsets_avx512-v064-U.jtr
compiler/loopopts/superword/TestDependencyOffsets.java#sse4-v004-A,Passed. Execution successful,4514,/workspace/work/jtreg/tier12-legacy12/work/compiler/loopopts/superword/TestDependencyOffsets_sse4-v004-A.jtr
compiler/loopopts/superword/TestDependencyOffsets.java#sse4-v004-U,Passed. Execution successful,4537,/workspace/work/jtreg/tier12-legacy12/work/compiler/loopopts/superword/TestDependencyOffsets_sse4-v004-U.jtr
compiler/loopopts/superword/TestDependencyOffsets.java#sse4-v008-A,Passed. Execution successful,4620,/workspace/work/jtreg/tier12-legacy12/work/compiler/loopopts/superword/TestDependencyOffsets_sse4-v008-A.jtr
compiler/loopopts/superword/TestDependencyOffsets.java#sse4-v008-U,Passed. Execution successful,4407,/workspace/work/jtreg/tier12-legacy12/work/compiler/loopopts/superword/TestDependencyOffsets_sse4-v008-U.jtr
compiler/loopopts/superword/TestDependencyOffsets.java#sse4-v016-A,Passed. Execution successful,4580,/workspace/work/jtreg/tier12-legacy12/work/compiler/loopopts/superword/TestDependencyOffsets_sse4-v016-A.jtr
compiler/loopopts/superword/TestDependencyOffsets.java#sse4-v016-U,Passed. Execution successful,4871,/workspace/work/jtreg/tier12-legacy12/work/compiler/loopopts/superword/TestDependencyOffsets_sse4-v016-U.jtr
compiler/loopopts/superword/TestDependencyOffsets.java#vanilla-A,Passed. Execution successful,5106,/workspace/work/jtreg/tier12-legacy12/work/compiler/loopopts/superword/TestDependencyOffsets_vanilla-A.jtr
compiler/loopopts/superword/TestDependencyOffsets.java#vanilla-U,Passed. Execution successful,5460,/workspace/work/jtreg/tier12-legacy12/work/compiler/loopopts/superword/TestDependencyOffsets_vanilla-U.jtr
compiler/loopopts/superword/TestDoNotFilterNaNSummands.java,Passed. Execution successful,494,/workspace/work/jtreg/tier12-legacy12/work/compiler/loopopts/superword/TestDoNotFilterNaNSummands.jtr
compiler/loopopts/superword/TestEliminateAllocationWithCastP2XUse.java,Passed. Execution successful,663,/workspace/work/jtreg/tier12-legacy12/work/compiler/loopopts/superword/TestEliminateAllocationWithCastP2XUse.jtr
compiler/loopopts/superword/TestEquivalentInvariants.java,Passed. Execution successful,37681,/workspace/work/jtreg/tier12-legacy12/work/compiler/loopopts/superword/TestEquivalentInvariants.jtr
compiler/loopopts/superword/TestFuzzPreLoop.java,Passed. Execution successful,362,/workspace/work/jtreg/tier12-legacy12/work/compiler/loopopts/superword/TestFuzzPreLoop.jtr
compiler/loopopts/superword/TestGeneralizedReductions.java,Passed. Execution successful,780,/workspace/work/jtreg/tier12-legacy12/work/compiler/loopopts/superword/TestGeneralizedReductions.jtr
compiler/loopopts/superword/TestHoistedReductionNode.java,Passed. Execution successful,198,/workspace/work/jtreg/tier12-legacy12/work/compiler/loopopts/superword/TestHoistedReductionNode.jtr
compiler/loopopts/superword/TestIndependentPacksWithCyclicDependency.java,Passed. Execution successful,4233,/workspace/work/jtreg/tier12-legacy12/work/compiler/loopopts/superword/TestIndependentPacksWithCyclicDependency.jtr
compiler/loopopts/superword/TestIndependentPacksWithCyclicDependency2.java,Passed. Execution successful,475,/workspace/work/jtreg/tier12-legacy12/work/compiler/loopopts/superword/TestIndependentPacksWithCyclicDependency2.jtr
compiler/loopopts/superword/TestLargeCompilation.java,Passed. Execution successful,5122,/workspace/work/jtreg/tier12-legacy12/work/compiler/loopopts/superword/TestLargeCompilation.jtr
compiler/loopopts/superword/TestLargeScaleAndStride.java#AlignVector,Passed. Execution successful,37058,/workspace/work/jtreg/tier12-legacy12/work/compiler/loopopts/superword/TestLargeScaleAndStride_AlignVector.jtr
compiler/loopopts/superword/TestLargeScaleAndStride.java#StoreToLoadForwardingFailureDetection,Passed. Execution successful,37222,/workspace/work/jtreg/tier12-legacy12/work/compiler/loopopts/superword/TestLargeScaleAndStride_StoreToLoadForwardingFailureDetection.jtr
compiler/loopopts/superword/TestLargeScaleAndStride.java#vanilla,Passed. Execution successful,37855,/workspace/work/jtreg/tier12-legacy12/work/compiler/loopopts/superword/TestLargeScaleAndStride_vanilla.jtr
compiler/loopopts/superword/TestLoadSliceWithMultipleMemoryInputStates.java#all-flags,Passed. Execution successful,309,/workspace/work/jtreg/tier12-legacy12/work/compiler/loopopts/superword/TestLoadSliceWithMultipleMemoryInputStates_all-flags.jtr
compiler/loopopts/superword/TestLoadSliceWithMultipleMemoryInputStates.java#fewer-flags,Passed. Execution successful,248,/workspace/work/jtreg/tier12-legacy12/work/compiler/loopopts/superword/TestLoadSliceWithMultipleMemoryInputStates_fewer-flags.jtr
compiler/loopopts/superword/TestLoadSliceWithMultipleMemoryInputStates.java#vanilla,Passed. Execution successful,110,/workspace/work/jtreg/tier12-legacy12/work/compiler/loopopts/superword/TestLoadSliceWithMultipleMemoryInputStates_vanilla.jtr
compiler/loopopts/superword/TestLongReductionChain.java,Passed. Execution successful,344,/workspace/work/jtreg/tier12-legacy12/work/compiler/loopopts/superword/TestLongReductionChain.jtr
compiler/loopopts/superword/TestLoopPhiApplyBadType.java#all-flags-1,Passed. Execution successful,773,/workspace/work/jtreg/tier12-legacy12/work/compiler/loopopts/superword/TestLoopPhiApplyBadType_all-flags-1.jtr
compiler/loopopts/superword/TestLoopPhiApplyBadType.java#all-flags-2,Passed. Execution successful,764,/workspace/work/jtreg/tier12-legacy12/work/compiler/loopopts/superword/TestLoopPhiApplyBadType_all-flags-2.jtr
compiler/loopopts/superword/TestLoopPhiApplyBadType.java#fewer-flags-1,Passed. Execution successful,865,/workspace/work/jtreg/tier12-legacy12/work/compiler/loopopts/superword/TestLoopPhiApplyBadType_fewer-flags-1.jtr
compiler/loopopts/superword/TestLoopPhiApplyBadType.java#fewer-flags-2,Passed. Execution successful,779,/workspace/work/jtreg/tier12-legacy12/work/compiler/loopopts/superword/TestLoopPhiApplyBadType_fewer-flags-2.jtr
compiler/loopopts/superword/TestLoopPhiApplyBadType.java#minimal-flags,Passed. Execution successful,767,/workspace/work/jtreg/tier12-legacy12/work/compiler/loopopts/superword/TestLoopPhiApplyBadType_minimal-flags.jtr
compiler/loopopts/superword/TestLoopPhiApplyBadType.java#no-flags,Passed. Execution successful,191,/workspace/work/jtreg/tier12-legacy12/work/compiler/loopopts/superword/TestLoopPhiApplyBadType_no-flags.jtr
compiler/loopopts/superword/TestMemorySegment_ReassociateInvariants1.java,Passed. Execution successful,2223,/workspace/work/jtreg/tier12-legacy12/work/compiler/loopopts/superword/TestMemorySegment_ReassociateInvariants1.jtr
compiler/loopopts/superword/TestMemorySegment_ReassociateInvariants2.java,Passed. Execution successful,1915,/workspace/work/jtreg/tier12-legacy12/work/compiler/loopopts/superword/TestMemorySegment_ReassociateInvariants2.jtr
compiler/loopopts/superword/TestMemorySegment_SubOfShift.java,Passed. Execution successful,2168,/workspace/work/jtreg/tier12-legacy12/work/compiler/loopopts/superword/TestMemorySegment_SubOfShift.jtr
compiler/loopopts/superword/TestMemorySegment.java#byte-array,Passed. Execution successful,1770,/workspace/work/jtreg/tier12-legacy12/work/compiler/loopopts/superword/TestMemorySegment_byte-array.jtr
compiler/loopopts/superword/TestMemorySegment.java#byte-array-AlignVector,Passed. Execution successful,1650,/workspace/work/jtreg/tier12-legacy12/work/compiler/loopopts/superword/TestMemorySegment_byte-array-AlignVector.jtr
compiler/loopopts/superword/TestMemorySegment.java#byte-array-AlignVector-NoShortRunningLongLoop,Passed. Execution successful,1620,/workspace/work/jtreg/tier12-legacy12/work/compiler/loopopts/superword/TestMemorySegment_byte-array-AlignVector-NoShortRunningLongLoop.jtr
compiler/loopopts/superword/TestMemorySegment.java#byte-array-AlignVector-NoSpeculativeAliasingCheck,Passed. Execution successful,1561,/workspace/work/jtreg/tier12-legacy12/work/compiler/loopopts/superword/TestMemorySegment_byte-array-AlignVector-NoSpeculativeAliasingCheck.jtr
compiler/loopopts/superword/TestMemorySegment.java#byte-array-NoShortRunningLongLoop,Passed. Execution successful,1664,/workspace/work/jtreg/tier12-legacy12/work/compiler/loopopts/superword/TestMemorySegment_byte-array-NoShortRunningLongLoop.jtr
compiler/loopopts/superword/TestMemorySegment.java#byte-array-NoSpeculativeAliasingCheck,Passed. Execution successful,1617,/workspace/work/jtreg/tier12-legacy12/work/compiler/loopopts/superword/TestMemorySegment_byte-array-NoSpeculativeAliasingCheck.jtr
compiler/loopopts/superword/TestMemorySegment.java#byte-array-NoSpeculativeAliasingCheck-NoShortRunningLongLoop,Passed. Execution successful,1621,/workspace/work/jtreg/tier12-legacy12/work/compiler/loopopts/superword/TestMemorySegment_byte-array-NoSpeculativeAliasingCheck-NoShortRunningLongLoop.jtr
compiler/loopopts/superword/TestMemorySegment.java#byte-buffer,Passed. Execution successful,1613,/workspace/work/jtreg/tier12-legacy12/work/compiler/loopopts/superword/TestMemorySegment_byte-buffer.jtr
compiler/loopopts/superword/TestMemorySegment.java#byte-buffer-direct,Passed. Execution successful,1563,/workspace/work/jtreg/tier12-legacy12/work/compiler/loopopts/superword/TestMemorySegment_byte-buffer-direct.jtr
compiler/loopopts/superword/TestMemorySegment.java#char-array,Passed. Execution successful,1573,/workspace/work/jtreg/tier12-legacy12/work/compiler/loopopts/superword/TestMemorySegment_char-array.jtr
compiler/loopopts/superword/TestMemorySegment.java#double-array,Passed. Execution successful,1556,/workspace/work/jtreg/tier12-legacy12/work/compiler/loopopts/superword/TestMemorySegment_double-array.jtr
compiler/loopopts/superword/TestMemorySegment.java#float-array,Passed. Execution successful,1531,/workspace/work/jtreg/tier12-legacy12/work/compiler/loopopts/superword/TestMemorySegment_float-array.jtr
compiler/loopopts/superword/TestMemorySegment.java#int-array,Passed. Execution successful,1532,/workspace/work/jtreg/tier12-legacy12/work/compiler/loopopts/superword/TestMemorySegment_int-array.jtr
compiler/loopopts/superword/TestMemorySegment.java#int-array-AlignVector,Passed. Execution successful,1600,/workspace/work/jtreg/tier12-legacy12/work/compiler/loopopts/superword/TestMemorySegment_int-array-AlignVector.jtr
compiler/loopopts/superword/TestMemorySegment.java#long-array,Passed. Execution successful,1538,/workspace/work/jtreg/tier12-legacy12/work/compiler/loopopts/superword/TestMemorySegment_long-array.jtr
compiler/loopopts/superword/TestMemorySegment.java#long-array-AlignVector,Passed. Execution successful,1622,/workspace/work/jtreg/tier12-legacy12/work/compiler/loopopts/superword/TestMemorySegment_long-array-AlignVector.jtr
compiler/loopopts/superword/TestMemorySegment.java#native,Passed. Execution successful,1524,/workspace/work/jtreg/tier12-legacy12/work/compiler/loopopts/superword/TestMemorySegment_native.jtr
compiler/loopopts/superword/TestMemorySegment.java#native-AlignVector,Passed. Execution successful,1697,/workspace/work/jtreg/tier12-legacy12/work/compiler/loopopts/superword/TestMemorySegment_native-AlignVector.jtr
compiler/loopopts/superword/TestMemorySegment.java#native-AlignVector-NoShortRunningLongLoop,Passed. Execution successful,1933,/workspace/work/jtreg/tier12-legacy12/work/compiler/loopopts/superword/TestMemorySegment_native-AlignVector-NoShortRunningLongLoop.jtr
compiler/loopopts/superword/TestMemorySegment.java#native-AlignVector-NoSpeculativeAliasingCheck,Passed. Execution successful,1672,/workspace/work/jtreg/tier12-legacy12/work/compiler/loopopts/superword/TestMemorySegment_native-AlignVector-NoSpeculativeAliasingCheck.jtr
compiler/loopopts/superword/TestMemorySegment.java#native-NoShortRunningLongLoop,Passed. Execution successful,1660,/workspace/work/jtreg/tier12-legacy12/work/compiler/loopopts/superword/TestMemorySegment_native-NoShortRunningLongLoop.jtr
compiler/loopopts/superword/TestMemorySegment.java#native-NoSpeculativeAliasingCheck,Passed. Execution successful,1627,/workspace/work/jtreg/tier12-legacy12/work/compiler/loopopts/superword/TestMemorySegment_native-NoSpeculativeAliasingCheck.jtr
compiler/loopopts/superword/TestMemorySegment.java#native-NoSpeculativeAliasingCheck-NoShortRunningLongLoop,Passed. Execution successful,1756,/workspace/work/jtreg/tier12-legacy12/work/compiler/loopopts/superword/TestMemorySegment_native-NoSpeculativeAliasingCheck-NoShortRunningLongLoop.jtr
compiler/loopopts/superword/TestMemorySegment.java#short-array,Passed. Execution successful,1727,/workspace/work/jtreg/tier12-legacy12/work/compiler/loopopts/superword/TestMemorySegment_short-array.jtr
compiler/loopopts/superword/TestMemorySegmentAliasing.java#byte-array,Passed. Execution successful,3263,/workspace/work/jtreg/tier12-legacy12/work/compiler/loopopts/superword/TestMemorySegmentAliasing_byte-array.jtr
compiler/loopopts/superword/TestMemorySegmentAliasing.java#byte-array-AlignVector,Passed. Execution successful,3232,/workspace/work/jtreg/tier12-legacy12/work/compiler/loopopts/superword/TestMemorySegmentAliasing_byte-array-AlignVector.jtr
compiler/loopopts/superword/TestMemorySegmentAliasing.java#byte-array-AlignVector-NoShortRunningLongLoop,Passed. Execution successful,3215,/workspace/work/jtreg/tier12-legacy12/work/compiler/loopopts/superword/TestMemorySegmentAliasing_byte-array-AlignVector-NoShortRunningLongLoop.jtr
compiler/loopopts/superword/TestMemorySegmentAliasing.java#byte-array-AlignVector-NoSpeculativeAliasingCheck,Passed. Execution successful,3059,/workspace/work/jtreg/tier12-legacy12/work/compiler/loopopts/superword/TestMemorySegmentAliasing_byte-array-AlignVector-NoSpeculativeAliasingCheck.jtr
compiler/loopopts/superword/TestMemorySegmentAliasing.java#byte-array-NoAutoAlignment,Passed. Execution successful,3165,/workspace/work/jtreg/tier12-legacy12/work/compiler/loopopts/superword/TestMemorySegmentAliasing_byte-array-NoAutoAlignment.jtr
compiler/loopopts/superword/TestMemorySegmentAliasing.java#byte-array-NoShortRunningLongLoop,Passed. Execution successful,3230,/workspace/work/jtreg/tier12-legacy12/work/compiler/loopopts/superword/TestMemorySegmentAliasing_byte-array-NoShortRunningLongLoop.jtr
compiler/loopopts/superword/TestMemorySegmentAliasing.java#byte-array-NoSpeculativeAliasingCheck,Passed. Execution successful,3067,/workspace/work/jtreg/tier12-legacy12/work/compiler/loopopts/superword/TestMemorySegmentAliasing_byte-array-NoSpeculativeAliasingCheck.jtr
compiler/loopopts/superword/TestMemorySegmentAliasing.java#byte-array-NoSpeculativeAliasingCheck-NoShortRunningLongLoop,Passed. Execution successful,3130,/workspace/work/jtreg/tier12-legacy12/work/compiler/loopopts/superword/TestMemorySegmentAliasing_byte-array-NoSpeculativeAliasingCheck-NoShortRunningLongLoop.jtr
compiler/loopopts/superword/TestMemorySegmentAliasing.java#byte-buffer,Passed. Execution successful,3229,/workspace/work/jtreg/tier12-legacy12/work/compiler/loopopts/superword/TestMemorySegmentAliasing_byte-buffer.jtr
compiler/loopopts/superword/TestMemorySegmentAliasing.java#byte-buffer-direct,Passed. Execution successful,3084,/workspace/work/jtreg/tier12-legacy12/work/compiler/loopopts/superword/TestMemorySegmentAliasing_byte-buffer-direct.jtr
compiler/loopopts/superword/TestMemorySegmentAliasing.java#char-array,Passed. Execution successful,3238,/workspace/work/jtreg/tier12-legacy12/work/compiler/loopopts/superword/TestMemorySegmentAliasing_char-array.jtr
compiler/loopopts/superword/TestMemorySegmentAliasing.java#double-array,Passed. Execution successful,3188,/workspace/work/jtreg/tier12-legacy12/work/compiler/loopopts/superword/TestMemorySegmentAliasing_double-array.jtr
compiler/loopopts/superword/TestMemorySegmentAliasing.java#float-array,Passed. Execution successful,3255,/workspace/work/jtreg/tier12-legacy12/work/compiler/loopopts/superword/TestMemorySegmentAliasing_float-array.jtr
compiler/loopopts/superword/TestMemorySegmentAliasing.java#int-array,Passed. Execution successful,3237,/workspace/work/jtreg/tier12-legacy12/work/compiler/loopopts/superword/TestMemorySegmentAliasing_int-array.jtr
compiler/loopopts/superword/TestMemorySegmentAliasing.java#int-array-AlignVector,Passed. Execution successful,3092,/workspace/work/jtreg/tier12-legacy12/work/compiler/loopopts/superword/TestMemorySegmentAliasing_int-array-AlignVector.jtr
compiler/loopopts/superword/TestMemorySegmentAliasing.java#int-array-AlignVector-NoSpeculativeAliasingCheck,Passed. Execution successful,3155,/workspace/work/jtreg/tier12-legacy12/work/compiler/loopopts/superword/TestMemorySegmentAliasing_int-array-AlignVector-NoSpeculativeAliasingCheck.jtr
compiler/loopopts/superword/TestMemorySegmentAliasing.java#int-array-NoAutoAlignment,Passed. Execution successful,3333,/workspace/work/jtreg/tier12-legacy12/work/compiler/loopopts/superword/TestMemorySegmentAliasing_int-array-NoAutoAlignment.jtr
compiler/loopopts/superword/TestMemorySegmentAliasing.java#int-array-NoShortRunningLongLoop,Passed. Execution successful,3373,/workspace/work/jtreg/tier12-legacy12/work/compiler/loopopts/superword/TestMemorySegmentAliasing_int-array-NoShortRunningLongLoop.jtr
compiler/loopopts/superword/TestMemorySegmentAliasing.java#int-array-NoSpeculativeAliasingCheck,Passed. Execution successful,3298,/workspace/work/jtreg/tier12-legacy12/work/compiler/loopopts/superword/TestMemorySegmentAliasing_int-array-NoSpeculativeAliasingCheck.jtr
compiler/loopopts/superword/TestMemorySegmentAliasing.java#int-array-NoSpeculativeAliasingCheck-NoShortRunningLongLoop,Passed. Execution successful,3115,/workspace/work/jtreg/tier12-legacy12/work/compiler/loopopts/superword/TestMemorySegmentAliasing_int-array-NoSpeculativeAliasingCheck-NoShortRunningLongLoop.jtr
compiler/loopopts/superword/TestMemorySegmentAliasing.java#long-array,Passed. Execution successful,3287,/workspace/work/jtreg/tier12-legacy12/work/compiler/loopopts/superword/TestMemorySegmentAliasing_long-array.jtr
compiler/loopopts/superword/TestMemorySegmentAliasing.java#long-array-AlignVector,Passed. Execution successful,3129,/workspace/work/jtreg/tier12-legacy12/work/compiler/loopopts/superword/TestMemorySegmentAliasing_long-array-AlignVector.jtr
compiler/loopopts/superword/TestMemorySegmentAliasing.java#long-array-AlignVector-NoSpeculativeAliasingCheck,Passed. Execution successful,3203,/workspace/work/jtreg/tier12-legacy12/work/compiler/loopopts/superword/TestMemorySegmentAliasing_long-array-AlignVector-NoSpeculativeAliasingCheck.jtr
compiler/loopopts/superword/TestMemorySegmentAliasing.java#long-array-NoSpeculativeAliasingCheck,Passed. Execution successful,3021,/workspace/work/jtreg/tier12-legacy12/work/compiler/loopopts/superword/TestMemorySegmentAliasing_long-array-NoSpeculativeAliasingCheck.jtr
compiler/loopopts/superword/TestMemorySegmentAliasing.java#native,Passed. Execution successful,3044,/workspace/work/jtreg/tier12-legacy12/work/compiler/loopopts/superword/TestMemorySegmentAliasing_native.jtr
compiler/loopopts/superword/TestMemorySegmentAliasing.java#native-AlignVector,Passed. Execution successful,3041,/workspace/work/jtreg/tier12-legacy12/work/compiler/loopopts/superword/TestMemorySegmentAliasing_native-AlignVector.jtr
compiler/loopopts/superword/TestMemorySegmentAliasing.java#native-AlignVector-NoShortRunningLongLoop,Passed. Execution successful,3182,/workspace/work/jtreg/tier12-legacy12/work/compiler/loopopts/superword/TestMemorySegmentAliasing_native-AlignVector-NoShortRunningLongLoop.jtr
compiler/loopopts/superword/TestMemorySegmentAliasing.java#native-AlignVector-NoSpeculativeAliasingCheck,Passed. Execution successful,3157,/workspace/work/jtreg/tier12-legacy12/work/compiler/loopopts/superword/TestMemorySegmentAliasing_native-AlignVector-NoSpeculativeAliasingCheck.jtr
compiler/loopopts/superword/TestMemorySegmentAliasing.java#native-NoShortRunningLongLoop,Passed. Execution successful,3310,/workspace/work/jtreg/tier12-legacy12/work/compiler/loopopts/superword/TestMemorySegmentAliasing_native-NoShortRunningLongLoop.jtr
compiler/loopopts/superword/TestMemorySegmentAliasing.java#native-NoSpeculativeAliasingCheck,Passed. Execution successful,3040,/workspace/work/jtreg/tier12-legacy12/work/compiler/loopopts/superword/TestMemorySegmentAliasing_native-NoSpeculativeAliasingCheck.jtr
compiler/loopopts/superword/TestMemorySegmentAliasing.java#native-NoSpeculativeAliasingCheck-NoShortRunningLongLoop,Passed. Execution successful,3105,/workspace/work/jtreg/tier12-legacy12/work/compiler/loopopts/superword/TestMemorySegmentAliasing_native-NoSpeculativeAliasingCheck-NoShortRunningLongLoop.jtr
compiler/loopopts/superword/TestMemorySegmentAliasing.java#short-array,Passed. Execution successful,3217,/workspace/work/jtreg/tier12-legacy12/work/compiler/loopopts/superword/TestMemorySegmentAliasing_short-array.jtr
compiler/loopopts/superword/TestMemorySegmentByteSizeLongLoopLimit.java,Passed. Execution successful,1776,/workspace/work/jtreg/tier12-legacy12/work/compiler/loopopts/superword/TestMemorySegmentByteSizeLongLoopLimit.jtr
compiler/loopopts/superword/TestMemorySegmentField.java,Passed. Execution successful,1667,/workspace/work/jtreg/tier12-legacy12/work/compiler/loopopts/superword/TestMemorySegmentField.jtr
compiler/loopopts/superword/TestMemorySegmentFilterSummands.java,Passed. Execution successful,5318,/workspace/work/jtreg/tier12-legacy12/work/compiler/loopopts/superword/TestMemorySegmentFilterSummands.jtr
compiler/loopopts/superword/TestMemorySegmentMainLoopAlignment.java,Passed. Execution successful,279,/workspace/work/jtreg/tier12-legacy12/work/compiler/loopopts/superword/TestMemorySegmentMainLoopAlignment.jtr
compiler/loopopts/superword/TestMemorySegmentUnalignedAddress.java#byte-buffer-direct,Passed. Execution successful,1012,/workspace/work/jtreg/tier12-legacy12/work/compiler/loopopts/superword/TestMemorySegmentUnalignedAddress_byte-buffer-direct.jtr
compiler/loopopts/superword/TestMemorySegmentUnalignedAddress.java#byte-buffer-direct-AlignVector,Passed. Execution successful,886,/workspace/work/jtreg/tier12-legacy12/work/compiler/loopopts/superword/TestMemorySegmentUnalignedAddress_byte-buffer-direct-AlignVector.jtr
compiler/loopopts/superword/TestMemorySegmentUnalignedAddress.java#byte-buffer-direct-VerifyAlignVector,Passed. Execution successful,911,/workspace/work/jtreg/tier12-legacy12/work/compiler/loopopts/superword/TestMemorySegmentUnalignedAddress_byte-buffer-direct-VerifyAlignVector.jtr
compiler/loopopts/superword/TestMemorySegmentUnalignedAddress.java#native,Passed. Execution successful,844,/workspace/work/jtreg/tier12-legacy12/work/compiler/loopopts/superword/TestMemorySegmentUnalignedAddress_native.jtr
compiler/loopopts/superword/TestMemorySegmentUnalignedAddress.java#native-AlignVector,Passed. Execution successful,962,/workspace/work/jtreg/tier12-legacy12/work/compiler/loopopts/superword/TestMemorySegmentUnalignedAddress_native-AlignVector.jtr
compiler/loopopts/superword/TestMemorySegmentUnalignedAddress.java#native-VerifyAlignVector,Passed. Execution successful,917,/workspace/work/jtreg/tier12-legacy12/work/compiler/loopopts/superword/TestMemorySegmentUnalignedAddress_native-VerifyAlignVector.jtr
compiler/loopopts/superword/TestMovingLoadBeforeStore.java,Passed. Execution successful,7125,/workspace/work/jtreg/tier12-legacy12/work/compiler/loopopts/superword/TestMovingLoadBeforeStore.jtr
compiler/loopopts/superword/TestMulAddS2I.java,Passed. Execution successful,2705,/workspace/work/jtreg/tier12-legacy12/work/compiler/loopopts/superword/TestMulAddS2I.jtr
compiler/loopopts/superword/TestMultiversionRemoveUselessSlowLoop.java,Passed. Execution successful,638,/workspace/work/jtreg/tier12-legacy12/work/compiler/loopopts/superword/TestMultiversionRemoveUselessSlowLoop.jtr
compiler/loopopts/superword/TestMultiversionSlowProjReplacementAndGetCtrl.java,Passed. Execution successful,471,/workspace/work/jtreg/tier12-legacy12/work/compiler/loopopts/superword/TestMultiversionSlowProjReplacementAndGetCtrl.jtr
compiler/loopopts/superword/TestMultiversionWithPeelMainPost.java,Passed. Execution successful,172,/workspace/work/jtreg/tier12-legacy12/work/compiler/loopopts/superword/TestMultiversionWithPeelMainPost.jtr
compiler/loopopts/superword/TestNegBaseOffset.java,Passed. Execution successful,173,/workspace/work/jtreg/tier12-legacy12/work/compiler/loopopts/superword/TestNegBaseOffset.jtr
compiler/loopopts/superword/TestNoInputInLoop.java#Vanilla,Passed. Execution successful,150,/workspace/work/jtreg/tier12-legacy12/work/compiler/loopopts/superword/TestNoInputInLoop_Vanilla.jtr
compiler/loopopts/superword/TestNoInputInLoop.java#WithFlags,Passed. Execution successful,246,/workspace/work/jtreg/tier12-legacy12/work/compiler/loopopts/superword/TestNoInputInLoop_WithFlags.jtr
compiler/loopopts/superword/TestNoInputInLoop.java#WithMoreFlags,Passed. Execution successful,184,/workspace/work/jtreg/tier12-legacy12/work/compiler/loopopts/superword/TestNoInputInLoop_WithMoreFlags.jtr
compiler/loopopts/superword/TestParallelReduction.java,Passed. Execution successful,151,/workspace/work/jtreg/tier12-legacy12/work/compiler/loopopts/superword/TestParallelReduction.jtr
compiler/loopopts/superword/TestPeeledReductionNode.java,Passed. Execution successful,243,/workspace/work/jtreg/tier12-legacy12/work/compiler/loopopts/superword/TestPeeledReductionNode.jtr
compiler/loopopts/superword/TestPeelMainPostNoMultiversioning.java,Passed. Execution successful,987,/workspace/work/jtreg/tier12-legacy12/work/compiler/loopopts/superword/TestPeelMainPostNoMultiversioning.jtr
compiler/loopopts/superword/TestPickFirstMemoryState.java,Passed. Execution successful,294,/workspace/work/jtreg/tier12-legacy12/work/compiler/loopopts/superword/TestPickFirstMemoryState.jtr
compiler/loopopts/superword/TestPickLastMemoryState.java,Passed. Execution successful,706,/workspace/work/jtreg/tier12-legacy12/work/compiler/loopopts/superword/TestPickLastMemoryState.jtr
compiler/loopopts/superword/TestReductions.java#force-vectorization,Passed. Execution successful,5442,/workspace/work/jtreg/tier12-legacy12/work/compiler/loopopts/superword/TestReductions_force-vectorization.jtr
compiler/loopopts/superword/TestReductions.java#no-vectorization,Passed. Execution successful,3436,/workspace/work/jtreg/tier12-legacy12/work/compiler/loopopts/superword/TestReductions_no-vectorization.jtr
compiler/loopopts/superword/TestReductions.java#vanilla,Passed. Execution successful,3468,/workspace/work/jtreg/tier12-legacy12/work/compiler/loopopts/superword/TestReductions_vanilla.jtr
compiler/loopopts/superword/TestReductionWithLoopVariantUse.java,Passed. Execution successful,351,/workspace/work/jtreg/tier12-legacy12/work/compiler/loopopts/superword/TestReductionWithLoopVariantUse.jtr
compiler/loopopts/superword/TestReinterpretAndCast.java,Passed. Execution successful,1172,/workspace/work/jtreg/tier12-legacy12/work/compiler/loopopts/superword/TestReinterpretAndCast.jtr
compiler/loopopts/superword/TestScheduleReordersScalarMemops.java,Passed. Execution successful,2008,/workspace/work/jtreg/tier12-legacy12/work/compiler/loopopts/superword/TestScheduleReordersScalarMemops.jtr
compiler/loopopts/superword/TestSearchAlignment.java,Passed. Execution successful,148,/workspace/work/jtreg/tier12-legacy12/work/compiler/loopopts/superword/TestSearchAlignment.jtr
compiler/loopopts/superword/TestSplitPacks.java,Passed. Execution successful,12843,/workspace/work/jtreg/tier12-legacy12/work/compiler/loopopts/superword/TestSplitPacks.jtr
compiler/loopopts/superword/TestUnorderedReduction.java#MaxVectorSize16-Unaligned,Passed. Execution successful,604,/workspace/work/jtreg/tier12-legacy12/work/compiler/loopopts/superword/TestUnorderedReduction_MaxVectorSize16-Unaligned.jtr
compiler/loopopts/superword/TestUnorderedReduction.java#MaxVectorSize32-Aligned,Passed. Execution successful,547,/workspace/work/jtreg/tier12-legacy12/work/compiler/loopopts/superword/TestUnorderedReduction_MaxVectorSize32-Aligned.jtr
compiler/loopopts/superword/TestUnorderedReduction.java#Vanilla-Aligned,Passed. Execution successful,579,/workspace/work/jtreg/tier12-legacy12/work/compiler/loopopts/superword/TestUnorderedReduction_Vanilla-Aligned.jtr
compiler/loopopts/superword/TestUnorderedReduction.java#Vanilla-Unaligned,Passed. Execution successful,553,/workspace/work/jtreg/tier12-legacy12/work/compiler/loopopts/superword/TestUnorderedReduction_Vanilla-Unaligned.jtr
compiler/loopopts/superword/TestUnorderedReductionPartialVectorization.java,Passed. Execution successful,1577,/workspace/work/jtreg/tier12-legacy12/work/compiler/loopopts/superword/TestUnorderedReductionPartialVectorization.jtr
compiler/loopopts/superword/TestVectorFPReduction.java,Passed. Execution successful,710,/workspace/work/jtreg/tier12-legacy12/work/compiler/loopopts/superword/TestVectorFPReduction.jtr
compiler/loopopts/superword/TestVectorizationWithInvariant.java,Passed. Execution successful,274,/workspace/work/jtreg/tier12-legacy12/work/compiler/loopopts/superword/TestVectorizationWithInvariant.jtr
compiler/loopopts/superword/TestVectorizeTypeConversionWithUnsafe.java,Passed. Execution successful,283,/workspace/work/jtreg/tier12-legacy12/work/compiler/loopopts/superword/TestVectorizeTypeConversionWithUnsafe.jtr
compiler/loopopts/superword/TestWronglyMarkedReduction.java,Passed. Execution successful,181,/workspace/work/jtreg/tier12-legacy12/work/compiler/loopopts/superword/TestWronglyMarkedReduction.jtr
compiler/loopopts/superword/Vec_MulAddS2I.java,Passed. Execution successful,33503,/workspace/work/jtreg/tier12-legacy12/work/compiler/loopopts/superword/Vec_MulAddS2I.jtr
compiler/loopstripmining/AntiDependentLoadInOuterStripMinedLoop.java,Passed. Execution successful,1559,/workspace/work/jtreg/tier12-legacy12/work/compiler/loopstripmining/AntiDependentLoadInOuterStripMinedLoop.jtr
compiler/loopstripmining/BackedgeNodeWithOutOfLoopControl.java,Passed. Execution successful,230,/workspace/work/jtreg/tier12-legacy12/work/compiler/loopstripmining/BackedgeNodeWithOutOfLoopControl.jtr
compiler/loopstripmining/CheckLoopStripMining.java,Passed. Execution successful,6845,/workspace/work/jtreg/tier12-legacy12/work/compiler/loopstripmining/CheckLoopStripMining.jtr
compiler/loopstripmining/DeadNodesInOuterLoopAtLoopCloning.java,Passed. Execution successful,135,/workspace/work/jtreg/tier12-legacy12/work/compiler/loopstripmining/DeadNodesInOuterLoopAtLoopCloning.jtr
compiler/loopstripmining/DeadNodesInOuterLoopAtLoopCloning2.java,Passed. Execution successful,166,/workspace/work/jtreg/tier12-legacy12/work/compiler/loopstripmining/DeadNodesInOuterLoopAtLoopCloning2.jtr
compiler/loopstripmining/LimitSharedwithOutOfLoopTest.java,Passed. Execution successful,453,/workspace/work/jtreg/tier12-legacy12/work/compiler/loopstripmining/LimitSharedwithOutOfLoopTest.jtr
compiler/loopstripmining/LoadDependsOnIfIdenticalToLoopExit.java,Passed. Execution successful,257,/workspace/work/jtreg/tier12-legacy12/work/compiler/loopstripmining/LoadDependsOnIfIdenticalToLoopExit.jtr
compiler/loopstripmining/LoadSplitThruPhi.java,Passed. Execution successful,156,/workspace/work/jtreg/tier12-legacy12/work/compiler/loopstripmining/LoadSplitThruPhi.jtr
compiler/loopstripmining/MissingStoreAfterOuterStripMinedLoop.java,Passed. Execution successful,437,/workspace/work/jtreg/tier12-legacy12/work/compiler/loopstripmining/MissingStoreAfterOuterStripMinedLoop.jtr
compiler/loopstripmining/OuterStripMinedLoopLoadWronglyHoisted.java,Passed. Execution successful,247,/workspace/work/jtreg/tier12-legacy12/work/compiler/loopstripmining/OuterStripMinedLoopLoadWronglyHoisted.jtr
compiler/loopstripmining/StripMinedLoopReorgOffsets.java,Passed. Execution successful,6305,/workspace/work/jtreg/tier12-legacy12/work/compiler/loopstripmining/StripMinedLoopReorgOffsets.jtr
compiler/loopstripmining/TestAddPAtOuterLoopHead.java,Passed. Execution successful,259,/workspace/work/jtreg/tier12-legacy12/work/compiler/loopstripmining/TestAddPAtOuterLoopHead.jtr
compiler/loopstripmining/TestBrokenEmptyLoopLogic.java,Passed. Execution successful,162,/workspace/work/jtreg/tier12-legacy12/work/compiler/loopstripmining/TestBrokenEmptyLoopLogic.jtr
compiler/loopstripmining/TestCastIIAfterUnrollingInOuterLoop.java,Passed. Execution successful,173,/workspace/work/jtreg/tier12-legacy12/work/compiler/loopstripmining/TestCastIIAfterUnrollingInOuterLoop.jtr
compiler/loopstripmining/TestConservativeAntiDep.java,Passed. Execution successful,234,/workspace/work/jtreg/tier12-legacy12/work/compiler/loopstripmining/TestConservativeAntiDep.jtr
compiler/loopstripmining/TestDeadOuterStripMinedLoop.java,Passed. Execution successful,208,/workspace/work/jtreg/tier12-legacy12/work/compiler/loopstripmining/TestDeadOuterStripMinedLoop.jtr
compiler/loopstripmining/TestEliminatedLoadPinnedOnBackedge.java,Passed. Execution successful,296,/workspace/work/jtreg/tier12-legacy12/work/compiler/loopstripmining/TestEliminatedLoadPinnedOnBackedge.jtr
compiler/loopstripmining/TestIdenticalDominatingCLE.java,Passed. Execution successful,182,/workspace/work/jtreg/tier12-legacy12/work/compiler/loopstripmining/TestIdenticalDominatingCLE.jtr
compiler/loopstripmining/TestLoadOnBackedgeWithPrec.java,Passed. Execution successful,203,/workspace/work/jtreg/tier12-legacy12/work/compiler/loopstripmining/TestLoadOnBackedgeWithPrec.jtr
compiler/loopstripmining/TestLSMBadControlOverride.java,Passed. Execution successful,207,/workspace/work/jtreg/tier12-legacy12/work/compiler/loopstripmining/TestLSMBadControlOverride.jtr
compiler/loopstripmining/TestMismatchedMemoryPhis.java,Passed. Execution successful,279,/workspace/work/jtreg/tier12-legacy12/work/compiler/loopstripmining/TestMismatchedMemoryPhis.jtr
compiler/loopstripmining/TestNondeleteableSafePoint.java,Passed. Execution successful,2238,/workspace/work/jtreg/tier12-legacy12/work/compiler/loopstripmining/TestNondeleteableSafePoint.jtr
compiler/loopstripmining/TestOuterStripMinedDeadAfterExpansion.java,Passed. Execution successful,185,/workspace/work/jtreg/tier12-legacy12/work/compiler/loopstripmining/TestOuterStripMinedDeadAfterExpansion.jtr
compiler/loopstripmining/TestPinnedNodeInInnerLoop.java,Passed. Execution successful,172,/workspace/work/jtreg/tier12-legacy12/work/compiler/loopstripmining/TestPinnedNodeInInnerLoop.jtr
compiler/loopstripmining/TestPinnedUseInOuterLSMUnusedBySfpt.java,Passed. Execution successful,653,/workspace/work/jtreg/tier12-legacy12/work/compiler/loopstripmining/TestPinnedUseInOuterLSMUnusedBySfpt.jtr
compiler/loopstripmining/TestStoresSunkInOuterStripMinedLoop.java,Passed. Execution successful,864,/workspace/work/jtreg/tier12-legacy12/work/compiler/loopstripmining/TestStoresSunkInOuterStripMinedLoop.jtr
compiler/loopstripmining/TestStoreSunkToOuterLoop.java,Passed. Execution successful,192,/workspace/work/jtreg/tier12-legacy12/work/compiler/loopstripmining/TestStoreSunkToOuterLoop.jtr
compiler/loopstripmining/TestStripMinedLimitBelowInit.java,Passed. Execution successful,217,/workspace/work/jtreg/tier12-legacy12/work/compiler/loopstripmining/TestStripMinedLimitBelowInit.jtr
compiler/loopstripmining/TestUseFromInnerInOuterUnusedBySfpt.java,Passed. Execution successful,174,/workspace/work/jtreg/tier12-legacy12/work/compiler/loopstripmining/TestUseFromInnerInOuterUnusedBySfpt.jtr
compiler/loopstripmining/UnexpectedNodeInOuterLoopWhenCloning.java,Passed. Execution successful,183,/workspace/work/jtreg/tier12-legacy12/work/compiler/loopstripmining/UnexpectedNodeInOuterLoopWhenCloning.jtr
compiler/loopstripmining/UnexpectedPinnedNodeInOuterLoop.java,Passed. Execution successful,176,/workspace/work/jtreg/tier12-legacy12/work/compiler/loopstripmining/UnexpectedPinnedNodeInOuterLoop.jtr
compiler/macronodes/TestCompleteVolatileStore.java,Passed. Execution successful,175,/workspace/work/jtreg/tier12-legacy12/work/compiler/macronodes/TestCompleteVolatileStore.jtr
compiler/macronodes/TestEarlyEliminationOfAllocationWithoutUse.java,Passed. Execution successful,310,/workspace/work/jtreg/tier12-legacy12/work/compiler/macronodes/TestEarlyEliminationOfAllocationWithoutUse.jtr
compiler/macronodes/TestEliminateAllocationPhi.java,Passed. Execution successful,296,/workspace/work/jtreg/tier12-legacy12/work/compiler/macronodes/TestEliminateAllocationPhi.jtr
compiler/macronodes/TestEliminationOfAllocationWithoutUse.java,Passed. Execution successful,538,/workspace/work/jtreg/tier12-legacy12/work/compiler/macronodes/TestEliminationOfAllocationWithoutUse.jtr
compiler/macronodes/TestInitializingStoreCapturing.java,Passed. Execution successful,918,/workspace/work/jtreg/tier12-legacy12/work/compiler/macronodes/TestInitializingStoreCapturing.jtr
compiler/macronodes/TestLoopStripMiningInMacroElimination.java,Passed. Execution successful,113,/workspace/work/jtreg/tier12-legacy12/work/compiler/macronodes/TestLoopStripMiningInMacroElimination.jtr
compiler/macronodes/TestTopInMacroElimination.java,Passed. Execution successful,142,/workspace/work/jtreg/tier12-legacy12/work/compiler/macronodes/TestTopInMacroElimination.jtr
compiler/membars/DekkerTest.java,Passed. Execution successful,2711,/workspace/work/jtreg/tier12-legacy12/work/compiler/membars/DekkerTest.jtr
compiler/membars/TestMemBarAcquire.java,Passed. Execution successful,213,/workspace/work/jtreg/tier12-legacy12/work/compiler/membars/TestMemBarAcquire.jtr
compiler/onSpinWait/TestOnSpinWaitEnableDisable.java,Passed. Execution successful,373,/workspace/work/jtreg/tier12-legacy12/work/compiler/onSpinWait/TestOnSpinWaitEnableDisable.jtr
compiler/osr/TestOSRWithNonEmptyStack.java,Passed. Execution successful,284,/workspace/work/jtreg/tier12-legacy12/work/compiler/osr/TestOSRWithNonEmptyStack.jtr
compiler/osr/TestRangeCheck.java,Passed. Execution successful,15,/workspace/work/jtreg/tier12-legacy12/work/compiler/osr/TestRangeCheck.jtr
compiler/parsing/TestAastoreTypeSafe.java,Passed. Execution successful,356,/workspace/work/jtreg/tier12-legacy12/work/compiler/parsing/TestAastoreTypeSafe.jtr
compiler/parsing/TestExceptionBlockWithPredecessorsMain.java,Passed. Execution successful,241,/workspace/work/jtreg/tier12-legacy12/work/compiler/parsing/TestExceptionBlockWithPredecessorsMain.jtr
compiler/parsing/TestMissingSafepointOnSwitch.java,Passed. Execution successful,179,/workspace/work/jtreg/tier12-legacy12/work/compiler/parsing/TestMissingSafepointOnSwitch.jtr
compiler/parsing/TestMissingSafepointOnTryCatch.java,Passed. Execution successful,2257,/workspace/work/jtreg/tier12-legacy12/work/compiler/parsing/TestMissingSafepointOnTryCatch.jtr
compiler/parsing/TestNarrowPhi.java,Passed. Execution successful,1288,/workspace/work/jtreg/tier12-legacy12/work/compiler/parsing/TestNarrowPhi.jtr
compiler/parsing/TestTypeUnsafeFieldStore.java,Passed. Execution successful,659,/workspace/work/jtreg/tier12-legacy12/work/compiler/parsing/TestTypeUnsafeFieldStore.jtr
compiler/parsing/TestUnsafeArrayAccessWithNullBase.java,Passed. Execution successful,473,/workspace/work/jtreg/tier12-legacy12/work/compiler/parsing/TestUnsafeArrayAccessWithNullBase.jtr
compiler/parsing/UnreachableBlockFallsThroughEndOfCode.java,Passed. Execution successful,326,/workspace/work/jtreg/tier12-legacy12/work/compiler/parsing/UnreachableBlockFallsThroughEndOfCode.jtr
compiler/predicates/assertion/TestAssertionPredicateDoesntConstantFold.java,Passed. Execution successful,168,/workspace/work/jtreg/tier12-legacy12/work/compiler/predicates/assertion/TestAssertionPredicateDoesntConstantFold.jtr
compiler/predicates/assertion/TestAssertionPredicates.java#CloneDown,Passed. Execution successful,204,/workspace/work/jtreg/tier12-legacy12/work/compiler/predicates/assertion/TestAssertionPredicates_CloneDown.jtr
compiler/predicates/assertion/TestAssertionPredicates.java#DataUpdate,Passed. Execution successful,1532,/workspace/work/jtreg/tier12-legacy12/work/compiler/predicates/assertion/TestAssertionPredicates_DataUpdate.jtr
compiler/predicates/assertion/TestAssertionPredicates.java#DataUpdateRangeCheckElimination,Passed. Execution successful,860,/workspace/work/jtreg/tier12-legacy12/work/compiler/predicates/assertion/TestAssertionPredicates_DataUpdateRangeCheckElimination.jtr
compiler/predicates/assertion/TestAssertionPredicates.java#DataUpdateZGC,Passed. Execution successful,1214,/workspace/work/jtreg/tier12-legacy12/work/compiler/predicates/assertion/TestAssertionPredicates_DataUpdateZGC.jtr
compiler/predicates/assertion/TestAssertionPredicates.java#LoopMaxUnroll0,Passed. Execution successful,224,/workspace/work/jtreg/tier12-legacy12/work/compiler/predicates/assertion/TestAssertionPredicates_LoopMaxUnroll0.jtr
compiler/predicates/assertion/TestAssertionPredicates.java#LoopMaxUnroll2,Passed. Execution successful,209,/workspace/work/jtreg/tier12-legacy12/work/compiler/predicates/assertion/TestAssertionPredicates_LoopMaxUnroll2.jtr
compiler/predicates/assertion/TestAssertionPredicates.java#LoopUnrollLimit150,Passed. Execution successful,205,/workspace/work/jtreg/tier12-legacy12/work/compiler/predicates/assertion/TestAssertionPredicates_LoopUnrollLimit150.jtr
compiler/predicates/assertion/TestAssertionPredicates.java#LoopUnrollLimit40,Passed. Execution successful,201,/workspace/work/jtreg/tier12-legacy12/work/compiler/predicates/assertion/TestAssertionPredicates_LoopUnrollLimit40.jtr
compiler/predicates/assertion/TestAssertionPredicates.java#NoFlags,Passed. Execution successful,2385,/workspace/work/jtreg/tier12-legacy12/work/compiler/predicates/assertion/TestAssertionPredicates_NoFlags.jtr
compiler/predicates/assertion/TestAssertionPredicates.java#NoLoopPredicationXbatch,Passed. Execution successful,2842,/workspace/work/jtreg/tier12-legacy12/work/compiler/predicates/assertion/TestAssertionPredicates_NoLoopPredicationXbatch.jtr
compiler/predicates/assertion/TestAssertionPredicates.java#NoLoopPredicationXcomp,Passed. Execution successful,3604,/workspace/work/jtreg/tier12-legacy12/work/compiler/predicates/assertion/TestAssertionPredicates_NoLoopPredicationXcomp.jtr
compiler/predicates/assertion/TestAssertionPredicates.java#NoTieredCompilation,Passed. Execution successful,220,/workspace/work/jtreg/tier12-legacy12/work/compiler/predicates/assertion/TestAssertionPredicates_NoTieredCompilation.jtr
compiler/predicates/assertion/TestAssertionPredicates.java#StressXbatch,Passed. Execution successful,2877,/workspace/work/jtreg/tier12-legacy12/work/compiler/predicates/assertion/TestAssertionPredicates_StressXbatch.jtr
compiler/predicates/assertion/TestAssertionPredicates.java#StressXcomp,Passed. Execution successful,3276,/workspace/work/jtreg/tier12-legacy12/work/compiler/predicates/assertion/TestAssertionPredicates_StressXcomp.jtr
compiler/predicates/assertion/TestAssertionPredicates.java#StressXcompMaxUnroll0,Passed. Execution successful,1318,/workspace/work/jtreg/tier12-legacy12/work/compiler/predicates/assertion/TestAssertionPredicates_StressXcompMaxUnroll0.jtr
compiler/predicates/assertion/TestAssertionPredicates.java#UseProfiledLoopPredicateFalse,Passed. Execution successful,199,/workspace/work/jtreg/tier12-legacy12/work/compiler/predicates/assertion/TestAssertionPredicates_UseProfiledLoopPredicateFalse.jtr
compiler/predicates/assertion/TestAssertionPredicates.java#Xbatch,Passed. Execution successful,307,/workspace/work/jtreg/tier12-legacy12/work/compiler/predicates/assertion/TestAssertionPredicates_Xbatch.jtr
compiler/predicates/assertion/TestAssertionPredicates.java#Xcomp,Passed. Execution successful,334,/workspace/work/jtreg/tier12-legacy12/work/compiler/predicates/assertion/TestAssertionPredicates_Xcomp.jtr
compiler/predicates/assertion/TestAssertionPredicates.java#XcompNoTiered,Passed. Execution successful,219,/workspace/work/jtreg/tier12-legacy12/work/compiler/predicates/assertion/TestAssertionPredicates_XcompNoTiered.jtr
compiler/predicates/assertion/TestIfWithPhiInput.java,Passed. Execution successful,175,/workspace/work/jtreg/tier12-legacy12/work/compiler/predicates/assertion/TestIfWithPhiInput.jtr
compiler/predicates/assertion/TestLoadPinnedAboveAssertionPredicatesAndUsingStore.java,Passed. Execution successful,188,/workspace/work/jtreg/tier12-legacy12/work/compiler/predicates/assertion/TestLoadPinnedAboveAssertionPredicatesAndUsingStore.jtr
compiler/predicates/assertion/TestOpaqueInitializedAssertionPredicateNode.java#clone_loop_handle_data_uses,Passed. Execution successful,279,/workspace/work/jtreg/tier12-legacy12/work/compiler/predicates/assertion/TestOpaqueInitializedAssertionPredicateNode_clone_loop_handle_data_uses.jtr
compiler/predicates/assertion/TestOpaqueInitializedAssertionPredicateNode.java#id0,Passed. Execution successful,657,/workspace/work/jtreg/tier12-legacy12/work/compiler/predicates/assertion/TestOpaqueInitializedAssertionPredicateNode_id0.jtr
compiler/predicates/assertion/TestOpaqueInitializedAssertionPredicateNode.java#noflags,Passed. Execution successful,82,/workspace/work/jtreg/tier12-legacy12/work/compiler/predicates/assertion/TestOpaqueInitializedAssertionPredicateNode_noflags.jtr
compiler/predicates/assertion/TestPhiAboveOpaqueInitializedAssertionPredicate.java,Passed. Execution successful,252,/workspace/work/jtreg/tier12-legacy12/work/compiler/predicates/assertion/TestPhiAboveOpaqueInitializedAssertionPredicate.jtr
compiler/predicates/assertion/TestSplitIfCloningDown.java#id0,Passed. Execution successful,527,/workspace/work/jtreg/tier12-legacy12/work/compiler/predicates/assertion/TestSplitIfCloningDown_id0.jtr
compiler/predicates/assertion/TestSplitIfCloningDown.java#no-flags,Passed. Execution successful,315,/workspace/work/jtreg/tier12-legacy12/work/compiler/predicates/assertion/TestSplitIfCloningDown_no-flags.jtr
compiler/predicates/assertion/TestStressDuplicateBackedgeWithAssertionPredicate.java,Passed. Execution successful,260,/workspace/work/jtreg/tier12-legacy12/work/compiler/predicates/assertion/TestStressDuplicateBackedgeWithAssertionPredicate.jtr
compiler/predicates/assertion/TestTemplateAssertionPredicateNotRemoved.java,Passed. Execution successful,416,/workspace/work/jtreg/tier12-legacy12/work/compiler/predicates/assertion/TestTemplateAssertionPredicateNotRemoved.jtr
compiler/predicates/assertion/TestTemplateAssertionPredicateWithTwoUCTs.java,Passed. Execution successful,199,/workspace/work/jtreg/tier12-legacy12/work/compiler/predicates/assertion/TestTemplateAssertionPredicateWithTwoUCTs.jtr
compiler/predicates/assertion/TestTemplateWithoutOpaqueLoopNodes.java#Xbatch,Passed. Execution successful,177,/workspace/work/jtreg/tier12-legacy12/work/compiler/predicates/assertion/TestTemplateWithoutOpaqueLoopNodes_Xbatch.jtr
compiler/predicates/assertion/TestTemplateWithoutOpaqueLoopNodes.java#Xcomp,Passed. Execution successful,185,/workspace/work/jtreg/tier12-legacy12/work/compiler/predicates/assertion/TestTemplateWithoutOpaqueLoopNodes_Xcomp.jtr
compiler/predicates/TestBackToBackParsePredicates.java,Passed. Execution successful,255,/workspace/work/jtreg/tier12-legacy12/work/compiler/predicates/TestBackToBackParsePredicates.jtr
compiler/predicates/TestCloningWithManyDiamondsInExpression.java#id0,Passed. Execution successful,476,/workspace/work/jtreg/tier12-legacy12/work/compiler/predicates/TestCloningWithManyDiamondsInExpression_id0.jtr
compiler/predicates/TestCloningWithManyDiamondsInExpression.java#id1,Passed. Execution successful,427,/workspace/work/jtreg/tier12-legacy12/work/compiler/predicates/TestCloningWithManyDiamondsInExpression_id1.jtr
compiler/predicates/TestCountedLoopMinJintStride.java,Passed. Execution successful,250,/workspace/work/jtreg/tier12-legacy12/work/compiler/predicates/TestCountedLoopMinJintStride.jtr
compiler/predicates/TestDisabledLoopPredicates.java,Passed. Execution successful,1620,/workspace/work/jtreg/tier12-legacy12/work/compiler/predicates/TestDisabledLoopPredicates.jtr
compiler/predicates/TestHoistedPredicateForNonRangeCheck.java#id0,Passed. Execution successful,295,/workspace/work/jtreg/tier12-legacy12/work/compiler/predicates/TestHoistedPredicateForNonRangeCheck_id0.jtr
compiler/predicates/TestHoistedPredicateForNonRangeCheck.java#id1,Passed. Execution successful,483,/workspace/work/jtreg/tier12-legacy12/work/compiler/predicates/TestHoistedPredicateForNonRangeCheck_id1.jtr
compiler/predicates/TestLoopUnswitchingWithoutParsePredicates.java,Passed. Execution successful,199,/workspace/work/jtreg/tier12-legacy12/work/compiler/predicates/TestLoopUnswitchingWithoutParsePredicates.jtr
compiler/predicates/TestParsePredicateUCTWithPhi.java,Passed. Execution successful,182,/workspace/work/jtreg/tier12-legacy12/work/compiler/predicates/TestParsePredicateUCTWithPhi.jtr
compiler/predicates/TestPeelingFindsUnrelatedOpaque4Node.java,Passed. Execution successful,187,/workspace/work/jtreg/tier12-legacy12/work/compiler/predicates/TestPeelingFindsUnrelatedOpaque4Node.jtr
compiler/predicates/TestPredicatesBasic.java,Passed. Execution successful,759,/workspace/work/jtreg/tier12-legacy12/work/compiler/predicates/TestPredicatesBasic.jtr
compiler/predicates/TestTopIntoIfTrue.java,Passed. Execution successful,256,/workspace/work/jtreg/tier12-legacy12/work/compiler/predicates/TestTopIntoIfTrue.jtr
compiler/predicates/TestWrongPredicateOrder.java,Passed. Execution successful,260,/workspace/work/jtreg/tier12-legacy12/work/compiler/predicates/TestWrongPredicateOrder.jtr
compiler/predicates/TestWrongRuntimePredicateDetection.java,Passed. Execution successful,1978,/workspace/work/jtreg/tier12-legacy12/work/compiler/predicates/TestWrongRuntimePredicateDetection.jtr
compiler/profiling/spectrapredefineclass/Launcher.java,Passed. Execution successful,814,/workspace/work/jtreg/tier12-legacy12/work/compiler/profiling/spectrapredefineclass/Launcher.jtr
compiler/profiling/spectrapredefineclass_classloaders/Launcher.java,Passed. Execution successful,1083,/workspace/work/jtreg/tier12-legacy12/work/compiler/profiling/spectrapredefineclass_classloaders/Launcher.jtr
compiler/profiling/unloadingconflict/TestProfileConflictClassUnloading.java,Passed. Execution successful,367,/workspace/work/jtreg/tier12-legacy12/work/compiler/profiling/unloadingconflict/TestProfileConflictClassUnloading.jtr
compiler/profiling/TestMethodDataObjectMutexLeak.java,Passed. Execution successful,7152,/workspace/work/jtreg/tier12-legacy12/work/compiler/profiling/TestMethodDataObjectMutexLeak.jtr
compiler/profiling/TestMethodHandleInvokesIntrinsic.java,Passed. Execution successful,205,/workspace/work/jtreg/tier12-legacy12/work/compiler/profiling/TestMethodHandleInvokesIntrinsic.jtr
compiler/profiling/TestMultiBranchDataOverflow.java,Passed. Execution successful,4755,/workspace/work/jtreg/tier12-legacy12/work/compiler/profiling/TestMultiBranchDataOverflow.jtr
compiler/profiling/TestProfileCounterOverflow.java,Passed. Execution successful,3651,/workspace/work/jtreg/tier12-legacy12/work/compiler/profiling/TestProfileCounterOverflow.jtr
compiler/profiling/TestSharedHeadExceptionBackedges.java,Passed. Execution successful,440,/workspace/work/jtreg/tier12-legacy12/work/compiler/profiling/TestSharedHeadExceptionBackedges.jtr
compiler/profiling/TestSpecTrapClassUnloading.java,Passed. Execution successful,223,/workspace/work/jtreg/tier12-legacy12/work/compiler/profiling/TestSpecTrapClassUnloading.jtr
compiler/profiling/TestTypeProfileArgsLimit.java,Passed. Execution successful,635,/workspace/work/jtreg/tier12-legacy12/work/compiler/profiling/TestTypeProfileArgsLimit.jtr
compiler/profiling/TestTypeProfiling.java,Passed. Execution successful,534,/workspace/work/jtreg/tier12-legacy12/work/compiler/profiling/TestTypeProfiling.jtr
compiler/profiling/TestUnexpectedProfilingMismatch.java,Passed. Execution successful,219,/workspace/work/jtreg/tier12-legacy12/work/compiler/profiling/TestUnexpectedProfilingMismatch.jtr
compiler/profiling/UnsafeAccess.java,Passed. Execution successful,322,/workspace/work/jtreg/tier12-legacy12/work/compiler/profiling/UnsafeAccess.jtr
compiler/rangechecks/PowerOf2SizedArraysChecks.java,Passed. Execution successful,471,/workspace/work/jtreg/tier12-legacy12/work/compiler/rangechecks/PowerOf2SizedArraysChecks.jtr
compiler/rangechecks/RangeCheckEliminationScaleNotOne.java,Passed. Execution successful,441,/workspace/work/jtreg/tier12-legacy12/work/compiler/rangechecks/RangeCheckEliminationScaleNotOne.jtr
compiler/rangechecks/TestArrayAccessAboveRCAfterPartialPeeling.java,Passed. Execution successful,235,/workspace/work/jtreg/tier12-legacy12/work/compiler/rangechecks/TestArrayAccessAboveRCAfterPartialPeeling.jtr
compiler/rangechecks/TestArrayAccessAboveRCAfterRCCastIIEliminated.java,Passed. Execution successful,949,/workspace/work/jtreg/tier12-legacy12/work/compiler/rangechecks/TestArrayAccessAboveRCAfterRCCastIIEliminated.jtr
compiler/rangechecks/TestArrayAccessAboveRCAfterSinking.java,Passed. Execution successful,212,/workspace/work/jtreg/tier12-legacy12/work/compiler/rangechecks/TestArrayAccessAboveRCAfterSinking.jtr
compiler/rangechecks/TestArrayAccessAboveRCAfterSmearingOrPredication.java,Passed. Execution successful,207,/workspace/work/jtreg/tier12-legacy12/work/compiler/rangechecks/TestArrayAccessAboveRCAfterSmearingOrPredication.jtr
compiler/rangechecks/TestArrayAccessAboveRCAfterSplitIf.java,Passed. Execution successful,209,/workspace/work/jtreg/tier12-legacy12/work/compiler/rangechecks/TestArrayAccessAboveRCAfterSplitIf.jtr
compiler/rangechecks/TestArrayAccessAboveRCAfterUnswitching.java,Passed. Execution successful,704,/workspace/work/jtreg/tier12-legacy12/work/compiler/rangechecks/TestArrayAccessAboveRCAfterUnswitching.jtr
compiler/rangechecks/TestArrayAccessAboveRCForArrayCopyLoad.java,Passed. Execution successful,200,/workspace/work/jtreg/tier12-legacy12/work/compiler/rangechecks/TestArrayAccessAboveRCForArrayCopyLoad.jtr
compiler/rangechecks/TestArrayAccessCastIIAboveRC.java,Passed. Execution successful,256,/workspace/work/jtreg/tier12-legacy12/work/compiler/rangechecks/TestArrayAccessCastIIAboveRC.jtr
compiler/rangechecks/TestBadFoldCompare.java,Passed. Execution successful,246,/workspace/work/jtreg/tier12-legacy12/work/compiler/rangechecks/TestBadFoldCompare.jtr
compiler/rangechecks/TestEmptyLoopDeadCast.java,Passed. Execution successful,190,/workspace/work/jtreg/tier12-legacy12/work/compiler/rangechecks/TestEmptyLoopDeadCast.jtr
compiler/rangechecks/TestExplicitRangeChecks.java,Passed. Execution successful,1700,/workspace/work/jtreg/tier12-legacy12/work/compiler/rangechecks/TestExplicitRangeChecks.jtr
compiler/rangechecks/TestFoldCompares.java#vanilla,Passed. Execution successful,1183,/workspace/work/jtreg/tier12-legacy12/work/compiler/rangechecks/TestFoldCompares_vanilla.jtr
compiler/rangechecks/TestFoldCompares.java#Xcomp,Passed. Execution successful,649,/workspace/work/jtreg/tier12-legacy12/work/compiler/rangechecks/TestFoldCompares_Xcomp.jtr
compiler/rangechecks/TestFoldComparesFuzzer.java,Passed. Execution successful,5010,/workspace/work/jtreg/tier12-legacy12/work/compiler/rangechecks/TestFoldComparesFuzzer.jtr
compiler/rangechecks/TestFoldedIfsWrongReexec.java,Passed. Execution successful,450,/workspace/work/jtreg/tier12-legacy12/work/compiler/rangechecks/TestFoldedIfsWrongReexec.jtr
compiler/rangechecks/TestLargeScaleInLongRCOverflow.java,Passed. Execution successful,162,/workspace/work/jtreg/tier12-legacy12/work/compiler/rangechecks/TestLargeScaleInLongRCOverflow.jtr
compiler/rangechecks/TestLimitControlWhenNoRCEliminated.java,Passed. Execution successful,166,/workspace/work/jtreg/tier12-legacy12/work/compiler/rangechecks/TestLimitControlWhenNoRCEliminated.jtr
compiler/rangechecks/TestLongRangeCheck.java,Passed. Execution successful,1424,/workspace/work/jtreg/tier12-legacy12/work/compiler/rangechecks/TestLongRangeCheck.jtr
compiler/rangechecks/TestLongRCWithLoopIncr.java,Passed. Execution successful,226,/workspace/work/jtreg/tier12-legacy12/work/compiler/rangechecks/TestLongRCWithLoopIncr.jtr
compiler/rangechecks/TestRangeCheckCastIISplitThruPhi.java,Passed. Execution successful,503,/workspace/work/jtreg/tier12-legacy12/work/compiler/rangechecks/TestRangeCheckCastIISplitThruPhi.jtr
compiler/rangechecks/TestRangeCheckCmpUOverflow.java,Passed. Execution successful,561,/workspace/work/jtreg/tier12-legacy12/work/compiler/rangechecks/TestRangeCheckCmpUOverflow.jtr
compiler/rangechecks/TestRangeCheckCmpUOverflowVsSub.java,Passed. Execution successful,558,/workspace/work/jtreg/tier12-legacy12/work/compiler/rangechecks/TestRangeCheckCmpUOverflowVsSub.jtr
compiler/rangechecks/TestRangeCheckCmpUUnderflow.java,Passed. Execution successful,2314,/workspace/work/jtreg/tier12-legacy12/work/compiler/rangechecks/TestRangeCheckCmpUUnderflow.jtr
compiler/rangechecks/TestRangeCheckExceptionHandlerLoopMain.java,Passed. Execution successful,233,/workspace/work/jtreg/tier12-legacy12/work/compiler/rangechecks/TestRangeCheckExceptionHandlerLoopMain.jtr
compiler/rangechecks/TestRangeCheckLimits.java,Passed. Execution successful,187,/workspace/work/jtreg/tier12-legacy12/work/compiler/rangechecks/TestRangeCheckLimits.jtr
compiler/rangechecks/TestRangeCheckSmearing.java,Passed. Execution successful,764,/workspace/work/jtreg/tier12-legacy12/work/compiler/rangechecks/TestRangeCheckSmearing.jtr
compiler/rangechecks/TestRangeCheckSmearingLoopOpts.java,Passed. Execution successful,180,/workspace/work/jtreg/tier12-legacy12/work/compiler/rangechecks/TestRangeCheckSmearingLoopOpts.jtr
compiler/rangechecks/TestRCMinInt.java,Passed. Execution successful,229,/workspace/work/jtreg/tier12-legacy12/work/compiler/rangechecks/TestRCMinInt.jtr
compiler/rangechecks/TestSunkRangeFromPreLoopRCE.java,Passed. Execution successful,196,/workspace/work/jtreg/tier12-legacy12/work/compiler/rangechecks/TestSunkRangeFromPreLoopRCE.jtr
compiler/rangechecks/TestSunkRangeFromPreLoopRCE2.java,Passed. Execution successful,485,/workspace/work/jtreg/tier12-legacy12/work/compiler/rangechecks/TestSunkRangeFromPreLoopRCE2.jtr
compiler/rangechecks/TestSunkRangeFromPreLoopRCE3.java#id0,Passed. Execution successful,414,/workspace/work/jtreg/tier12-legacy12/work/compiler/rangechecks/TestSunkRangeFromPreLoopRCE3_id0.jtr
compiler/rangechecks/TestSunkRangeFromPreLoopRCE3.java#id1,Passed. Execution successful,251,/workspace/work/jtreg/tier12-legacy12/work/compiler/rangechecks/TestSunkRangeFromPreLoopRCE3_id1.jtr
compiler/rangechecks/TestUncommonTrapMerging.java,Passed. Execution successful,289,/workspace/work/jtreg/tier12-legacy12/work/compiler/rangechecks/TestUncommonTrapMerging.jtr
compiler/reflection/ArrayNewInstanceOfVoid.java,Passed. Execution successful,199,/workspace/work/jtreg/tier12-legacy12/work/compiler/reflection/ArrayNewInstanceOfVoid.jtr
compiler/reflection/TestSharpenTypeAfterIfMissingTypeCheckInfo.java,Passed. Execution successful,172,/workspace/work/jtreg/tier12-legacy12/work/compiler/reflection/TestSharpenTypeAfterIfMissingTypeCheckInfo.jtr
compiler/regalloc/C1ObjectSpillInLogicOp.java,Passed. Execution successful,150,/workspace/work/jtreg/tier12-legacy12/work/compiler/regalloc/C1ObjectSpillInLogicOp.jtr
compiler/regalloc/TestC1OverlappingRegisterHint.java,Passed. Execution successful,190,/workspace/work/jtreg/tier12-legacy12/work/compiler/regalloc/TestC1OverlappingRegisterHint.jtr
compiler/regalloc/TestC2IntPressure.java,Passed. Execution successful,562,/workspace/work/jtreg/tier12-legacy12/work/compiler/regalloc/TestC2IntPressure.jtr
compiler/regalloc/TestGCMRecalcPressureNodes.java,Passed. Execution successful,226,/workspace/work/jtreg/tier12-legacy12/work/compiler/regalloc/TestGCMRecalcPressureNodes.jtr
compiler/regalloc/TestNodeRegArrayOverflow.java,Passed. Execution successful,292,/workspace/work/jtreg/tier12-legacy12/work/compiler/regalloc/TestNodeRegArrayOverflow.jtr
compiler/regalloc/TestVectorRegAlloc.java,Passed. Execution successful,234,/workspace/work/jtreg/tier12-legacy12/work/compiler/regalloc/TestVectorRegAlloc.jtr
compiler/regalloc/VolatileLoadMemBarsOnlyUses.java,Passed. Execution successful,184,/workspace/work/jtreg/tier12-legacy12/work/compiler/regalloc/VolatileLoadMemBarsOnlyUses.jtr
compiler/runtime/cr6891750/Test6891750.java,Passed. Execution successful,2147,/workspace/work/jtreg/tier12-legacy12/work/compiler/runtime/cr6891750/Test6891750.jtr
compiler/runtime/cr8015436/Test8015436.java,Passed. Execution successful,224,/workspace/work/jtreg/tier12-legacy12/work/compiler/runtime/cr8015436/Test8015436.jtr
compiler/runtime/safepoints/TestMachTempsAcrossSafepoints.java,Passed. Execution successful,908,/workspace/work/jtreg/tier12-legacy12/work/compiler/runtime/safepoints/TestMachTempsAcrossSafepoints.jtr
compiler/runtime/safepoints/TestRegisterRestoring.java,Passed. Execution successful,2147,/workspace/work/jtreg/tier12-legacy12/work/compiler/runtime/safepoints/TestRegisterRestoring.jtr
compiler/runtime/unloaded/TestMHUnloaded.java,Passed. Execution successful,573,/workspace/work/jtreg/tier12-legacy12/work/compiler/runtime/unloaded/TestMHUnloaded.jtr
compiler/runtime/unloaded/TestUnloadedSignatureClass.java,Passed. Execution successful,216,/workspace/work/jtreg/tier12-legacy12/work/compiler/runtime/unloaded/TestUnloadedSignatureClass.jtr
compiler/splitif/TestCrashAtIGVNSplitIfSubType.java,Passed. Execution successful,302,/workspace/work/jtreg/tier12-legacy12/work/compiler/splitif/TestCrashAtIGVNSplitIfSubType.jtr
compiler/splitif/TestLongCountedLoopConvL2I.java,Passed. Execution successful,507,/workspace/work/jtreg/tier12-legacy12/work/compiler/splitif/TestLongCountedLoopConvL2I.jtr
compiler/splitif/TestLongCountedLoopConvL2I2.java,Passed. Execution successful,170,/workspace/work/jtreg/tier12-legacy12/work/compiler/splitif/TestLongCountedLoopConvL2I2.jtr
compiler/splitif/TestSplitDivisionThroughPhi.java#id0,Passed. Execution successful,220,/workspace/work/jtreg/tier12-legacy12/work/compiler/splitif/TestSplitDivisionThroughPhi_id0.jtr
compiler/splitif/TestSplitDivisionThroughPhi.java#id1,Passed. Execution successful,221,/workspace/work/jtreg/tier12-legacy12/work/compiler/splitif/TestSplitDivisionThroughPhi_id1.jtr
compiler/splitif/TestSplitDivisionThroughPhi.java#id2,Passed. Execution successful,200,/workspace/work/jtreg/tier12-legacy12/work/compiler/splitif/TestSplitDivisionThroughPhi_id2.jtr
compiler/splitif/TestSplitDivisionThroughPhi.java#id3,Passed. Execution successful,189,/workspace/work/jtreg/tier12-legacy12/work/compiler/splitif/TestSplitDivisionThroughPhi_id3.jtr
compiler/splitif/TestSplitDivThroughPhiWithControl.java#fuzzer,Passed. Execution successful,1820,/workspace/work/jtreg/tier12-legacy12/work/compiler/splitif/TestSplitDivThroughPhiWithControl_fuzzer.jtr
compiler/splitif/TestSplitDivThroughPhiWithControl.java#normal,Passed. Execution successful,1826,/workspace/work/jtreg/tier12-legacy12/work/compiler/splitif/TestSplitDivThroughPhiWithControl_normal.jtr
compiler/stable/LazyConstantsIrTest.java,Passed. Execution successful,1176,/workspace/work/jtreg/tier12-legacy12/work/compiler/stable/LazyConstantsIrTest.jtr
compiler/stable/TestStableArrayMembars.java,Passed. Execution successful,607,/workspace/work/jtreg/tier12-legacy12/work/compiler/stable/TestStableArrayMembars.jtr
compiler/stable/TestStableBoolean.java,Passed. Execution successful,689,/workspace/work/jtreg/tier12-legacy12/work/compiler/stable/TestStableBoolean.jtr
compiler/stable/TestStableByte.java,Passed. Execution successful,734,/workspace/work/jtreg/tier12-legacy12/work/compiler/stable/TestStableByte.jtr
compiler/stable/TestStableChar.java,Passed. Execution successful,762,/workspace/work/jtreg/tier12-legacy12/work/compiler/stable/TestStableChar.jtr
compiler/stable/TestStableDouble.java,Passed. Execution successful,810,/workspace/work/jtreg/tier12-legacy12/work/compiler/stable/TestStableDouble.jtr
compiler/stable/TestStableFloat.java,Passed. Execution successful,815,/workspace/work/jtreg/tier12-legacy12/work/compiler/stable/TestStableFloat.jtr
compiler/stable/TestStableInt.java,Passed. Execution successful,813,/workspace/work/jtreg/tier12-legacy12/work/compiler/stable/TestStableInt.jtr
compiler/stable/TestStableLong.java,Passed. Execution successful,770,/workspace/work/jtreg/tier12-legacy12/work/compiler/stable/TestStableLong.jtr
compiler/stable/TestStableMemoryBarrier.java,Passed. Execution successful,225,/workspace/work/jtreg/tier12-legacy12/work/compiler/stable/TestStableMemoryBarrier.jtr
compiler/stable/TestStableMismatched.java,Passed. Execution successful,402,/workspace/work/jtreg/tier12-legacy12/work/compiler/stable/TestStableMismatched.jtr
compiler/stable/TestStableObject.java,Passed. Execution successful,748,/workspace/work/jtreg/tier12-legacy12/work/compiler/stable/TestStableObject.jtr
compiler/stable/TestStableShort.java,Passed. Execution successful,797,/workspace/work/jtreg/tier12-legacy12/work/compiler/stable/TestStableShort.jtr
compiler/stable/TestStableUByte.java,Passed. Execution successful,723,/workspace/work/jtreg/tier12-legacy12/work/compiler/stable/TestStableUByte.jtr
compiler/stable/TestStableUShort.java,Passed. Execution successful,738,/workspace/work/jtreg/tier12-legacy12/work/compiler/stable/TestStableUShort.jtr
compiler/stable/TestUnstableStable.java,Passed. Execution successful,1870,/workspace/work/jtreg/tier12-legacy12/work/compiler/stable/TestUnstableStable.jtr
compiler/startup/TieredStopAtLevel0SanityTest.java,Passed. Execution successful,153,/workspace/work/jtreg/tier12-legacy12/work/compiler/startup/TieredStopAtLevel0SanityTest.jtr
compiler/stringopts/TestLongStringConcat.java,Passed. Execution successful,319,/workspace/work/jtreg/tier12-legacy12/work/compiler/stringopts/TestLongStringConcat.jtr
compiler/stringopts/TestOptimizeStringConcat.java,Passed. Execution successful,323,/workspace/work/jtreg/tier12-legacy12/work/compiler/stringopts/TestOptimizeStringConcat.jtr
compiler/stringopts/TestSideEffectBeforeConstructor.java,Passed. Execution successful,263,/workspace/work/jtreg/tier12-legacy12/work/compiler/stringopts/TestSideEffectBeforeConstructor.jtr
compiler/stringopts/TestStackedConcatsAppendUncommonTrap.java,Passed. Execution successful,308,/workspace/work/jtreg/tier12-legacy12/work/compiler/stringopts/TestStackedConcatsAppendUncommonTrap.jtr
compiler/stringopts/TestStackedConcatsMany.java,Passed. Execution successful,1307,/workspace/work/jtreg/tier12-legacy12/work/compiler/stringopts/TestStackedConcatsMany.jtr
compiler/stringopts/TestStackedConcatsSharedTest.java,Passed. Execution successful,249,/workspace/work/jtreg/tier12-legacy12/work/compiler/stringopts/TestStackedConcatsSharedTest.jtr
compiler/stringopts/TestStringObjectInitialization.java,Passed. Execution successful,1688,/workspace/work/jtreg/tier12-legacy12/work/compiler/stringopts/TestStringObjectInitialization.jtr
compiler/types/correctness/CorrectnessTest.java,Passed. Execution successful,2697,/workspace/work/jtreg/tier12-legacy12/work/compiler/types/correctness/CorrectnessTest.jtr
compiler/types/correctness/OffTest.java,Passed. Execution successful,7715,/workspace/work/jtreg/tier12-legacy12/work/compiler/types/correctness/OffTest.jtr
compiler/types/TestArrayManyDimensions.java,Passed. Execution successful,781,/workspace/work/jtreg/tier12-legacy12/work/compiler/types/TestArrayManyDimensions.jtr
compiler/types/TestArrayMeetNotSymmetrical.java,Passed. Execution successful,242,/workspace/work/jtreg/tier12-legacy12/work/compiler/types/TestArrayMeetNotSymmetrical.jtr
compiler/types/TestBadMemSliceWithInterfaces.java,Passed. Execution successful,252,/workspace/work/jtreg/tier12-legacy12/work/compiler/types/TestBadMemSliceWithInterfaces.jtr
compiler/types/TestBottomArrayTypeCheck.java,Passed. Execution successful,184,/workspace/work/jtreg/tier12-legacy12/work/compiler/types/TestBottomArrayTypeCheck.jtr
compiler/types/TestCheckCastPPBecomesTOP.java,Passed. Execution successful,630,/workspace/work/jtreg/tier12-legacy12/work/compiler/types/TestCheckCastPPBecomesTOP.jtr
compiler/types/TestCMovePMachType.java,Passed. Execution successful,287,/workspace/work/jtreg/tier12-legacy12/work/compiler/types/TestCMovePMachType.jtr
compiler/types/TestEACheckCastPP.java,Passed. Execution successful,217,/workspace/work/jtreg/tier12-legacy12/work/compiler/types/TestEACheckCastPP.jtr
compiler/types/TestExactArrayOfBasicType.java,Passed. Execution successful,185,/workspace/work/jtreg/tier12-legacy12/work/compiler/types/TestExactArrayOfBasicType.jtr
compiler/types/TestFoldNECompares.java,Passed. Execution successful,206,/workspace/work/jtreg/tier12-legacy12/work/compiler/types/TestFoldNECompares.jtr
compiler/types/TestIntArraySubTypeOfCloneableDoesnotFold.java,Passed. Execution successful,252,/workspace/work/jtreg/tier12-legacy12/work/compiler/types/TestIntArraySubTypeOfCloneableDoesnotFold.jtr
compiler/types/TestInterfaceArraySubtypeCheck.java,Passed. Execution successful,258,/workspace/work/jtreg/tier12-legacy12/work/compiler/types/TestInterfaceArraySubtypeCheck.jtr
compiler/types/TestMeetExactConstantArrays.java,Passed. Execution successful,161,/workspace/work/jtreg/tier12-legacy12/work/compiler/types/TestMeetExactConstantArrays.jtr
compiler/types/TestMeetIncompatibleInterfaceArrays.java,Passed. Execution successful,1702,/workspace/work/jtreg/tier12-legacy12/work/compiler/types/TestMeetIncompatibleInterfaceArrays.jtr
compiler/types/TestMeetTopArrayExactConstantArray.java,Passed. Execution successful,234,/workspace/work/jtreg/tier12-legacy12/work/compiler/types/TestMeetTopArrayExactConstantArray.jtr
compiler/types/TestMeetXor.java,Passed. Execution successful,545,/workspace/work/jtreg/tier12-legacy12/work/compiler/types/TestMeetXor.jtr
compiler/types/TestMethodHandleSpeculation.java,Passed. Execution successful,183,/workspace/work/jtreg/tier12-legacy12/work/compiler/types/TestMethodHandleSpeculation.jtr
compiler/types/TestPhiElimination.java,Passed. Execution successful,291,/workspace/work/jtreg/tier12-legacy12/work/compiler/types/TestPhiElimination.jtr
compiler/types/TestSpeculationBrokenWithIntArrays.java,Passed. Execution successful,212,/workspace/work/jtreg/tier12-legacy12/work/compiler/types/TestSpeculationBrokenWithIntArrays.jtr
compiler/types/TestSpeculationFailedHigherEqual.java,Passed. Execution successful,244,/workspace/work/jtreg/tier12-legacy12/work/compiler/types/TestSpeculationFailedHigherEqual.jtr
compiler/types/TestSubTypeCheckConstantCastII.java,Passed. Execution successful,194,/workspace/work/jtreg/tier12-legacy12/work/compiler/types/TestSubTypeCheckConstantCastII.jtr
compiler/types/TestSubTypeCheckInterfaceNotImplemented.java,Passed. Execution successful,438,/workspace/work/jtreg/tier12-legacy12/work/compiler/types/TestSubTypeCheckInterfaceNotImplemented.jtr
compiler/types/TestSubTypeCheckMacroNodeWrongMem.java,Passed. Execution successful,200,/workspace/work/jtreg/tier12-legacy12/work/compiler/types/TestSubTypeCheckMacroNodeWrongMem.jtr
compiler/types/TestSubTypeCheckMacroTrichotomy.java,Passed. Execution successful,1045,/workspace/work/jtreg/tier12-legacy12/work/compiler/types/TestSubTypeCheckMacroTrichotomy.jtr
compiler/types/TestSubTypeCheckMismatch.java,Passed. Execution successful,256,/workspace/work/jtreg/tier12-legacy12/work/compiler/types/TestSubTypeCheckMismatch.jtr
compiler/types/TestSubTypeCheckNewObjectNotConstant.java,Passed. Execution successful,249,/workspace/work/jtreg/tier12-legacy12/work/compiler/types/TestSubTypeCheckNewObjectNotConstant.jtr
compiler/types/TestSubTypeCheckStressReflectiveCode.java,Passed. Execution successful,190,/workspace/work/jtreg/tier12-legacy12/work/compiler/types/TestSubTypeCheckStressReflectiveCode.jtr
compiler/types/TestSubTypeCheckUniqueSubclass.java,Passed. Execution successful,1247,/workspace/work/jtreg/tier12-legacy12/work/compiler/types/TestSubTypeCheckUniqueSubclass.jtr
compiler/types/TestSubTypeCheckWithBottomArray.java#stress,Passed. Execution successful,317,/workspace/work/jtreg/tier12-legacy12/work/compiler/types/TestSubTypeCheckWithBottomArray_stress.jtr
compiler/types/TestSubTypeCheckWithBottomArray.java#Xbatch,Passed. Execution successful,198,/workspace/work/jtreg/tier12-legacy12/work/compiler/types/TestSubTypeCheckWithBottomArray_Xbatch.jtr
compiler/types/TestSubTypeCheckWithBottomArray.java#Xcomp,Passed. Execution successful,219,/workspace/work/jtreg/tier12-legacy12/work/compiler/types/TestSubTypeCheckWithBottomArray_Xcomp.jtr
compiler/types/TestSubTypeOfAsbtractClassWrongResult.java,Passed. Execution successful,273,/workspace/work/jtreg/tier12-legacy12/work/compiler/types/TestSubTypeOfAsbtractClassWrongResult.jtr
compiler/types/TestTypePropagationToCmpU.java,Passed. Execution successful,326,/workspace/work/jtreg/tier12-legacy12/work/compiler/types/TestTypePropagationToCmpU.jtr
compiler/types/TypeSpeculation.java,Passed. Execution successful,283,/workspace/work/jtreg/tier12-legacy12/work/compiler/types/TypeSpeculation.jtr
compiler/uncommontrap/Decompile.java,Passed. Execution successful,605,/workspace/work/jtreg/tier12-legacy12/work/compiler/uncommontrap/Decompile.jtr
compiler/uncommontrap/DeoptReallocFailure.java,Passed. Execution successful,495,/workspace/work/jtreg/tier12-legacy12/work/compiler/uncommontrap/DeoptReallocFailure.jtr
compiler/uncommontrap/FoldedIfNonDomMidIf.java,Passed. Execution successful,215,/workspace/work/jtreg/tier12-legacy12/work/compiler/uncommontrap/FoldedIfNonDomMidIf.jtr
compiler/uncommontrap/StackOverflowGuardPagesOff.java,Passed. Execution successful,211,/workspace/work/jtreg/tier12-legacy12/work/compiler/uncommontrap/StackOverflowGuardPagesOff.jtr
compiler/uncommontrap/Test8009761.java,Passed. Execution successful,525,/workspace/work/jtreg/tier12-legacy12/work/compiler/uncommontrap/Test8009761.jtr
compiler/uncommontrap/TestDeoptOOM.java#id0,Passed. Execution successful,620,/workspace/work/jtreg/tier12-legacy12/work/compiler/uncommontrap/TestDeoptOOM_id0.jtr
compiler/uncommontrap/TestDeoptOOM.java#Z,Passed. Execution successful,933,/workspace/work/jtreg/tier12-legacy12/work/compiler/uncommontrap/TestDeoptOOM_Z.jtr
compiler/uncommontrap/TestNullAssertAtCheckCast.java,Passed. Execution successful,594,/workspace/work/jtreg/tier12-legacy12/work/compiler/uncommontrap/TestNullAssertAtCheckCast.jtr
compiler/uncommontrap/TestNullCheckAntiDependence.java,Passed. Execution successful,236,/workspace/work/jtreg/tier12-legacy12/work/compiler/uncommontrap/TestNullCheckAntiDependence.jtr
compiler/uncommontrap/TestStackBangMonitorOwned.java,Passed. Execution successful,248,/workspace/work/jtreg/tier12-legacy12/work/compiler/uncommontrap/TestStackBangMonitorOwned.jtr
compiler/uncommontrap/TestStackBangRbp.java,Passed. Execution successful,236,/workspace/work/jtreg/tier12-legacy12/work/compiler/uncommontrap/TestStackBangRbp.jtr
compiler/uncommontrap/TestUnstableIfTrap.java,Passed. Execution successful,6190,/workspace/work/jtreg/tier12-legacy12/work/compiler/uncommontrap/TestUnstableIfTrap.jtr
compiler/uncommontrap/TraceDeoptimizationNoRealloc.java,Passed. Execution successful,236,/workspace/work/jtreg/tier12-legacy12/work/compiler/uncommontrap/TraceDeoptimizationNoRealloc.jtr
compiler/uncommontrap/UncommonTrapLeak.java,Passed. Execution successful,736,/workspace/work/jtreg/tier12-legacy12/work/compiler/uncommontrap/UncommonTrapLeak.jtr
compiler/uncommontrap/UncommonTrapStackBang.java,Passed. Execution successful,242,/workspace/work/jtreg/tier12-legacy12/work/compiler/uncommontrap/UncommonTrapStackBang.jtr
compiler/unsafe/AlignmentGapAccess.java,Passed. Execution successful,292,/workspace/work/jtreg/tier12-legacy12/work/compiler/unsafe/AlignmentGapAccess.jtr
compiler/unsafe/CASandCAEwithNegExpected.java,Passed. Execution successful,309,/workspace/work/jtreg/tier12-legacy12/work/compiler/unsafe/CASandCAEwithNegExpected.jtr
compiler/unsafe/GetUnsafeObjectG1PreBarrier.java,Passed. Execution successful,374,/workspace/work/jtreg/tier12-legacy12/work/compiler/unsafe/GetUnsafeObjectG1PreBarrier.jtr
compiler/unsafe/JdkInternalMiscUnsafeAccessTestBoolean.java,Passed. Execution successful,1744,/workspace/work/jtreg/tier12-legacy12/work/compiler/unsafe/JdkInternalMiscUnsafeAccessTestBoolean.jtr
compiler/unsafe/JdkInternalMiscUnsafeAccessTestByte.java,Passed. Execution successful,1785,/workspace/work/jtreg/tier12-legacy12/work/compiler/unsafe/JdkInternalMiscUnsafeAccessTestByte.jtr
compiler/unsafe/JdkInternalMiscUnsafeAccessTestChar.java,Passed. Execution successful,2118,/workspace/work/jtreg/tier12-legacy12/work/compiler/unsafe/JdkInternalMiscUnsafeAccessTestChar.jtr
compiler/unsafe/JdkInternalMiscUnsafeAccessTestDouble.java,Passed. Execution successful,1640,/workspace/work/jtreg/tier12-legacy12/work/compiler/unsafe/JdkInternalMiscUnsafeAccessTestDouble.jtr
compiler/unsafe/JdkInternalMiscUnsafeAccessTestFloat.java,Passed. Execution successful,1694,/workspace/work/jtreg/tier12-legacy12/work/compiler/unsafe/JdkInternalMiscUnsafeAccessTestFloat.jtr
compiler/unsafe/JdkInternalMiscUnsafeAccessTestInt.java,Passed. Execution successful,2200,/workspace/work/jtreg/tier12-legacy12/work/compiler/unsafe/JdkInternalMiscUnsafeAccessTestInt.jtr
compiler/unsafe/JdkInternalMiscUnsafeAccessTestLong.java,Passed. Execution successful,2202,/workspace/work/jtreg/tier12-legacy12/work/compiler/unsafe/JdkInternalMiscUnsafeAccessTestLong.jtr
compiler/unsafe/JdkInternalMiscUnsafeAccessTestObject.java,Passed. Execution successful,1581,/workspace/work/jtreg/tier12-legacy12/work/compiler/unsafe/JdkInternalMiscUnsafeAccessTestObject.jtr
compiler/unsafe/JdkInternalMiscUnsafeAccessTestShort.java,Passed. Execution successful,2041,/workspace/work/jtreg/tier12-legacy12/work/compiler/unsafe/JdkInternalMiscUnsafeAccessTestShort.jtr
compiler/unsafe/JdkInternalMiscUnsafeUnalignedAccess.java,Passed. Execution successful,331,/workspace/work/jtreg/tier12-legacy12/work/compiler/unsafe/JdkInternalMiscUnsafeUnalignedAccess.jtr
compiler/unsafe/MaybeOffHeapUnsafeAccessToNewObject.java,Passed. Execution successful,195,/workspace/work/jtreg/tier12-legacy12/work/compiler/unsafe/MaybeOffHeapUnsafeAccessToNewObject.jtr
compiler/unsafe/MisalignedAccesses.java,Passed. Execution successful,429,/workspace/work/jtreg/tier12-legacy12/work/compiler/unsafe/MisalignedAccesses.jtr
compiler/unsafe/MismatchedUnsafeAccessTest.java,Passed. Execution successful,283,/workspace/work/jtreg/tier12-legacy12/work/compiler/unsafe/MismatchedUnsafeAccessTest.jtr
compiler/unsafe/MismatchedUnsafeLoadFromNewObject.java,Passed. Execution successful,280,/workspace/work/jtreg/tier12-legacy12/work/compiler/unsafe/MismatchedUnsafeLoadFromNewObject.jtr
compiler/unsafe/MixedUnsafeStoreObject.java,Passed. Execution successful,457,/workspace/work/jtreg/tier12-legacy12/work/compiler/unsafe/MixedUnsafeStoreObject.jtr
compiler/unsafe/OpaqueAccesses.java,Passed. Execution successful,1339,/workspace/work/jtreg/tier12-legacy12/work/compiler/unsafe/OpaqueAccesses.jtr
compiler/unsafe/SunMiscUnsafeAccessTestBoolean.java,Passed. Execution successful,1410,/workspace/work/jtreg/tier12-legacy12/work/compiler/unsafe/SunMiscUnsafeAccessTestBoolean.jtr
compiler/unsafe/SunMiscUnsafeAccessTestByte.java,Passed. Execution successful,1396,/workspace/work/jtreg/tier12-legacy12/work/compiler/unsafe/SunMiscUnsafeAccessTestByte.jtr
compiler/unsafe/SunMiscUnsafeAccessTestChar.java,Passed. Execution successful,1400,/workspace/work/jtreg/tier12-legacy12/work/compiler/unsafe/SunMiscUnsafeAccessTestChar.jtr
compiler/unsafe/SunMiscUnsafeAccessTestDouble.java,Passed. Execution successful,1371,/workspace/work/jtreg/tier12-legacy12/work/compiler/unsafe/SunMiscUnsafeAccessTestDouble.jtr
compiler/unsafe/SunMiscUnsafeAccessTestFloat.java,Passed. Execution successful,1369,/workspace/work/jtreg/tier12-legacy12/work/compiler/unsafe/SunMiscUnsafeAccessTestFloat.jtr
compiler/unsafe/SunMiscUnsafeAccessTestInt.java,Passed. Execution successful,1528,/workspace/work/jtreg/tier12-legacy12/work/compiler/unsafe/SunMiscUnsafeAccessTestInt.jtr
compiler/unsafe/SunMiscUnsafeAccessTestLong.java,Passed. Execution successful,1552,/workspace/work/jtreg/tier12-legacy12/work/compiler/unsafe/SunMiscUnsafeAccessTestLong.jtr
compiler/unsafe/SunMiscUnsafeAccessTestObject.java,Passed. Execution successful,1409,/workspace/work/jtreg/tier12-legacy12/work/compiler/unsafe/SunMiscUnsafeAccessTestObject.jtr
compiler/unsafe/SunMiscUnsafeAccessTestShort.java,Passed. Execution successful,1377,/workspace/work/jtreg/tier12-legacy12/work/compiler/unsafe/SunMiscUnsafeAccessTestShort.jtr
compiler/unsafe/TestBadBaseAddress.java,Passed. Execution successful,185,/workspace/work/jtreg/tier12-legacy12/work/compiler/unsafe/TestBadBaseAddress.jtr
compiler/unsafe/TestLoopUnswitching.java,Passed. Execution successful,283,/workspace/work/jtreg/tier12-legacy12/work/compiler/unsafe/TestLoopUnswitching.jtr
compiler/unsafe/TestMaybeNullUnsafeAccess.java,Passed. Execution successful,304,/workspace/work/jtreg/tier12-legacy12/work/compiler/unsafe/TestMaybeNullUnsafeAccess.jtr
compiler/unsafe/TestMisalignedUnsafeAccess.java,Passed. Execution successful,208,/workspace/work/jtreg/tier12-legacy12/work/compiler/unsafe/TestMisalignedUnsafeAccess.jtr
compiler/unsafe/TestRawAliasing.java,Passed. Execution successful,234,/workspace/work/jtreg/tier12-legacy12/work/compiler/unsafe/TestRawAliasing.jtr
compiler/unsafe/TestSplitIf.java,Passed. Execution successful,266,/workspace/work/jtreg/tier12-legacy12/work/compiler/unsafe/TestSplitIf.jtr
compiler/unsafe/TestUnsafeLoadControl.java,Passed. Execution successful,279,/workspace/work/jtreg/tier12-legacy12/work/compiler/unsafe/TestUnsafeLoadControl.jtr
compiler/unsafe/TestUnsafeLoadWithZeroAddress.java,Passed. Execution successful,320,/workspace/work/jtreg/tier12-legacy12/work/compiler/unsafe/TestUnsafeLoadWithZeroAddress.jtr
compiler/unsafe/TestUnsafeStaticFieldAccess.java,Passed. Execution successful,195,/workspace/work/jtreg/tier12-legacy12/work/compiler/unsafe/TestUnsafeStaticFieldAccess.jtr
compiler/unsafe/UnsafeArrayCopy.java,Passed. Execution successful,208,/workspace/work/jtreg/tier12-legacy12/work/compiler/unsafe/UnsafeArrayCopy.jtr
compiler/unsafe/UnsafeCopyMemory.java,Passed. Execution successful,396,/workspace/work/jtreg/tier12-legacy12/work/compiler/unsafe/UnsafeCopyMemory.jtr
compiler/unsafe/UnsafeGetConstantField.java,Passed. Execution successful,3494,/workspace/work/jtreg/tier12-legacy12/work/compiler/unsafe/UnsafeGetConstantField.jtr
compiler/unsafe/UnsafeGetStableArrayElement.java,Passed. Execution successful,597,/workspace/work/jtreg/tier12-legacy12/work/compiler/unsafe/UnsafeGetStableArrayElement.jtr
compiler/unsafe/UnsafeOffHeapBooleanTest.java,Passed. Execution successful,525,/workspace/work/jtreg/tier12-legacy12/work/compiler/unsafe/UnsafeOffHeapBooleanTest.jtr
compiler/unsafe/UnsafeOnHeapBooleanTest.java,Passed. Execution successful,595,/workspace/work/jtreg/tier12-legacy12/work/compiler/unsafe/UnsafeOnHeapBooleanTest.jtr
compiler/unsafe/UnsafeRaw.java,Passed. Execution successful,533,/workspace/work/jtreg/tier12-legacy12/work/compiler/unsafe/UnsafeRaw.jtr
compiler/unsafe/UnsafeSmallOffsetBooleanAccessTest.java,Passed. Execution successful,462,/workspace/work/jtreg/tier12-legacy12/work/compiler/unsafe/UnsafeSmallOffsetBooleanAccessTest.jtr
compiler/vectorization/runner/ArrayCopyTest.java,Passed. Execution successful,2549,/workspace/work/jtreg/tier12-legacy12/work/compiler/vectorization/runner/ArrayCopyTest.jtr
compiler/vectorization/runner/ArrayIndexFillTest.java,Passed. Execution successful,2736,/workspace/work/jtreg/tier12-legacy12/work/compiler/vectorization/runner/ArrayIndexFillTest.jtr
compiler/vectorization/runner/ArrayInvariantFillTest.java,Passed. Execution successful,4064,/workspace/work/jtreg/tier12-legacy12/work/compiler/vectorization/runner/ArrayInvariantFillTest.jtr
compiler/vectorization/runner/ArrayShiftOpTest.java,Passed. Execution successful,2830,/workspace/work/jtreg/tier12-legacy12/work/compiler/vectorization/runner/ArrayShiftOpTest.jtr
compiler/vectorization/runner/ArrayTypeConvertTest.java,Passed. Execution successful,14472,/workspace/work/jtreg/tier12-legacy12/work/compiler/vectorization/runner/ArrayTypeConvertTest.jtr
compiler/vectorization/runner/ArrayUnsafeOpTest.java,Passed. Execution successful,1576,/workspace/work/jtreg/tier12-legacy12/work/compiler/vectorization/runner/ArrayUnsafeOpTest.jtr
compiler/vectorization/runner/BasicBooleanOpTest.java,Passed. Execution successful,1668,/workspace/work/jtreg/tier12-legacy12/work/compiler/vectorization/runner/BasicBooleanOpTest.jtr
compiler/vectorization/runner/BasicByteOpTest.java,Passed. Execution successful,2966,/workspace/work/jtreg/tier12-legacy12/work/compiler/vectorization/runner/BasicByteOpTest.jtr
compiler/vectorization/runner/BasicCharOpTest.java,Passed. Execution successful,3041,/workspace/work/jtreg/tier12-legacy12/work/compiler/vectorization/runner/BasicCharOpTest.jtr
compiler/vectorization/runner/BasicDoubleOpTest.java,Passed. Execution successful,3802,/workspace/work/jtreg/tier12-legacy12/work/compiler/vectorization/runner/BasicDoubleOpTest.jtr
compiler/vectorization/runner/BasicFloatOpTest.java,Passed. Execution successful,3268,/workspace/work/jtreg/tier12-legacy12/work/compiler/vectorization/runner/BasicFloatOpTest.jtr
compiler/vectorization/runner/BasicIntOpTest.java,Passed. Execution successful,3572,/workspace/work/jtreg/tier12-legacy12/work/compiler/vectorization/runner/BasicIntOpTest.jtr
compiler/vectorization/runner/BasicLongOpTest.java,Passed. Execution successful,3474,/workspace/work/jtreg/tier12-legacy12/work/compiler/vectorization/runner/BasicLongOpTest.jtr
compiler/vectorization/runner/BasicShortOpTest.java,Passed. Execution successful,3305,/workspace/work/jtreg/tier12-legacy12/work/compiler/vectorization/runner/BasicShortOpTest.jtr
compiler/vectorization/runner/LoopArrayIndexComputeTest.java,Passed. Execution successful,15948,/workspace/work/jtreg/tier12-legacy12/work/compiler/vectorization/runner/LoopArrayIndexComputeTest.jtr
compiler/vectorization/runner/LoopCombinedOpTest.java,Passed. Execution successful,12725,/workspace/work/jtreg/tier12-legacy12/work/compiler/vectorization/runner/LoopCombinedOpTest.jtr
compiler/vectorization/runner/LoopControlFlowTest.java,Passed. Execution successful,1318,/workspace/work/jtreg/tier12-legacy12/work/compiler/vectorization/runner/LoopControlFlowTest.jtr
compiler/vectorization/runner/LoopLiveOutNodesTest.java,Passed. Execution successful,1926,/workspace/work/jtreg/tier12-legacy12/work/compiler/vectorization/runner/LoopLiveOutNodesTest.jtr
compiler/vectorization/runner/LoopRangeStrideTest.java,Passed. Execution successful,2641,/workspace/work/jtreg/tier12-legacy12/work/compiler/vectorization/runner/LoopRangeStrideTest.jtr
compiler/vectorization/runner/LoopReductionOpTest.java,Passed. Execution successful,2302,/workspace/work/jtreg/tier12-legacy12/work/compiler/vectorization/runner/LoopReductionOpTest.jtr
compiler/vectorization/runner/MultipleLoopsTest.java,Passed. Execution successful,1683,/workspace/work/jtreg/tier12-legacy12/work/compiler/vectorization/runner/MultipleLoopsTest.jtr
compiler/vectorization/runner/StripMinedLoopTest.java,Passed. Execution successful,1390,/workspace/work/jtreg/tier12-legacy12/work/compiler/vectorization/runner/StripMinedLoopTest.jtr
compiler/vectorization/TestAbsCharVector.java,Passed. Execution successful,148,/workspace/work/jtreg/tier12-legacy12/work/compiler/vectorization/TestAbsCharVector.jtr
compiler/vectorization/TestAutoVecIntMinMax.java,Passed. Execution successful,819,/workspace/work/jtreg/tier12-legacy12/work/compiler/vectorization/TestAutoVecIntMinMax.jtr
compiler/vectorization/TestBufferVectorization.java,Passed. Execution successful,6331,/workspace/work/jtreg/tier12-legacy12/work/compiler/vectorization/TestBufferVectorization.jtr
compiler/vectorization/TestCMoveWithoutBoolPack.java,Passed. Execution successful,269,/workspace/work/jtreg/tier12-legacy12/work/compiler/vectorization/TestCMoveWithoutBoolPack.jtr
compiler/vectorization/TestComplexAddrExpr.java,Passed. Execution successful,1304,/workspace/work/jtreg/tier12-legacy12/work/compiler/vectorization/TestComplexAddrExpr.jtr
compiler/vectorization/TestFloat16ToFloatConv.java,Passed. Execution successful,1276,/workspace/work/jtreg/tier12-legacy12/work/compiler/vectorization/TestFloat16ToFloatConv.jtr
compiler/vectorization/TestFloat16VectorConvChain.java,Passed. Execution successful,959,/workspace/work/jtreg/tier12-legacy12/work/compiler/vectorization/TestFloat16VectorConvChain.jtr
compiler/vectorization/TestFloat16VectorOperations.java,Passed. Execution successful,7736,/workspace/work/jtreg/tier12-legacy12/work/compiler/vectorization/TestFloat16VectorOperations.jtr
compiler/vectorization/TestFloatConversionsVector.java,Passed. Execution successful,2421,/workspace/work/jtreg/tier12-legacy12/work/compiler/vectorization/TestFloatConversionsVector.jtr
compiler/vectorization/TestForEachRem.java,Passed. Execution successful,1435,/workspace/work/jtreg/tier12-legacy12/work/compiler/vectorization/TestForEachRem.jtr
compiler/vectorization/TestMacroLogicVector.java,Passed. Execution successful,1436,/workspace/work/jtreg/tier12-legacy12/work/compiler/vectorization/TestMacroLogicVector.jtr
compiler/vectorization/TestMaskedVectors.java,Passed. Execution successful,450,/workspace/work/jtreg/tier12-legacy12/work/compiler/vectorization/TestMaskedVectors.jtr
compiler/vectorization/TestMemoryVectorMismatched.java,Passed. Execution successful,176,/workspace/work/jtreg/tier12-legacy12/work/compiler/vectorization/TestMemoryVectorMismatched.jtr
compiler/vectorization/TestNaNVector.java,Passed. Execution successful,263,/workspace/work/jtreg/tier12-legacy12/work/compiler/vectorization/TestNaNVector.jtr
compiler/vectorization/TestNarrowedIntegerReverseBytes.java,Passed. Execution successful,175,/workspace/work/jtreg/tier12-legacy12/work/compiler/vectorization/TestNarrowedIntegerReverseBytes.jtr
compiler/vectorization/TestNumberOfContinuousZeros.java,Passed. Execution successful,2287,/workspace/work/jtreg/tier12-legacy12/work/compiler/vectorization/TestNumberOfContinuousZeros.jtr
compiler/vectorization/TestOffsetSorting.java,Passed. Execution successful,463,/workspace/work/jtreg/tier12-legacy12/work/compiler/vectorization/TestOffsetSorting.jtr
compiler/vectorization/TestOptionVectorize.java,Passed. Execution successful,160,/workspace/work/jtreg/tier12-legacy12/work/compiler/vectorization/TestOptionVectorize.jtr
compiler/vectorization/TestOptionVectorizeIR.java,Passed. Execution successful,1540,/workspace/work/jtreg/tier12-legacy12/work/compiler/vectorization/TestOptionVectorizeIR.jtr
compiler/vectorization/TestOverlappingMismatchedAccesses.java,Passed. Execution successful,224,/workspace/work/jtreg/tier12-legacy12/work/compiler/vectorization/TestOverlappingMismatchedAccesses.jtr
compiler/vectorization/TestPopCountVector.java,Passed. Execution successful,307,/workspace/work/jtreg/tier12-legacy12/work/compiler/vectorization/TestPopCountVector.jtr
compiler/vectorization/TestPopCountVectorLong.java,Passed. Execution successful,751,/workspace/work/jtreg/tier12-legacy12/work/compiler/vectorization/TestPopCountVectorLong.jtr
compiler/vectorization/TestPopulateIndex.java,Passed. Execution successful,880,/workspace/work/jtreg/tier12-legacy12/work/compiler/vectorization/TestPopulateIndex.jtr
compiler/vectorization/TestReplicateAtConv.java,Passed. Execution successful,245,/workspace/work/jtreg/tier12-legacy12/work/compiler/vectorization/TestReplicateAtConv.jtr
compiler/vectorization/TestReplicateLoopIV.java,Passed. Execution successful,289,/workspace/work/jtreg/tier12-legacy12/work/compiler/vectorization/TestReplicateLoopIV.jtr
compiler/vectorization/TestReverseBitsVector.java,Passed. Execution successful,830,/workspace/work/jtreg/tier12-legacy12/work/compiler/vectorization/TestReverseBitsVector.jtr
compiler/vectorization/TestReverseBytes.java,Passed. Execution successful,821,/workspace/work/jtreg/tier12-legacy12/work/compiler/vectorization/TestReverseBytes.jtr
compiler/vectorization/TestRotateByteAndShortVector.java,Passed. Execution successful,9230,/workspace/work/jtreg/tier12-legacy12/work/compiler/vectorization/TestRotateByteAndShortVector.jtr
compiler/vectorization/TestRoundVectDouble.java,Passed. Execution successful,829,/workspace/work/jtreg/tier12-legacy12/work/compiler/vectorization/TestRoundVectDouble.jtr
compiler/vectorization/TestRoundVectFloat.java,Passed. Execution successful,841,/workspace/work/jtreg/tier12-legacy12/work/compiler/vectorization/TestRoundVectFloat.jtr
compiler/vectorization/TestSignumVector.java,Passed. Execution successful,851,/workspace/work/jtreg/tier12-legacy12/work/compiler/vectorization/TestSignumVector.jtr
compiler/vectorization/TestSmallVectorPopIndex.java,Passed. Execution successful,153,/workspace/work/jtreg/tier12-legacy12/work/compiler/vectorization/TestSmallVectorPopIndex.jtr
compiler/vectorization/TestSubwordReverseBytes.java,Passed. Execution successful,2552,/workspace/work/jtreg/tier12-legacy12/work/compiler/vectorization/TestSubwordReverseBytes.jtr
compiler/vectorization/TestSubwordTruncation.java,Passed. Execution successful,28926,/workspace/work/jtreg/tier12-legacy12/work/compiler/vectorization/TestSubwordTruncation.jtr
compiler/vectorization/TestUnexpectedLoadOrdering.java,Passed. Execution successful,214,/workspace/work/jtreg/tier12-legacy12/work/compiler/vectorization/TestUnexpectedLoadOrdering.jtr
compiler/vectorization/TestVectorAlgorithms.java#noOptimizeFill,Passed. Execution successful,7801,/workspace/work/jtreg/tier12-legacy12/work/compiler/vectorization/TestVectorAlgorithms_noOptimizeFill.jtr
compiler/vectorization/TestVectorAlgorithms.java#noSuperWord,Passed. Execution successful,7371,/workspace/work/jtreg/tier12-legacy12/work/compiler/vectorization/TestVectorAlgorithms_noSuperWord.jtr
compiler/vectorization/TestVectorAlgorithms.java#vanilla,Passed. Execution successful,7565,/workspace/work/jtreg/tier12-legacy12/work/compiler/vectorization/TestVectorAlgorithms_vanilla.jtr
compiler/vectorization/TestVectorizationNegativeScale.java,Passed. Execution successful,749,/workspace/work/jtreg/tier12-legacy12/work/compiler/vectorization/TestVectorizationNegativeScale.jtr
compiler/vectorization/TestVectorsNotSavedAtSafepoint.java,Passed. Execution successful,2861,/workspace/work/jtreg/tier12-legacy12/work/compiler/vectorization/TestVectorsNotSavedAtSafepoint.jtr
compiler/vectorization/TestVectorUnalignedOffset.java,Passed. Execution successful,263,/workspace/work/jtreg/tier12-legacy12/work/compiler/vectorization/TestVectorUnalignedOffset.jtr
compiler/vectorization/TestVectorZeroCount.java,Passed. Execution successful,18098,/workspace/work/jtreg/tier12-legacy12/work/compiler/vectorization/TestVectorZeroCount.jtr
gc/arguments/TestAlignmentToUseLargePages.java#id0,Passed. Execution successful,173,/workspace/work/jtreg/tier12-legacy12/work/gc/arguments/TestAlignmentToUseLargePages_id0.jtr
gc/arguments/TestAlignmentToUseLargePages.java#id1,Passed. Execution successful,234,/workspace/work/jtreg/tier12-legacy12/work/gc/arguments/TestAlignmentToUseLargePages_id1.jtr
gc/arguments/TestAlignmentToUseLargePages.java#id2,Passed. Execution successful,234,/workspace/work/jtreg/tier12-legacy12/work/gc/arguments/TestAlignmentToUseLargePages_id2.jtr
gc/arguments/TestAlignmentToUseLargePages.java#id3,Passed. Execution successful,254,/workspace/work/jtreg/tier12-legacy12/work/gc/arguments/TestAlignmentToUseLargePages_id3.jtr
gc/arguments/TestDisableDefaultGC.java,Passed. Execution successful,195,/workspace/work/jtreg/tier12-legacy12/work/gc/arguments/TestDisableDefaultGC.jtr
gc/arguments/TestDynMaxHeapFreeRatio.java,Passed. Execution successful,856,/workspace/work/jtreg/tier12-legacy12/work/gc/arguments/TestDynMaxHeapFreeRatio.jtr
gc/arguments/TestDynMinHeapFreeRatio.java,Passed. Execution successful,640,/workspace/work/jtreg/tier12-legacy12/work/gc/arguments/TestDynMinHeapFreeRatio.jtr
gc/arguments/TestG1ConcMarkStepDurationMillis.java,Passed. Execution successful,539,/workspace/work/jtreg/tier12-legacy12/work/gc/arguments/TestG1ConcMarkStepDurationMillis.jtr
gc/arguments/TestG1ConcRefinementThreads.java,Passed. Execution successful,220,/workspace/work/jtreg/tier12-legacy12/work/gc/arguments/TestG1ConcRefinementThreads.jtr
gc/arguments/TestG1HeapRegionSize.java,Passed. Execution successful,544,/workspace/work/jtreg/tier12-legacy12/work/gc/arguments/TestG1HeapRegionSize.jtr
gc/arguments/TestG1HeapSizeFlags.java,Passed. Execution successful,1060,/workspace/work/jtreg/tier12-legacy12/work/gc/arguments/TestG1HeapSizeFlags.jtr
gc/arguments/TestG1PercentageOptions.java,Passed. Execution successful,284,/workspace/work/jtreg/tier12-legacy12/work/gc/arguments/TestG1PercentageOptions.jtr
gc/arguments/TestG1RemSetFlags.java,Passed. Execution successful,232,/workspace/work/jtreg/tier12-legacy12/work/gc/arguments/TestG1RemSetFlags.jtr
gc/arguments/TestHeapFreeRatio.java,Passed. Execution successful,370,/workspace/work/jtreg/tier12-legacy12/work/gc/arguments/TestHeapFreeRatio.jtr
gc/arguments/TestInitialTenuringThreshold.java,Passed. Execution successful,261,/workspace/work/jtreg/tier12-legacy12/work/gc/arguments/TestInitialTenuringThreshold.jtr
gc/arguments/TestMaxMinHeapFreeRatioFlags.java,Passed. Execution successful,442,/workspace/work/jtreg/tier12-legacy12/work/gc/arguments/TestMaxMinHeapFreeRatioFlags.jtr
gc/arguments/TestMaxNewSize.java#id0,Passed. Execution successful,478,/workspace/work/jtreg/tier12-legacy12/work/gc/arguments/TestMaxNewSize_id0.jtr
gc/arguments/TestMaxNewSize.java#id1,Passed. Execution successful,502,/workspace/work/jtreg/tier12-legacy12/work/gc/arguments/TestMaxNewSize_id1.jtr
gc/arguments/TestMaxNewSize.java#id2,Passed. Execution successful,491,/workspace/work/jtreg/tier12-legacy12/work/gc/arguments/TestMaxNewSize_id2.jtr
gc/arguments/TestMaxRAMPercentage.java,Passed. Skipped: jtreg.SkippedException: Not enough RAM on machine to run. Test skipped!,456,/workspace/work/jtreg/tier12-legacy12/work/gc/arguments/TestMaxRAMPercentage.jtr
gc/arguments/TestMinAndInitialSurvivorRatioFlags.java,Passed. Execution successful,776,/workspace/work/jtreg/tier12-legacy12/work/gc/arguments/TestMinAndInitialSurvivorRatioFlags.jtr
gc/arguments/TestMinInitialErgonomics.java,Passed. Execution successful,1519,/workspace/work/jtreg/tier12-legacy12/work/gc/arguments/TestMinInitialErgonomics.jtr
gc/arguments/TestNewRatioFlag.java,Passed. Execution successful,656,/workspace/work/jtreg/tier12-legacy12/work/gc/arguments/TestNewRatioFlag.jtr
gc/arguments/TestNewSizeFlags.java,Passed. Execution successful,1162,/workspace/work/jtreg/tier12-legacy12/work/gc/arguments/TestNewSizeFlags.jtr
gc/arguments/TestObjectTenuringFlags.java,Passed. Execution successful,955,/workspace/work/jtreg/tier12-legacy12/work/gc/arguments/TestObjectTenuringFlags.jtr
gc/arguments/TestParallelGCErgo.java,Passed. Execution successful,166,/workspace/work/jtreg/tier12-legacy12/work/gc/arguments/TestParallelGCErgo.jtr
gc/arguments/TestParallelGCThreads.java#DefaultValue,Passed. Execution successful,186,/workspace/work/jtreg/tier12-legacy12/work/gc/arguments/TestParallelGCThreads_DefaultValue.jtr
gc/arguments/TestParallelGCThreads.java#G1,Passed. Execution successful,321,/workspace/work/jtreg/tier12-legacy12/work/gc/arguments/TestParallelGCThreads_G1.jtr
gc/arguments/TestParallelGCThreads.java#MaxValue,Passed. Execution successful,177,/workspace/work/jtreg/tier12-legacy12/work/gc/arguments/TestParallelGCThreads_MaxValue.jtr
gc/arguments/TestParallelGCThreads.java#Parallel,Passed. Execution successful,256,/workspace/work/jtreg/tier12-legacy12/work/gc/arguments/TestParallelGCThreads_Parallel.jtr
gc/arguments/TestParallelGCThreads.java#Z,Passed. Execution successful,283,/workspace/work/jtreg/tier12-legacy12/work/gc/arguments/TestParallelGCThreads_Z.jtr
gc/arguments/TestParallelHeapSizeFlags.java,Passed. Execution successful,1000,/workspace/work/jtreg/tier12-legacy12/work/gc/arguments/TestParallelHeapSizeFlags.jtr
gc/arguments/TestSerialHeapSizeFlags.java,Passed. Execution successful,909,/workspace/work/jtreg/tier12-legacy12/work/gc/arguments/TestSerialHeapSizeFlags.jtr
gc/arguments/TestShrinkHeapInSteps.java,Passed. Execution successful,431,/workspace/work/jtreg/tier12-legacy12/work/gc/arguments/TestShrinkHeapInSteps.jtr
gc/arguments/TestSmallInitialHeapWithLargePageAndNUMA.java,Passed. Skipped: jtreg.SkippedException: either NUMA or HugeTLB is not supported,326,/workspace/work/jtreg/tier12-legacy12/work/gc/arguments/TestSmallInitialHeapWithLargePageAndNUMA.jtr
gc/arguments/TestSoftMaxHeapSizeFlag.java,Passed. Execution successful,363,/workspace/work/jtreg/tier12-legacy12/work/gc/arguments/TestSoftMaxHeapSizeFlag.jtr
gc/arguments/TestSoftRefLRUPolicyMSPerMBOverflow.java,Passed. Execution successful,218,/workspace/work/jtreg/tier12-legacy12/work/gc/arguments/TestSoftRefLRUPolicyMSPerMBOverflow.jtr
gc/arguments/TestSurvivorRatioFlag.java,Passed. Execution successful,1620,/workspace/work/jtreg/tier12-legacy12/work/gc/arguments/TestSurvivorRatioFlag.jtr
gc/arguments/TestTargetSurvivorRatioFlag.java,Passed. Execution successful,1522,/workspace/work/jtreg/tier12-legacy12/work/gc/arguments/TestTargetSurvivorRatioFlag.jtr
gc/arguments/TestUnrecognizedVMOptionsHandling.java,Passed. Execution successful,179,/workspace/work/jtreg/tier12-legacy12/work/gc/arguments/TestUnrecognizedVMOptionsHandling.jtr
gc/arguments/TestUseCompressedOopsErgo.java#id0,Passed. Execution successful,1003,/workspace/work/jtreg/tier12-legacy12/work/gc/arguments/TestUseCompressedOopsErgo_id0.jtr
gc/arguments/TestUseCompressedOopsErgo.java#id1,Passed. Execution successful,1001,/workspace/work/jtreg/tier12-legacy12/work/gc/arguments/TestUseCompressedOopsErgo_id1.jtr
gc/arguments/TestUseCompressedOopsErgo.java#id2,Passed. Execution successful,1003,/workspace/work/jtreg/tier12-legacy12/work/gc/arguments/TestUseCompressedOopsErgo_id2.jtr
gc/arguments/TestUseCompressedOopsErgo.java#id3,Passed. Execution successful,1018,/workspace/work/jtreg/tier12-legacy12/work/gc/arguments/TestUseCompressedOopsErgo_id3.jtr
gc/arguments/TestUseCompressedOopsFlagsWithUlimit.java,Passed. Execution successful,172,/workspace/work/jtreg/tier12-legacy12/work/gc/arguments/TestUseCompressedOopsFlagsWithUlimit.jtr
gc/arguments/TestUseNUMAInterleaving.java,Passed. Execution successful,193,/workspace/work/jtreg/tier12-legacy12/work/gc/arguments/TestUseNUMAInterleaving.jtr
gc/arguments/TestVerifyBeforeAndAfterGCFlags.java,Passed. Execution successful,686,/workspace/work/jtreg/tier12-legacy12/work/gc/arguments/TestVerifyBeforeAndAfterGCFlags.jtr
gc/class_unloading/TestClassUnloadingDisabled.java#id0,Passed. Execution successful,295,/workspace/work/jtreg/tier12-legacy12/work/gc/class_unloading/TestClassUnloadingDisabled_id0.jtr
gc/class_unloading/TestClassUnloadingDisabled.java#id1,Passed. Execution successful,338,/workspace/work/jtreg/tier12-legacy12/work/gc/class_unloading/TestClassUnloadingDisabled_id1.jtr
gc/class_unloading/TestClassUnloadingDisabled.java#id2,Passed. Execution successful,340,/workspace/work/jtreg/tier12-legacy12/work/gc/class_unloading/TestClassUnloadingDisabled_id2.jtr
gc/class_unloading/TestClassUnloadingDisabled.java#id3,Passed. Execution successful,363,/workspace/work/jtreg/tier12-legacy12/work/gc/class_unloading/TestClassUnloadingDisabled_id3.jtr
gc/class_unloading/TestG1ClassUnloadingHWM.java,Passed. Execution successful,507,/workspace/work/jtreg/tier12-legacy12/work/gc/class_unloading/TestG1ClassUnloadingHWM.jtr
gc/CondCardMark/Basic.java,Passed. Execution successful,2079,/workspace/work/jtreg/tier12-legacy12/work/gc/CondCardMark/Basic.jtr
gc/cslocker/TestCSLocker.java,Passed. Execution successful,5145,/workspace/work/jtreg/tier12-legacy12/work/gc/cslocker/TestCSLocker.jtr
gc/epsilon/TestAlignment.java#id0,Passed. Execution successful,207,/workspace/work/jtreg/tier12-legacy12/work/gc/epsilon/TestAlignment_id0.jtr
gc/epsilon/TestAlignment.java#id1,Passed. Execution successful,300,/workspace/work/jtreg/tier12-legacy12/work/gc/epsilon/TestAlignment_id1.jtr
gc/epsilon/TestAlwaysPretouch.java,Passed. Execution successful,598,/workspace/work/jtreg/tier12-legacy12/work/gc/epsilon/TestAlwaysPretouch.jtr
gc/epsilon/TestArraycopyCheckcast.java,Passed. Execution successful,5409,/workspace/work/jtreg/tier12-legacy12/work/gc/epsilon/TestArraycopyCheckcast.jtr
gc/epsilon/TestByteArrays.java,Passed. Execution successful,12375,/workspace/work/jtreg/tier12-legacy12/work/gc/epsilon/TestByteArrays.jtr
gc/epsilon/TestClasses.java,Passed. Execution successful,500,/workspace/work/jtreg/tier12-legacy12/work/gc/epsilon/TestClasses.jtr
gc/epsilon/TestDieDefault.java,Passed. Execution successful,1029,/workspace/work/jtreg/tier12-legacy12/work/gc/epsilon/TestDieDefault.jtr
gc/epsilon/TestDieWithHeapDump.java,Passed. Execution successful,1529,/workspace/work/jtreg/tier12-legacy12/work/gc/epsilon/TestDieWithHeapDump.jtr
gc/epsilon/TestDieWithOnError.java,Passed. Execution successful,1119,/workspace/work/jtreg/tier12-legacy12/work/gc/epsilon/TestDieWithOnError.jtr
gc/epsilon/TestElasticTLAB.java,Passed. Execution successful,724,/workspace/work/jtreg/tier12-legacy12/work/gc/epsilon/TestElasticTLAB.jtr
gc/epsilon/TestElasticTLABDecay.java,Passed. Execution successful,8227,/workspace/work/jtreg/tier12-legacy12/work/gc/epsilon/TestElasticTLABDecay.jtr
gc/epsilon/TestEnoughUnusedSpace.java,Passed. Execution successful,134,/workspace/work/jtreg/tier12-legacy12/work/gc/epsilon/TestEnoughUnusedSpace.jtr
gc/epsilon/TestEpsilonEnabled.java,Passed. Execution successful,166,/workspace/work/jtreg/tier12-legacy12/work/gc/epsilon/TestEpsilonEnabled.jtr
gc/epsilon/TestHelloWorld.java,Passed. Execution successful,141,/workspace/work/jtreg/tier12-legacy12/work/gc/epsilon/TestHelloWorld.jtr
gc/epsilon/TestInitAllocs.java#coh,Passed. Execution successful,14783,/workspace/work/jtreg/tier12-legacy12/work/gc/epsilon/TestInitAllocs_coh.jtr
gc/epsilon/TestInitAllocs.java#coh-nocoops,Passed. Execution successful,14528,/workspace/work/jtreg/tier12-legacy12/work/gc/epsilon/TestInitAllocs_coh-nocoops.jtr
gc/epsilon/TestInitAllocs.java#coh-notlabs,Passed. Execution successful,14882,/workspace/work/jtreg/tier12-legacy12/work/gc/epsilon/TestInitAllocs_coh-notlabs.jtr
gc/epsilon/TestInitAllocs.java#coh-notlabs-nocoops,Passed. Execution successful,14824,/workspace/work/jtreg/tier12-legacy12/work/gc/epsilon/TestInitAllocs_coh-notlabs-nocoops.jtr
gc/epsilon/TestInitAllocs.java#default,Passed. Execution successful,16255,/workspace/work/jtreg/tier12-legacy12/work/gc/epsilon/TestInitAllocs_default.jtr
gc/epsilon/TestInitAllocs.java#nocoops,Passed. Execution successful,14079,/workspace/work/jtreg/tier12-legacy12/work/gc/epsilon/TestInitAllocs_nocoops.jtr
gc/epsilon/TestInitAllocs.java#notlabs,Passed. Execution successful,13860,/workspace/work/jtreg/tier12-legacy12/work/gc/epsilon/TestInitAllocs_notlabs.jtr
gc/epsilon/TestInitAllocs.java#notlabs-nocoops,Passed. Execution successful,14916,/workspace/work/jtreg/tier12-legacy12/work/gc/epsilon/TestInitAllocs_notlabs-nocoops.jtr
gc/epsilon/TestLogTrace.java,Passed. Execution successful,102,/workspace/work/jtreg/tier12-legacy12/work/gc/epsilon/TestLogTrace.jtr
gc/epsilon/TestManyThreads.java,Passed. Execution successful,12170,/workspace/work/jtreg/tier12-legacy12/work/gc/epsilon/TestManyThreads.jtr
gc/epsilon/TestMaxTLAB.java#id0,Passed. Execution successful,373,/workspace/work/jtreg/tier12-legacy12/work/gc/epsilon/TestMaxTLAB_id0.jtr
gc/epsilon/TestMaxTLAB.java#id1,Passed. Execution successful,543,/workspace/work/jtreg/tier12-legacy12/work/gc/epsilon/TestMaxTLAB_id1.jtr
gc/epsilon/TestMemoryPools.java,Passed. Execution successful,160,/workspace/work/jtreg/tier12-legacy12/work/gc/epsilon/TestMemoryPools.jtr
gc/epsilon/TestObjects.java,Passed. Execution successful,13808,/workspace/work/jtreg/tier12-legacy12/work/gc/epsilon/TestObjects.jtr
gc/epsilon/TestPrintHeapSteps.java,Passed. Execution successful,259,/workspace/work/jtreg/tier12-legacy12/work/gc/epsilon/TestPrintHeapSteps.jtr
gc/epsilon/TestRefArrays.java,Passed. Execution successful,12603,/workspace/work/jtreg/tier12-legacy12/work/gc/epsilon/TestRefArrays.jtr
gc/epsilon/TestUpdateCountersSteps.java,Passed. Execution successful,361,/workspace/work/jtreg/tier12-legacy12/work/gc/epsilon/TestUpdateCountersSteps.jtr
gc/ergonomics/TestDynamicNumberOfGCThreads.java,Passed. Execution successful,533,/workspace/work/jtreg/tier12-legacy12/work/gc/ergonomics/TestDynamicNumberOfGCThreads.jtr
gc/ergonomics/TestInitialGCThreadLogging.java,Passed. Execution successful,447,/workspace/work/jtreg/tier12-legacy12/work/gc/ergonomics/TestInitialGCThreadLogging.jtr
gc/g1/humongousObjects/TestHumongousClassLoader.java,Passed. Execution successful,31224,/workspace/work/jtreg/tier12-legacy12/work/gc/g1/humongousObjects/TestHumongousClassLoader.jtr
gc/g1/humongousObjects/TestHumongousMovement.java,Passed. Execution successful,406,/workspace/work/jtreg/tier12-legacy12/work/gc/g1/humongousObjects/TestHumongousMovement.jtr
gc/g1/humongousObjects/TestHumongousNonArrayAllocation.java,Passed. Execution successful,16850,/workspace/work/jtreg/tier12-legacy12/work/gc/g1/humongousObjects/TestHumongousNonArrayAllocation.jtr
gc/g1/humongousObjects/TestHumongousThreshold.java,Passed. Execution successful,1722,/workspace/work/jtreg/tier12-legacy12/work/gc/g1/humongousObjects/TestHumongousThreshold.jtr
gc/g1/humongousObjects/TestNoAllocationsInHRegions.java,Passed. Execution successful,90635,/workspace/work/jtreg/tier12-legacy12/work/gc/g1/humongousObjects/TestNoAllocationsInHRegions.jtr
gc/g1/humongousObjects/TestObjectCollected.java,Passed. Execution successful,350,/workspace/work/jtreg/tier12-legacy12/work/gc/g1/humongousObjects/TestObjectCollected.jtr
gc/g1/mixedgc/TestLogging.java,Passed. Execution successful,426,/workspace/work/jtreg/tier12-legacy12/work/gc/g1/mixedgc/TestLogging.jtr
gc/g1/mixedgc/TestOldGenCollectionUsage.java,Passed. Execution successful,454,/workspace/work/jtreg/tier12-legacy12/work/gc/g1/mixedgc/TestOldGenCollectionUsage.jtr
gc/g1/numa/TestG1NUMATouchRegions.java,Passed. Execution successful,990,/workspace/work/jtreg/tier12-legacy12/work/gc/g1/numa/TestG1NUMATouchRegions.jtr
gc/g1/pinnedobjs/TestPinnedHumongousFragmentation.java,Passed. Execution successful,5220,/workspace/work/jtreg/tier12-legacy12/work/gc/g1/pinnedobjs/TestPinnedHumongousFragmentation.jtr
gc/g1/pinnedobjs/TestPinnedObjectsEvacuation.java,Passed. Execution successful,628,/workspace/work/jtreg/tier12-legacy12/work/gc/g1/pinnedobjs/TestPinnedObjectsEvacuation.jtr
gc/g1/pinnedobjs/TestPinnedOldObjectsEvacuation.java,Passed. Execution successful,626,/workspace/work/jtreg/tier12-legacy12/work/gc/g1/pinnedobjs/TestPinnedOldObjectsEvacuation.jtr
gc/g1/plab/TestPLABEvacuationFailure.java,Passed. Execution successful,1269,/workspace/work/jtreg/tier12-legacy12/work/gc/g1/plab/TestPLABEvacuationFailure.jtr
gc/NativeWrapperCollection/NativeWrapperCollection.java,Passed. Execution successful,637,/workspace/work/jtreg/tier12-legacy12/work/gc/NativeWrapperCollection/NativeWrapperCollection.jtr
gc/parallel/TestDynShrinkHeap.java,Passed. Execution successful,623,/workspace/work/jtreg/tier12-legacy12/work/gc/parallel/TestDynShrinkHeap.jtr
gc/parallel/TestHashedObjectCopy.java,Passed. Execution successful,693,/workspace/work/jtreg/tier12-legacy12/work/gc/parallel/TestHashedObjectCopy.jtr
gc/parallel/TestObjectCountAfterGC.java,Passed. Execution successful,970,/workspace/work/jtreg/tier12-legacy12/work/gc/parallel/TestObjectCountAfterGC.jtr
gc/parallel/TestPrintGCDetailsVerbose.java,Passed. Execution successful,547,/workspace/work/jtreg/tier12-legacy12/work/gc/parallel/TestPrintGCDetailsVerbose.jtr
gc/serial/HeapChangeLogging.java,Passed. Execution successful,473,/workspace/work/jtreg/tier12-legacy12/work/gc/serial/HeapChangeLogging.jtr
gc/shenandoah/compiler/BarrierInInfiniteLoop.java,Passed. Execution successful,131,/workspace/work/jtreg/tier12-legacy12/work/gc/shenandoah/compiler/BarrierInInfiniteLoop.jtr
gc/shenandoah/compiler/CallMultipleCatchProjs.java,Passed. Execution successful,175,/workspace/work/jtreg/tier12-legacy12/work/gc/shenandoah/compiler/CallMultipleCatchProjs.jtr
gc/shenandoah/compiler/FoldIfAfterExpansion.java,Passed. Execution successful,240,/workspace/work/jtreg/tier12-legacy12/work/gc/shenandoah/compiler/FoldIfAfterExpansion.jtr
gc/shenandoah/compiler/LRBRightAfterMemBar.java,Passed. Execution successful,250,/workspace/work/jtreg/tier12-legacy12/work/gc/shenandoah/compiler/LRBRightAfterMemBar.jtr
gc/shenandoah/compiler/TestBadRawMemoryAfterCall.java,Passed. Execution successful,287,/workspace/work/jtreg/tier12-legacy12/work/gc/shenandoah/compiler/TestBadRawMemoryAfterCall.jtr
gc/shenandoah/compiler/TestBarrierAboveProj.java,Passed. Execution successful,257,/workspace/work/jtreg/tier12-legacy12/work/gc/shenandoah/compiler/TestBarrierAboveProj.jtr
gc/shenandoah/compiler/TestBarrierExpandCallProjection.java,Passed. Execution successful,170,/workspace/work/jtreg/tier12-legacy12/work/gc/shenandoah/compiler/TestBarrierExpandCallProjection.jtr
gc/shenandoah/compiler/TestBarrierExpansionDeadMemPhi.java,Passed. Execution successful,231,/workspace/work/jtreg/tier12-legacy12/work/gc/shenandoah/compiler/TestBarrierExpansionDeadMemPhi.jtr
gc/shenandoah/compiler/TestBarrierOnLoopBackedge.java,Passed. Execution successful,575,/workspace/work/jtreg/tier12-legacy12/work/gc/shenandoah/compiler/TestBarrierOnLoopBackedge.jtr
gc/shenandoah/compiler/TestC1ArrayCopyNPE.java,Passed. Execution successful,199,/workspace/work/jtreg/tier12-legacy12/work/gc/shenandoah/compiler/TestC1ArrayCopyNPE.jtr
gc/shenandoah/compiler/TestC1VectorizedMismatch.java,Passed. Execution successful,1675,/workspace/work/jtreg/tier12-legacy12/work/gc/shenandoah/compiler/TestC1VectorizedMismatch.jtr
gc/shenandoah/compiler/TestClone.java#aggressive,Passed. Execution successful,1134,/workspace/work/jtreg/tier12-legacy12/work/gc/shenandoah/compiler/TestClone_aggressive.jtr
gc/shenandoah/compiler/TestClone.java#aggressive-verify,Passed. Execution successful,3662,/workspace/work/jtreg/tier12-legacy12/work/gc/shenandoah/compiler/TestClone_aggressive-verify.jtr
gc/shenandoah/compiler/TestClone.java#default,Passed. Execution successful,962,/workspace/work/jtreg/tier12-legacy12/work/gc/shenandoah/compiler/TestClone_default.jtr
gc/shenandoah/compiler/TestClone.java#default-verify,Passed. Execution successful,941,/workspace/work/jtreg/tier12-legacy12/work/gc/shenandoah/compiler/TestClone_default-verify.jtr
gc/shenandoah/compiler/TestClone.java#generational,Passed. Execution successful,965,/workspace/work/jtreg/tier12-legacy12/work/gc/shenandoah/compiler/TestClone_generational.jtr
gc/shenandoah/compiler/TestClone.java#generational-no-coops,Passed. Execution successful,1033,/workspace/work/jtreg/tier12-legacy12/work/gc/shenandoah/compiler/TestClone_generational-no-coops.jtr
gc/shenandoah/compiler/TestClone.java#generational-no-coops-verify,Passed. Execution successful,1085,/workspace/work/jtreg/tier12-legacy12/work/gc/shenandoah/compiler/TestClone_generational-no-coops-verify.jtr
gc/shenandoah/compiler/TestClone.java#generational-small-card-size,Passed. Execution successful,1024,/workspace/work/jtreg/tier12-legacy12/work/gc/shenandoah/compiler/TestClone_generational-small-card-size.jtr
gc/shenandoah/compiler/TestClone.java#generational-verify,Passed. Execution successful,1000,/workspace/work/jtreg/tier12-legacy12/work/gc/shenandoah/compiler/TestClone_generational-verify.jtr
gc/shenandoah/compiler/TestClone.java#no-coops,Passed. Execution successful,984,/workspace/work/jtreg/tier12-legacy12/work/gc/shenandoah/compiler/TestClone_no-coops.jtr
gc/shenandoah/compiler/TestClone.java#no-coops-aggressive,Passed. Execution successful,1180,/workspace/work/jtreg/tier12-legacy12/work/gc/shenandoah/compiler/TestClone_no-coops-aggressive.jtr
gc/shenandoah/compiler/TestClone.java#no-coops-verify,Passed. Execution successful,1051,/workspace/work/jtreg/tier12-legacy12/work/gc/shenandoah/compiler/TestClone_no-coops-verify.jtr
gc/shenandoah/compiler/TestClone.java#passive,Passed. Execution successful,972,/workspace/work/jtreg/tier12-legacy12/work/gc/shenandoah/compiler/TestClone_passive.jtr
gc/shenandoah/compiler/TestClone.java#passive-verify,Passed. Execution successful,942,/workspace/work/jtreg/tier12-legacy12/work/gc/shenandoah/compiler/TestClone_passive-verify.jtr
gc/shenandoah/compiler/TestExpandedWBLostNullCheckDep.java,Passed. Execution successful,175,/workspace/work/jtreg/tier12-legacy12/work/gc/shenandoah/compiler/TestExpandedWBLostNullCheckDep.jtr
gc/shenandoah/compiler/TestLinkToNativeRBP.java,Passed. Execution successful,809,/workspace/work/jtreg/tier12-legacy12/work/gc/shenandoah/compiler/TestLinkToNativeRBP.jtr
gc/shenandoah/compiler/TestLoadBypassesNullCheck.java,Passed. Execution successful,441,/workspace/work/jtreg/tier12-legacy12/work/gc/shenandoah/compiler/TestLoadBypassesNullCheck.jtr
gc/shenandoah/compiler/TestLoadPinnedAfterCall.java,Passed. Execution successful,255,/workspace/work/jtreg/tier12-legacy12/work/gc/shenandoah/compiler/TestLoadPinnedAfterCall.jtr
gc/shenandoah/compiler/TestLostAntiDependencyAtExpansion.java,Passed. Execution successful,261,/workspace/work/jtreg/tier12-legacy12/work/gc/shenandoah/compiler/TestLostAntiDependencyAtExpansion.jtr
gc/shenandoah/compiler/TestMaybeNullUnsafeAccess.java,Passed. Execution successful,441,/workspace/work/jtreg/tier12-legacy12/work/gc/shenandoah/compiler/TestMaybeNullUnsafeAccess.jtr
gc/shenandoah/compiler/TestNullCheck.java,Passed. Execution successful,214,/workspace/work/jtreg/tier12-legacy12/work/gc/shenandoah/compiler/TestNullCheck.jtr
gc/shenandoah/compiler/TestReferenceCAS.java#default,Passed. Execution successful,951,/workspace/work/jtreg/tier12-legacy12/work/gc/shenandoah/compiler/TestReferenceCAS_default.jtr
gc/shenandoah/compiler/TestReferenceCAS.java#generational,Passed. Execution successful,762,/workspace/work/jtreg/tier12-legacy12/work/gc/shenandoah/compiler/TestReferenceCAS_generational.jtr
gc/shenandoah/compiler/TestReferenceCAS.java#generational-no-coops,Passed. Execution successful,717,/workspace/work/jtreg/tier12-legacy12/work/gc/shenandoah/compiler/TestReferenceCAS_generational-no-coops.jtr
gc/shenandoah/compiler/TestReferenceCAS.java#no-coops,Passed. Execution successful,918,/workspace/work/jtreg/tier12-legacy12/work/gc/shenandoah/compiler/TestReferenceCAS_no-coops.jtr
gc/shenandoah/compiler/TestShenandoahCmpPAfterCall.java,Passed. Execution successful,193,/workspace/work/jtreg/tier12-legacy12/work/gc/shenandoah/compiler/TestShenandoahCmpPAfterCall.jtr
gc/shenandoah/compiler/TestShenandoahLRBInOuterStripMinedLoop.java,Passed. Execution successful,294,/workspace/work/jtreg/tier12-legacy12/work/gc/shenandoah/compiler/TestShenandoahLRBInOuterStripMinedLoop.jtr
gc/shenandoah/compiler/TestSinkingNodeDropsNotNullCast.java,Passed. Execution successful,252,/workspace/work/jtreg/tier12-legacy12/work/gc/shenandoah/compiler/TestSinkingNodeDropsNotNullCast.jtr
gc/shenandoah/compiler/TestUnsafeLoadStoreMergedHeapStableTests.java,Passed. Execution successful,300,/workspace/work/jtreg/tier12-legacy12/work/gc/shenandoah/compiler/TestUnsafeLoadStoreMergedHeapStableTests.jtr
gc/shenandoah/compiler/TestUnsafeOffheapSwap.java,Passed. Execution successful,264,/workspace/work/jtreg/tier12-legacy12/work/gc/shenandoah/compiler/TestUnsafeOffheapSwap.jtr
gc/shenandoah/compiler/TestWriteBarrierClearControl.java,Passed. Execution successful,198,/workspace/work/jtreg/tier12-legacy12/work/gc/shenandoah/compiler/TestWriteBarrierClearControl.jtr
gc/shenandoah/generational/TestConcurrentEvac.java,Passed. Execution successful,9268,/workspace/work/jtreg/tier12-legacy12/work/gc/shenandoah/generational/TestConcurrentEvac.jtr
gc/shenandoah/generational/TestSimpleGenerational.java,Passed. Execution successful,336,/workspace/work/jtreg/tier12-legacy12/work/gc/shenandoah/generational/TestSimpleGenerational.jtr
gc/shenandoah/jni/TestJNICritical.java#default,Passed. Execution successful,2388,/workspace/work/jtreg/tier12-legacy12/work/gc/shenandoah/jni/TestJNICritical_default.jtr
gc/shenandoah/jni/TestJNICritical.java#generational,Passed. Execution successful,2269,/workspace/work/jtreg/tier12-legacy12/work/gc/shenandoah/jni/TestJNICritical_generational.jtr
gc/shenandoah/jni/TestJNIGlobalRefs.java#aggressive,Passed. Execution successful,120173,/workspace/work/jtreg/tier12-legacy12/work/gc/shenandoah/jni/TestJNIGlobalRefs_aggressive.jtr
gc/shenandoah/jni/TestJNIGlobalRefs.java#aggressive-verify,Passed. Execution successful,120365,/workspace/work/jtreg/tier12-legacy12/work/gc/shenandoah/jni/TestJNIGlobalRefs_aggressive-verify.jtr
gc/shenandoah/jni/TestJNIGlobalRefs.java#generational,Passed. Execution successful,120162,/workspace/work/jtreg/tier12-legacy12/work/gc/shenandoah/jni/TestJNIGlobalRefs_generational.jtr
gc/shenandoah/jni/TestJNIGlobalRefs.java#generational-verify,Passed. Execution successful,120156,/workspace/work/jtreg/tier12-legacy12/work/gc/shenandoah/jni/TestJNIGlobalRefs_generational-verify.jtr
gc/shenandoah/jni/TestPinnedGarbage.java#aggressive,Passed. Execution successful,1646,/workspace/work/jtreg/tier12-legacy12/work/gc/shenandoah/jni/TestPinnedGarbage_aggressive.jtr
gc/shenandoah/jni/TestPinnedGarbage.java#generational,Passed. Execution successful,14418,/workspace/work/jtreg/tier12-legacy12/work/gc/shenandoah/jni/TestPinnedGarbage_generational.jtr
gc/shenandoah/jni/TestPinnedGarbage.java#passive,Passed. Execution successful,9044,/workspace/work/jtreg/tier12-legacy12/work/gc/shenandoah/jni/TestPinnedGarbage_passive.jtr
gc/shenandoah/jni/TestPinnedGarbage.java#verify,Passed. Execution successful,8923,/workspace/work/jtreg/tier12-legacy12/work/gc/shenandoah/jni/TestPinnedGarbage_verify.jtr
gc/shenandoah/jvmti/TestHeapDump.java#aggressive,Passed. Execution successful,12462,/workspace/work/jtreg/tier12-legacy12/work/gc/shenandoah/jvmti/TestHeapDump_aggressive.jtr
gc/shenandoah/jvmti/TestHeapDump.java#aggressive-strdedup,Passed. Execution successful,12742,/workspace/work/jtreg/tier12-legacy12/work/gc/shenandoah/jvmti/TestHeapDump_aggressive-strdedup.jtr
gc/shenandoah/jvmti/TestHeapDump.java#generational,Passed. Execution successful,11319,/workspace/work/jtreg/tier12-legacy12/work/gc/shenandoah/jvmti/TestHeapDump_generational.jtr
gc/shenandoah/jvmti/TestHeapDump.java#generational-strdedup,Passed. Execution successful,11168,/workspace/work/jtreg/tier12-legacy12/work/gc/shenandoah/jvmti/TestHeapDump_generational-strdedup.jtr
gc/shenandoah/jvmti/TestHeapDump.java#no-coops-aggressive,Passed. Execution successful,11811,/workspace/work/jtreg/tier12-legacy12/work/gc/shenandoah/jvmti/TestHeapDump_no-coops-aggressive.jtr
gc/shenandoah/jvmti/TestHeapDump.java#no-coops-generational,Passed. Execution successful,11202,/workspace/work/jtreg/tier12-legacy12/work/gc/shenandoah/jvmti/TestHeapDump_no-coops-generational.jtr
gc/shenandoah/mxbeans/TestChurnNotifications.java#adaptive,Passed. Execution successful,5585,/workspace/work/jtreg/tier12-legacy12/work/gc/shenandoah/mxbeans/TestChurnNotifications_adaptive.jtr
gc/shenandoah/mxbeans/TestChurnNotifications.java#aggressive,Passed. Execution successful,5586,/workspace/work/jtreg/tier12-legacy12/work/gc/shenandoah/mxbeans/TestChurnNotifications_aggressive.jtr
gc/shenandoah/mxbeans/TestChurnNotifications.java#compact,Passed. Execution successful,5555,/workspace/work/jtreg/tier12-legacy12/work/gc/shenandoah/mxbeans/TestChurnNotifications_compact.jtr
gc/shenandoah/mxbeans/TestChurnNotifications.java#generational,Passed. Execution successful,5430,/workspace/work/jtreg/tier12-legacy12/work/gc/shenandoah/mxbeans/TestChurnNotifications_generational.jtr
gc/shenandoah/mxbeans/TestChurnNotifications.java#passive,Passed. Execution successful,12048,/workspace/work/jtreg/tier12-legacy12/work/gc/shenandoah/mxbeans/TestChurnNotifications_passive.jtr
gc/shenandoah/mxbeans/TestChurnNotifications.java#static,Passed. Execution successful,6027,/workspace/work/jtreg/tier12-legacy12/work/gc/shenandoah/mxbeans/TestChurnNotifications_static.jtr
gc/shenandoah/mxbeans/TestCycleEndMessage.java,Passed. Execution successful,160,/workspace/work/jtreg/tier12-legacy12/work/gc/shenandoah/mxbeans/TestCycleEndMessage.jtr
gc/shenandoah/mxbeans/TestMemoryMXBeans.java#default,Passed. Execution successful,5641,/workspace/work/jtreg/tier12-legacy12/work/gc/shenandoah/mxbeans/TestMemoryMXBeans_default.jtr
gc/shenandoah/mxbeans/TestMemoryMXBeans.java#generational,Passed. Execution successful,5639,/workspace/work/jtreg/tier12-legacy12/work/gc/shenandoah/mxbeans/TestMemoryMXBeans_generational.jtr
gc/shenandoah/mxbeans/TestMemoryPools.java#default,Passed. Execution successful,175,/workspace/work/jtreg/tier12-legacy12/work/gc/shenandoah/mxbeans/TestMemoryPools_default.jtr
gc/shenandoah/mxbeans/TestMemoryPools.java#generational,Passed. Execution successful,173,/workspace/work/jtreg/tier12-legacy12/work/gc/shenandoah/mxbeans/TestMemoryPools_generational.jtr
gc/shenandoah/mxbeans/TestPauseNotifications.java#adaptive,Passed. Execution successful,5500,/workspace/work/jtreg/tier12-legacy12/work/gc/shenandoah/mxbeans/TestPauseNotifications_adaptive.jtr
gc/shenandoah/mxbeans/TestPauseNotifications.java#aggressive,Passed. Execution successful,5564,/workspace/work/jtreg/tier12-legacy12/work/gc/shenandoah/mxbeans/TestPauseNotifications_aggressive.jtr
gc/shenandoah/mxbeans/TestPauseNotifications.java#compact,Passed. Execution successful,5594,/workspace/work/jtreg/tier12-legacy12/work/gc/shenandoah/mxbeans/TestPauseNotifications_compact.jtr
gc/shenandoah/mxbeans/TestPauseNotifications.java#generational,Passed. Execution successful,5510,/workspace/work/jtreg/tier12-legacy12/work/gc/shenandoah/mxbeans/TestPauseNotifications_generational.jtr
gc/shenandoah/mxbeans/TestPauseNotifications.java#passive,Passed. Execution successful,11963,/workspace/work/jtreg/tier12-legacy12/work/gc/shenandoah/mxbeans/TestPauseNotifications_passive.jtr
gc/shenandoah/mxbeans/TestPauseNotifications.java#static,Passed. Execution successful,6046,/workspace/work/jtreg/tier12-legacy12/work/gc/shenandoah/mxbeans/TestPauseNotifications_static.jtr
gc/shenandoah/oom/TestAllocOutOfMemory.java#heap,Passed. Execution successful,527,/workspace/work/jtreg/tier12-legacy12/work/gc/shenandoah/oom/TestAllocOutOfMemory_heap.jtr
gc/shenandoah/oom/TestAllocOutOfMemory.java#large,Passed. Execution successful,291,/workspace/work/jtreg/tier12-legacy12/work/gc/shenandoah/oom/TestAllocOutOfMemory_large.jtr
gc/shenandoah/oom/TestAllocOutOfMemory.java#small,Passed. Execution successful,546,/workspace/work/jtreg/tier12-legacy12/work/gc/shenandoah/oom/TestAllocOutOfMemory_small.jtr
gc/shenandoah/oom/TestClassLoaderLeak.java,Passed. Execution successful,4696,/workspace/work/jtreg/tier12-legacy12/work/gc/shenandoah/oom/TestClassLoaderLeak.jtr
gc/shenandoah/oom/TestThreadFailure.java,Passed. Execution successful,3734,/workspace/work/jtreg/tier12-legacy12/work/gc/shenandoah/oom/TestThreadFailure.jtr
gc/shenandoah/options/TestAlwaysPreTouch.java,Passed. Execution successful,822,/workspace/work/jtreg/tier12-legacy12/work/gc/shenandoah/options/TestAlwaysPreTouch.jtr
gc/shenandoah/options/TestArgumentRanges.java,Passed. Execution successful,478,/workspace/work/jtreg/tier12-legacy12/work/gc/shenandoah/options/TestArgumentRanges.jtr
gc/shenandoah/options/TestClassUnloadingArguments.java,Passed. Execution successful,611,/workspace/work/jtreg/tier12-legacy12/work/gc/shenandoah/options/TestClassUnloadingArguments.jtr
gc/shenandoah/options/TestCompactHeaderTLABSize.java,Passed. Execution successful,210,/workspace/work/jtreg/tier12-legacy12/work/gc/shenandoah/options/TestCompactHeaderTLABSize.jtr
gc/shenandoah/options/TestEnabled.java#default,Passed. Execution successful,200,/workspace/work/jtreg/tier12-legacy12/work/gc/shenandoah/options/TestEnabled_default.jtr
gc/shenandoah/options/TestExplicitGC.java,Passed. Execution successful,336,/workspace/work/jtreg/tier12-legacy12/work/gc/shenandoah/options/TestExplicitGC.jtr
gc/shenandoah/options/TestExplicitGCNoConcurrent.java,Passed. Execution successful,226,/workspace/work/jtreg/tier12-legacy12/work/gc/shenandoah/options/TestExplicitGCNoConcurrent.jtr
gc/shenandoah/options/TestGenerationalHeuristics.java,Passed. Execution successful,385,/workspace/work/jtreg/tier12-legacy12/work/gc/shenandoah/options/TestGenerationalHeuristics.jtr
gc/shenandoah/options/TestHeuristicsUnlock.java,Passed. Execution successful,446,/workspace/work/jtreg/tier12-legacy12/work/gc/shenandoah/options/TestHeuristicsUnlock.jtr
gc/shenandoah/options/TestHumongousMoves.java,Passed. Execution successful,1853,/workspace/work/jtreg/tier12-legacy12/work/gc/shenandoah/options/TestHumongousMoves.jtr
gc/shenandoah/options/TestLargePages.java#default,Passed. Execution successful,540,/workspace/work/jtreg/tier12-legacy12/work/gc/shenandoah/options/TestLargePages_default.jtr
gc/shenandoah/options/TestLargePages.java#lp,Passed. Execution successful,632,/workspace/work/jtreg/tier12-legacy12/work/gc/shenandoah/options/TestLargePages_lp.jtr
gc/shenandoah/options/TestLargePages.java#thp,Passed. Execution successful,587,/workspace/work/jtreg/tier12-legacy12/work/gc/shenandoah/options/TestLargePages_thp.jtr
gc/shenandoah/options/TestLargePagesWithSmallHeap.java#default,Passed. Execution successful,585,/workspace/work/jtreg/tier12-legacy12/work/gc/shenandoah/options/TestLargePagesWithSmallHeap_default.jtr
gc/shenandoah/options/TestLargePagesWithSmallHeap.java#lp,Passed. Execution successful,566,/workspace/work/jtreg/tier12-legacy12/work/gc/shenandoah/options/TestLargePagesWithSmallHeap_lp.jtr
gc/shenandoah/options/TestLargePagesWithSmallHeap.java#thp,Passed. Execution successful,619,/workspace/work/jtreg/tier12-legacy12/work/gc/shenandoah/options/TestLargePagesWithSmallHeap_thp.jtr
gc/shenandoah/options/TestLoopMiningArguments.java,Passed. Execution successful,1177,/workspace/work/jtreg/tier12-legacy12/work/gc/shenandoah/options/TestLoopMiningArguments.jtr
gc/shenandoah/options/TestModeUnlock.java,Passed. Execution successful,357,/workspace/work/jtreg/tier12-legacy12/work/gc/shenandoah/options/TestModeUnlock.jtr
gc/shenandoah/options/TestObjectAlignment.java#16b,Passed. Execution successful,1049,/workspace/work/jtreg/tier12-legacy12/work/gc/shenandoah/options/TestObjectAlignment_16b.jtr
gc/shenandoah/options/TestObjectAlignment.java#default,Passed. Execution successful,802,/workspace/work/jtreg/tier12-legacy12/work/gc/shenandoah/options/TestObjectAlignment_default.jtr
gc/shenandoah/options/TestParallelRegionStride.java,Passed. Execution successful,1382,/workspace/work/jtreg/tier12-legacy12/work/gc/shenandoah/options/TestParallelRegionStride.jtr
gc/shenandoah/options/TestPassiveModeWithCardBarrier.java,Passed. Execution successful,211,/workspace/work/jtreg/tier12-legacy12/work/gc/shenandoah/options/TestPassiveModeWithCardBarrier.jtr
gc/shenandoah/options/TestRegionSizeArgs.java,Passed. Execution successful,333,/workspace/work/jtreg/tier12-legacy12/work/gc/shenandoah/options/TestRegionSizeArgs.jtr
gc/shenandoah/options/TestSelectiveBarrierFlags.java#id0,Passed. Execution successful,412,/workspace/work/jtreg/tier12-legacy12/work/gc/shenandoah/options/TestSelectiveBarrierFlags_id0.jtr
gc/shenandoah/options/TestSelectiveBarrierFlags.java#id1,Passed. Execution successful,259,/workspace/work/jtreg/tier12-legacy12/work/gc/shenandoah/options/TestSelectiveBarrierFlags_id1.jtr
gc/shenandoah/options/TestSingleThreaded.java,Passed. Execution successful,112,/workspace/work/jtreg/tier12-legacy12/work/gc/shenandoah/options/TestSingleThreaded.jtr
gc/shenandoah/options/TestSoftMaxHeapSize.java,Passed. Execution successful,244,/workspace/work/jtreg/tier12-legacy12/work/gc/shenandoah/options/TestSoftMaxHeapSize.jtr
gc/shenandoah/options/TestThreadCounts.java,Passed. Execution successful,4500,/workspace/work/jtreg/tier12-legacy12/work/gc/shenandoah/options/TestThreadCounts.jtr
gc/shenandoah/options/TestThreadCountsOverride.java,Passed. Execution successful,206,/workspace/work/jtreg/tier12-legacy12/work/gc/shenandoah/options/TestThreadCountsOverride.jtr
gc/shenandoah/options/TestWrongBarrierDisable.java,Passed. Execution successful,349,/workspace/work/jtreg/tier12-legacy12/work/gc/shenandoah/options/TestWrongBarrierDisable.jtr
gc/shenandoah/options/TestWrongBarrierEnable.java,Passed. Execution successful,737,/workspace/work/jtreg/tier12-legacy12/work/gc/shenandoah/options/TestWrongBarrierEnable.jtr
gc/stringdedup/TestStringDeduplicationAgeThreshold.java#G1,Passed. Execution successful,732,/workspace/work/jtreg/tier12-legacy12/work/gc/stringdedup/TestStringDeduplicationAgeThreshold_G1.jtr
gc/stringdedup/TestStringDeduplicationAgeThreshold.java#Parallel,Passed. Execution successful,703,/workspace/work/jtreg/tier12-legacy12/work/gc/stringdedup/TestStringDeduplicationAgeThreshold_Parallel.jtr
gc/stringdedup/TestStringDeduplicationAgeThreshold.java#Serial,Passed. Execution successful,703,/workspace/work/jtreg/tier12-legacy12/work/gc/stringdedup/TestStringDeduplicationAgeThreshold_Serial.jtr
gc/stringdedup/TestStringDeduplicationAgeThreshold.java#Shenandoah,Passed. Execution successful,699,/workspace/work/jtreg/tier12-legacy12/work/gc/stringdedup/TestStringDeduplicationAgeThreshold_Shenandoah.jtr
gc/stringdedup/TestStringDeduplicationAgeThreshold.java#Z,Passed. Execution successful,2386,/workspace/work/jtreg/tier12-legacy12/work/gc/stringdedup/TestStringDeduplicationAgeThreshold_Z.jtr
gc/stringdedup/TestStringDeduplicationFullGC.java#G1,Passed. Execution successful,359,/workspace/work/jtreg/tier12-legacy12/work/gc/stringdedup/TestStringDeduplicationFullGC_G1.jtr
gc/stringdedup/TestStringDeduplicationFullGC.java#Parallel,Passed. Execution successful,371,/workspace/work/jtreg/tier12-legacy12/work/gc/stringdedup/TestStringDeduplicationFullGC_Parallel.jtr
gc/stringdedup/TestStringDeduplicationFullGC.java#Serial,Passed. Execution successful,363,/workspace/work/jtreg/tier12-legacy12/work/gc/stringdedup/TestStringDeduplicationFullGC_Serial.jtr
gc/stringdedup/TestStringDeduplicationFullGC.java#Shenandoah,Passed. Execution successful,373,/workspace/work/jtreg/tier12-legacy12/work/gc/stringdedup/TestStringDeduplicationFullGC_Shenandoah.jtr
gc/stringdedup/TestStringDeduplicationFullGC.java#Z,Passed. Execution successful,414,/workspace/work/jtreg/tier12-legacy12/work/gc/stringdedup/TestStringDeduplicationFullGC_Z.jtr
gc/stringdedup/TestStringDeduplicationInterned.java#G1,Passed. Execution successful,429,/workspace/work/jtreg/tier12-legacy12/work/gc/stringdedup/TestStringDeduplicationInterned_G1.jtr
gc/stringdedup/TestStringDeduplicationInterned.java#Parallel,Passed. Execution successful,421,/workspace/work/jtreg/tier12-legacy12/work/gc/stringdedup/TestStringDeduplicationInterned_Parallel.jtr
gc/stringdedup/TestStringDeduplicationInterned.java#Serial,Passed. Execution successful,415,/workspace/work/jtreg/tier12-legacy12/work/gc/stringdedup/TestStringDeduplicationInterned_Serial.jtr
gc/stringdedup/TestStringDeduplicationInterned.java#Shenandoah,Passed. Execution successful,346,/workspace/work/jtreg/tier12-legacy12/work/gc/stringdedup/TestStringDeduplicationInterned_Shenandoah.jtr
gc/stringdedup/TestStringDeduplicationInterned.java#Z,Passed. Execution successful,391,/workspace/work/jtreg/tier12-legacy12/work/gc/stringdedup/TestStringDeduplicationInterned_Z.jtr
gc/stringdedup/TestStringDeduplicationPrintOptions.java#G1,Passed. Execution successful,608,/workspace/work/jtreg/tier12-legacy12/work/gc/stringdedup/TestStringDeduplicationPrintOptions_G1.jtr
gc/stringdedup/TestStringDeduplicationPrintOptions.java#Parallel,Passed. Execution successful,550,/workspace/work/jtreg/tier12-legacy12/work/gc/stringdedup/TestStringDeduplicationPrintOptions_Parallel.jtr
gc/stringdedup/TestStringDeduplicationPrintOptions.java#Serial,Passed. Execution successful,642,/workspace/work/jtreg/tier12-legacy12/work/gc/stringdedup/TestStringDeduplicationPrintOptions_Serial.jtr
gc/stringdedup/TestStringDeduplicationPrintOptions.java#Shenandoah,Passed. Execution successful,624,/workspace/work/jtreg/tier12-legacy12/work/gc/stringdedup/TestStringDeduplicationPrintOptions_Shenandoah.jtr
gc/stringdedup/TestStringDeduplicationPrintOptions.java#Z,Passed. Execution successful,1050,/workspace/work/jtreg/tier12-legacy12/work/gc/stringdedup/TestStringDeduplicationPrintOptions_Z.jtr
gc/stringdedup/TestStringDeduplicationTableResize.java#G1,Passed. Execution successful,473,/workspace/work/jtreg/tier12-legacy12/work/gc/stringdedup/TestStringDeduplicationTableResize_G1.jtr
gc/stringdedup/TestStringDeduplicationTableResize.java#Parallel,Passed. Execution successful,476,/workspace/work/jtreg/tier12-legacy12/work/gc/stringdedup/TestStringDeduplicationTableResize_Parallel.jtr
gc/stringdedup/TestStringDeduplicationTableResize.java#Serial,Passed. Execution successful,469,/workspace/work/jtreg/tier12-legacy12/work/gc/stringdedup/TestStringDeduplicationTableResize_Serial.jtr
gc/stringdedup/TestStringDeduplicationTableResize.java#Shenandoah,Passed. Execution successful,583,/workspace/work/jtreg/tier12-legacy12/work/gc/stringdedup/TestStringDeduplicationTableResize_Shenandoah.jtr
gc/stringdedup/TestStringDeduplicationTableResize.java#Z,Passed. Execution successful,786,/workspace/work/jtreg/tier12-legacy12/work/gc/stringdedup/TestStringDeduplicationTableResize_Z.jtr
gc/stringdedup/TestStringDeduplicationYoungGC.java#G1,Passed. Execution successful,476,/workspace/work/jtreg/tier12-legacy12/work/gc/stringdedup/TestStringDeduplicationYoungGC_G1.jtr
gc/stringdedup/TestStringDeduplicationYoungGC.java#Parallel,Passed. Execution successful,466,/workspace/work/jtreg/tier12-legacy12/work/gc/stringdedup/TestStringDeduplicationYoungGC_Parallel.jtr
gc/stringdedup/TestStringDeduplicationYoungGC.java#Serial,Passed. Execution successful,482,/workspace/work/jtreg/tier12-legacy12/work/gc/stringdedup/TestStringDeduplicationYoungGC_Serial.jtr
gc/stringdedup/TestStringDeduplicationYoungGC.java#Shenandoah,Passed. Execution successful,647,/workspace/work/jtreg/tier12-legacy12/work/gc/stringdedup/TestStringDeduplicationYoungGC_Shenandoah.jtr
gc/stringdedup/TestStringDeduplicationYoungGC.java#Z,Passed. Execution successful,714,/workspace/work/jtreg/tier12-legacy12/work/gc/stringdedup/TestStringDeduplicationYoungGC_Z.jtr
gc/TestJNIWeak/TestJNIWeak.java,Passed. Execution successful,7180,/workspace/work/jtreg/tier12-legacy12/work/gc/TestJNIWeak/TestJNIWeak.jtr
gc/whitebox/TestWBGC.java,Passed. Execution successful,366,/workspace/work/jtreg/tier12-legacy12/work/gc/whitebox/TestWBGC.jtr
gc/z/TestAllocateHeapAt.java,Passed. Execution successful,345,/workspace/work/jtreg/tier12-legacy12/work/gc/z/TestAllocateHeapAt.jtr
gc/z/TestAllocateHeapAtWithHugeTLBFS.java,Passed. Execution successful,222,/workspace/work/jtreg/tier12-legacy12/work/gc/z/TestAllocateHeapAtWithHugeTLBFS.jtr
gc/z/TestAlwaysPreTouch.java,Passed. Execution successful,581,/workspace/work/jtreg/tier12-legacy12/work/gc/z/TestAlwaysPreTouch.jtr
gc/z/TestGarbageCollectorMXBean.java,Passed. Execution successful,2557,/workspace/work/jtreg/tier12-legacy12/work/gc/z/TestGarbageCollectorMXBean.jtr
gc/z/TestMappedCacheHarvest.java,Passed. Execution successful,664,/workspace/work/jtreg/tier12-legacy12/work/gc/z/TestMappedCacheHarvest.jtr
gc/z/TestMemoryManagerMXBean.java,Passed. Execution successful,116,/workspace/work/jtreg/tier12-legacy12/work/gc/z/TestMemoryManagerMXBean.jtr
gc/z/TestMemoryMXBean.java,Passed. Execution successful,319,/workspace/work/jtreg/tier12-legacy12/work/gc/z/TestMemoryMXBean.jtr
gc/z/TestNoUncommit.java,Passed. Execution successful,10443,/workspace/work/jtreg/tier12-legacy12/work/gc/z/TestNoUncommit.jtr
gc/z/TestRelocateInPlace.java,Passed. Execution successful,1006,/workspace/work/jtreg/tier12-legacy12/work/gc/z/TestRelocateInPlace.jtr
gc/z/TestSmallHeap.java,Passed. Execution successful,560,/workspace/work/jtreg/tier12-legacy12/work/gc/z/TestSmallHeap.jtr
gc/z/TestUncommit.java,Passed. Execution successful,108619,/workspace/work/jtreg/tier12-legacy12/work/gc/z/TestUncommit.jtr
gc/z/TestZMediumPageSizes.java,Passed. Execution successful,3878,/workspace/work/jtreg/tier12-legacy12/work/gc/z/TestZMediumPageSizes.jtr
runtime/6294277/SourceDebugExtension.java,Passed. Execution successful,410,/workspace/work/jtreg/tier12-legacy12/work/runtime/6294277/SourceDebugExtension.jtr
runtime/6981737/Test6981737.java,Passed. Execution successful,333,/workspace/work/jtreg/tier12-legacy12/work/runtime/6981737/Test6981737.jtr
runtime/7100935/TestConjointAtomicArraycopy.java,Passed. Execution successful,6745,/workspace/work/jtreg/tier12-legacy12/work/runtime/7100935/TestConjointAtomicArraycopy.jtr
runtime/7100935/TestShortArraycopy.java,Passed. Execution successful,6761,/workspace/work/jtreg/tier12-legacy12/work/runtime/7100935/TestShortArraycopy.jtr
runtime/7160757/Test7160757.java,Passed. Execution successful,61,/workspace/work/jtreg/tier12-legacy12/work/runtime/7160757/Test7160757.jtr
runtime/7162488/TestUnrecognizedVmOption.java,Passed. Execution successful,468,/workspace/work/jtreg/tier12-legacy12/work/runtime/7162488/TestUnrecognizedVmOption.jtr
runtime/7167069/PrintAsFlag.java,Passed. Execution successful,101,/workspace/work/jtreg/tier12-legacy12/work/runtime/7167069/PrintAsFlag.jtr
runtime/8007320/ConstMethodTest.java,Passed. Execution successful,375,/workspace/work/jtreg/tier12-legacy12/work/runtime/8007320/ConstMethodTest.jtr
runtime/8010389/VMThreadDlopen.java,Passed. Execution successful,151,/workspace/work/jtreg/tier12-legacy12/work/runtime/8010389/VMThreadDlopen.jtr
runtime/8024804/RegisterNatives.java,Passed. Execution successful,61,/workspace/work/jtreg/tier12-legacy12/work/runtime/8024804/RegisterNatives.jtr
runtime/8176717/TestInheritFD.java,Passed. Execution successful,1713,/workspace/work/jtreg/tier12-legacy12/work/runtime/8176717/TestInheritFD.jtr
runtime/AccModule/ACCModule52.java,Passed. Execution successful,422,/workspace/work/jtreg/tier12-legacy12/work/runtime/AccModule/ACCModule52.jtr
runtime/AccModule/ConstModule.java,Passed. Execution successful,151,/workspace/work/jtreg/tier12-legacy12/work/runtime/AccModule/ConstModule.jtr
runtime/Annotations/TestAnnotatedStringEncoding.java,Passed. Execution successful,110,/workspace/work/jtreg/tier12-legacy12/work/runtime/Annotations/TestAnnotatedStringEncoding.jtr
runtime/Annotations/TestBadAnnotations.java,Passed. Execution successful,163,/workspace/work/jtreg/tier12-legacy12/work/runtime/Annotations/TestBadAnnotations.jtr
runtime/BadObjectClass/BootstrapRedefine.java,Passed. Execution successful,758,/workspace/work/jtreg/tier12-legacy12/work/runtime/BadObjectClass/BootstrapRedefine.jtr
runtime/BadObjectClass/TestUnloadClassError.java,Passed. Execution successful,664,/workspace/work/jtreg/tier12-legacy12/work/runtime/BadObjectClass/TestUnloadClassError.jtr
runtime/BoolReturn/JNIBooleanTest.java,Passed. Execution successful,427,/workspace/work/jtreg/tier12-legacy12/work/runtime/BoolReturn/JNIBooleanTest.jtr
runtime/BoolReturn/NativeSmallIntCallsTest.java,Passed. Execution successful,224,/workspace/work/jtreg/tier12-legacy12/work/runtime/BoolReturn/NativeSmallIntCallsTest.jtr
runtime/BootClassAppendProp/BootClassPathAppend.java,Passed. Execution successful,788,/workspace/work/jtreg/tier12-legacy12/work/runtime/BootClassAppendProp/BootClassPathAppend.jtr
runtime/BootClassAppendProp/BootClassPathAppendProp.java,Passed. Execution successful,436,/workspace/work/jtreg/tier12-legacy12/work/runtime/BootClassAppendProp/BootClassPathAppendProp.jtr
runtime/BootClassAppendProp/GetBootClassPathAppendProp.java,Passed. Execution successful,238,/workspace/work/jtreg/tier12-legacy12/work/runtime/BootClassAppendProp/GetBootClassPathAppendProp.jtr
runtime/BootClassAppendProp/SunBootClassPath.java,Passed. Execution successful,315,/workspace/work/jtreg/tier12-legacy12/work/runtime/BootClassAppendProp/SunBootClassPath.jtr
runtime/BootstrapMethod/BSMCalledTwice.java#id0,Passed. Execution successful,298,/workspace/work/jtreg/tier12-legacy12/work/runtime/BootstrapMethod/BSMCalledTwice_id0.jtr
runtime/BootstrapMethod/TestLambdaExceptionInInitializer.java,Passed. Execution successful,458,/workspace/work/jtreg/tier12-legacy12/work/runtime/BootstrapMethod/TestLambdaExceptionInInitializer.jtr
runtime/cds/appcds/aotAnnotations/AOTAnnotationsTest.java,Passed. Execution successful,868,/workspace/work/jtreg/tier12-legacy12/work/runtime/cds/appcds/aotAnnotations/AOTAnnotationsTest.jtr
runtime/cds/appcds/aotClassLinking/AddExports.java,Passed. Execution successful,6829,/workspace/work/jtreg/tier12-legacy12/work/runtime/cds/appcds/aotClassLinking/AddExports.jtr
runtime/cds/appcds/aotClassLinking/AddOpens.java,Passed. Execution successful,5077,/workspace/work/jtreg/tier12-legacy12/work/runtime/cds/appcds/aotClassLinking/AddOpens.jtr
runtime/cds/appcds/aotClassLinking/AddReads.java,Passed. Execution successful,4868,/workspace/work/jtreg/tier12-legacy12/work/runtime/cds/appcds/aotClassLinking/AddReads.jtr
runtime/cds/appcds/aotClassLinking/AOTClassLinkingVerification.java,Passed. Execution successful,1127,/workspace/work/jtreg/tier12-legacy12/work/runtime/cds/appcds/aotClassLinking/AOTClassLinkingVerification.jtr
runtime/cds/appcds/aotClassLinking/AOTLoaderConstraintsTest.java,Passed. Execution successful,993,/workspace/work/jtreg/tier12-legacy12/work/runtime/cds/appcds/aotClassLinking/AOTLoaderConstraintsTest.jtr
runtime/cds/appcds/aotClassLinking/BulkLoaderTest.java#aot,Passed. Execution successful,1599,/workspace/work/jtreg/tier12-legacy12/work/runtime/cds/appcds/aotClassLinking/BulkLoaderTest_aot.jtr
runtime/cds/appcds/aotClassLinking/BulkLoaderTest.java#static,Passed. Execution successful,1494,/workspace/work/jtreg/tier12-legacy12/work/runtime/cds/appcds/aotClassLinking/BulkLoaderTest_static.jtr
runtime/cds/appcds/aotClassLinking/DynamicDumpWithAOTLinkedStaticArchive.java,Passed. Execution successful,1265,/workspace/work/jtreg/tier12-legacy12/work/runtime/cds/appcds/aotClassLinking/DynamicDumpWithAOTLinkedStaticArchive.jtr
runtime/cds/appcds/aotClassLinking/FakeCodeLocation.java,Passed. Execution successful,3332,/workspace/work/jtreg/tier12-legacy12/work/runtime/cds/appcds/aotClassLinking/FakeCodeLocation.jtr
runtime/cds/appcds/aotClassLinking/LambdaInExcludedClass.java,Passed. Execution successful,795,/workspace/work/jtreg/tier12-legacy12/work/runtime/cds/appcds/aotClassLinking/LambdaInExcludedClass.jtr
runtime/cds/appcds/aotClassLinking/NonFinalStaticWithInitVal.java,Passed. Execution successful,2786,/workspace/work/jtreg/tier12-legacy12/work/runtime/cds/appcds/aotClassLinking/NonFinalStaticWithInitVal.jtr
runtime/cds/appcds/aotClassLinking/StringConcatStress.java#aot,Passed. Execution successful,5927,/workspace/work/jtreg/tier12-legacy12/work/runtime/cds/appcds/aotClassLinking/StringConcatStress_aot.jtr
runtime/cds/appcds/aotClassLinking/StringConcatStress.java#static,Passed. Execution successful,7806,/workspace/work/jtreg/tier12-legacy12/work/runtime/cds/appcds/aotClassLinking/StringConcatStress_static.jtr
runtime/cds/appcds/aotClassLinking/TestSetupAOTTest.java,Passed. Execution successful,7438,/workspace/work/jtreg/tier12-legacy12/work/runtime/cds/appcds/aotClassLinking/TestSetupAOTTest.jtr
runtime/cds/appcds/aotClassLinking/TrainingRun.java,Passed. Execution successful,1015,/workspace/work/jtreg/tier12-legacy12/work/runtime/cds/appcds/aotClassLinking/TrainingRun.jtr
runtime/cds/appcds/applications/JavacBench.java#aot,Passed. Execution successful,4782,/workspace/work/jtreg/tier12-legacy12/work/runtime/cds/appcds/applications/JavacBench_aot.jtr
runtime/cds/appcds/applications/JavacBench.java#dynamic,Passed. Execution successful,3656,/workspace/work/jtreg/tier12-legacy12/work/runtime/cds/appcds/applications/JavacBench_dynamic.jtr
runtime/cds/appcds/applications/JavacBench.java#static,Passed. Execution successful,4393,/workspace/work/jtreg/tier12-legacy12/work/runtime/cds/appcds/applications/JavacBench_static.jtr
runtime/cds/appcds/cacheObject/ArchivedIntegerCacheTest.java,Passed. Execution successful,3128,/workspace/work/jtreg/tier12-legacy12/work/runtime/cds/appcds/cacheObject/ArchivedIntegerCacheTest.jtr
runtime/cds/appcds/cacheObject/ArchivedModuleCompareTest.java,Passed. Execution successful,2008,/workspace/work/jtreg/tier12-legacy12/work/runtime/cds/appcds/cacheObject/ArchivedModuleCompareTest.jtr
runtime/cds/appcds/cacheObject/DumpTimeVerifyFailure.java,Passed. Execution successful,985,/workspace/work/jtreg/tier12-legacy12/work/runtime/cds/appcds/cacheObject/DumpTimeVerifyFailure.jtr
runtime/cds/appcds/cacheObject/HeapFragmentationTest.java,Passed. Execution successful,1776,/workspace/work/jtreg/tier12-legacy12/work/runtime/cds/appcds/cacheObject/HeapFragmentationTest.jtr
runtime/cds/appcds/cacheObject/OpenArchiveRegion.java,Passed. Execution successful,1710,/workspace/work/jtreg/tier12-legacy12/work/runtime/cds/appcds/cacheObject/OpenArchiveRegion.jtr
runtime/cds/appcds/cacheObject/RedefineClassTest.java,Passed. Execution successful,1124,/workspace/work/jtreg/tier12-legacy12/work/runtime/cds/appcds/cacheObject/RedefineClassTest.jtr
runtime/cds/appcds/cacheObject/VerifyArchivedFields.java,Passed. Execution successful,1149,/workspace/work/jtreg/tier12-legacy12/work/runtime/cds/appcds/cacheObject/VerifyArchivedFields.jtr
runtime/cds/appcds/condy/CondyHelloTest.java,Passed. Execution successful,1073,/workspace/work/jtreg/tier12-legacy12/work/runtime/cds/appcds/condy/CondyHelloTest.jtr
runtime/cds/appcds/customLoader/ClassFromSystemModule.java,Passed. Execution successful,846,/workspace/work/jtreg/tier12-legacy12/work/runtime/cds/appcds/customLoader/ClassFromSystemModule.jtr
runtime/cds/appcds/customLoader/ClassListFormatA.java,Passed. Execution successful,3177,/workspace/work/jtreg/tier12-legacy12/work/runtime/cds/appcds/customLoader/ClassListFormatA.jtr
runtime/cds/appcds/customLoader/ClassListFormatB.java,Passed. Execution successful,559,/workspace/work/jtreg/tier12-legacy12/work/runtime/cds/appcds/customLoader/ClassListFormatB.jtr
runtime/cds/appcds/customLoader/ClassListFormatC.java,Passed. Execution successful,509,/workspace/work/jtreg/tier12-legacy12/work/runtime/cds/appcds/customLoader/ClassListFormatC.jtr
runtime/cds/appcds/customLoader/ClassListFormatD.java,Passed. Execution successful,699,/workspace/work/jtreg/tier12-legacy12/work/runtime/cds/appcds/customLoader/ClassListFormatD.jtr
runtime/cds/appcds/customLoader/ClassListFormatE.java,Passed. Execution successful,2218,/workspace/work/jtreg/tier12-legacy12/work/runtime/cds/appcds/customLoader/ClassListFormatE.jtr
runtime/cds/appcds/customLoader/CustomClassListDump.java,Passed. Execution successful,983,/workspace/work/jtreg/tier12-legacy12/work/runtime/cds/appcds/customLoader/CustomClassListDump.jtr
runtime/cds/appcds/customLoader/DifferentSourcesTest.java,Passed. Execution successful,1205,/workspace/work/jtreg/tier12-legacy12/work/runtime/cds/appcds/customLoader/DifferentSourcesTest.jtr
runtime/cds/appcds/customLoader/HelloCustom_JFR.java,Passed. Execution successful,2136,/workspace/work/jtreg/tier12-legacy12/work/runtime/cds/appcds/customLoader/HelloCustom_JFR.jtr
runtime/cds/appcds/customLoader/HelloCustom.java,Passed. Execution successful,1323,/workspace/work/jtreg/tier12-legacy12/work/runtime/cds/appcds/customLoader/HelloCustom.jtr
runtime/cds/appcds/customLoader/LoaderSegregationTest.java,Passed. Execution successful,1292,/workspace/work/jtreg/tier12-legacy12/work/runtime/cds/appcds/customLoader/LoaderSegregationTest.jtr
runtime/cds/appcds/customLoader/OldClassAndInf.java,Passed. Execution successful,2434,/workspace/work/jtreg/tier12-legacy12/work/runtime/cds/appcds/customLoader/OldClassAndInf.jtr
runtime/cds/appcds/customLoader/ParallelTestMultiFP.java,Passed. Execution successful,1213,/workspace/work/jtreg/tier12-legacy12/work/runtime/cds/appcds/customLoader/ParallelTestMultiFP.jtr
runtime/cds/appcds/customLoader/ParallelTestSingleFP.java,Passed. Execution successful,1086,/workspace/work/jtreg/tier12-legacy12/work/runtime/cds/appcds/customLoader/ParallelTestSingleFP.jtr
runtime/cds/appcds/customLoader/PrintSharedArchiveAndExit.java,Passed. Execution successful,1479,/workspace/work/jtreg/tier12-legacy12/work/runtime/cds/appcds/customLoader/PrintSharedArchiveAndExit.jtr
runtime/cds/appcds/customLoader/ProhibitedPackageNamesTest.java,Passed. Execution successful,952,/workspace/work/jtreg/tier12-legacy12/work/runtime/cds/appcds/customLoader/ProhibitedPackageNamesTest.jtr
runtime/cds/appcds/customLoader/ProtectionDomain.java,Passed. Execution successful,1107,/workspace/work/jtreg/tier12-legacy12/work/runtime/cds/appcds/customLoader/ProtectionDomain.jtr
runtime/cds/appcds/customLoader/RegUnregSuperTest.java#reg,Passed. Execution successful,1348,/workspace/work/jtreg/tier12-legacy12/work/runtime/cds/appcds/customLoader/RegUnregSuperTest_reg.jtr
runtime/cds/appcds/customLoader/RegUnregSuperTest.java#unreg,Passed. Execution successful,1044,/workspace/work/jtreg/tier12-legacy12/work/runtime/cds/appcds/customLoader/RegUnregSuperTest_unreg.jtr
runtime/cds/appcds/customLoader/SameNameInTwoLoadersTest.java,Passed. Execution successful,1314,/workspace/work/jtreg/tier12-legacy12/work/runtime/cds/appcds/customLoader/SameNameInTwoLoadersTest.jtr
runtime/cds/appcds/customLoader/UnintendedLoadersTest.java,Passed. Execution successful,1142,/workspace/work/jtreg/tier12-legacy12/work/runtime/cds/appcds/customLoader/UnintendedLoadersTest.jtr
runtime/cds/appcds/customLoader/UnloadUnregisteredLoaderTest.java,Passed. Execution successful,1237,/workspace/work/jtreg/tier12-legacy12/work/runtime/cds/appcds/customLoader/UnloadUnregisteredLoaderTest.jtr
runtime/cds/appcds/customLoader/UnsupportedPlatforms.java,Passed. Execution successful,912,/workspace/work/jtreg/tier12-legacy12/work/runtime/cds/appcds/customLoader/UnsupportedPlatforms.jtr
runtime/cds/appcds/dynamicArchive/AppendClasspath.java,Passed. Execution successful,763,/workspace/work/jtreg/tier12-legacy12/work/runtime/cds/appcds/dynamicArchive/AppendClasspath.jtr
runtime/cds/appcds/dynamicArchive/ArchiveConsistency.java,Passed. Execution successful,2998,/workspace/work/jtreg/tier12-legacy12/work/runtime/cds/appcds/dynamicArchive/ArchiveConsistency.jtr
runtime/cds/appcds/dynamicArchive/ArchivedSuperIf.java,Passed. Execution successful,944,/workspace/work/jtreg/tier12-legacy12/work/runtime/cds/appcds/dynamicArchive/ArchivedSuperIf.jtr
runtime/cds/appcds/dynamicArchive/ArraySuperTest.java,Passed. Execution successful,720,/workspace/work/jtreg/tier12-legacy12/work/runtime/cds/appcds/dynamicArchive/ArraySuperTest.jtr
runtime/cds/appcds/dynamicArchive/BasicLambdaTest.java,Passed. Execution successful,952,/workspace/work/jtreg/tier12-legacy12/work/runtime/cds/appcds/dynamicArchive/BasicLambdaTest.jtr
runtime/cds/appcds/dynamicArchive/CDSStreamTestDriver.java,Passed. Execution successful,923,/workspace/work/jtreg/tier12-legacy12/work/runtime/cds/appcds/dynamicArchive/CDSStreamTestDriver.jtr
runtime/cds/appcds/dynamicArchive/ClassResolutionFailure.java,Passed. Execution successful,814,/workspace/work/jtreg/tier12-legacy12/work/runtime/cds/appcds/dynamicArchive/ClassResolutionFailure.jtr
runtime/cds/appcds/dynamicArchive/CommonAppClasspath.java,Passed. Execution successful,1322,/workspace/work/jtreg/tier12-legacy12/work/runtime/cds/appcds/dynamicArchive/CommonAppClasspath.jtr
runtime/cds/appcds/dynamicArchive/DoubleSumAverageTest.java,Passed. Execution successful,918,/workspace/work/jtreg/tier12-legacy12/work/runtime/cds/appcds/dynamicArchive/DoubleSumAverageTest.jtr
runtime/cds/appcds/dynamicArchive/DumpToDefaultArchive.java,Passed. Execution successful,407,/workspace/work/jtreg/tier12-legacy12/work/runtime/cds/appcds/dynamicArchive/DumpToDefaultArchive.jtr
runtime/cds/appcds/dynamicArchive/DuplicatedCustomTest.java,Passed. Execution successful,905,/workspace/work/jtreg/tier12-legacy12/work/runtime/cds/appcds/dynamicArchive/DuplicatedCustomTest.jtr
runtime/cds/appcds/dynamicArchive/DynamicArchiveRelocationTest.java,Passed. Execution successful,3252,/workspace/work/jtreg/tier12-legacy12/work/runtime/cds/appcds/dynamicArchive/DynamicArchiveRelocationTest.jtr
runtime/cds/appcds/dynamicArchive/DynamicLambdaWithUseImplMethodHandle.java,Passed. Execution successful,780,/workspace/work/jtreg/tier12-legacy12/work/runtime/cds/appcds/dynamicArchive/DynamicLambdaWithUseImplMethodHandle.jtr
runtime/cds/appcds/dynamicArchive/DynamicLotsOfClasses.java,Passed. Execution successful,11955,/workspace/work/jtreg/tier12-legacy12/work/runtime/cds/appcds/dynamicArchive/DynamicLotsOfClasses.jtr
runtime/cds/appcds/dynamicArchive/DynamicSharedSymbols.java,Passed. Execution successful,5001,/workspace/work/jtreg/tier12-legacy12/work/runtime/cds/appcds/dynamicArchive/DynamicSharedSymbols.jtr
runtime/cds/appcds/dynamicArchive/ExcludedClasses.java,Passed. Execution successful,827,/workspace/work/jtreg/tier12-legacy12/work/runtime/cds/appcds/dynamicArchive/ExcludedClasses.jtr
runtime/cds/appcds/dynamicArchive/ExitRaceTest.java,Passed. Execution successful,783,/workspace/work/jtreg/tier12-legacy12/work/runtime/cds/appcds/dynamicArchive/ExitRaceTest.jtr
runtime/cds/appcds/dynamicArchive/HelloDynamic.java,Passed. Execution successful,2074,/workspace/work/jtreg/tier12-legacy12/work/runtime/cds/appcds/dynamicArchive/HelloDynamic.jtr
runtime/cds/appcds/dynamicArchive/HelloDynamicCustom.java,Passed. Execution successful,991,/workspace/work/jtreg/tier12-legacy12/work/runtime/cds/appcds/dynamicArchive/HelloDynamicCustom.jtr
runtime/cds/appcds/dynamicArchive/HelloDynamicCustomUnload.java,Passed. Execution successful,1014,/workspace/work/jtreg/tier12-legacy12/work/runtime/cds/appcds/dynamicArchive/HelloDynamicCustomUnload.jtr
runtime/cds/appcds/dynamicArchive/JFRDynamicCDS.java,Passed. Execution successful,2361,/workspace/work/jtreg/tier12-legacy12/work/runtime/cds/appcds/dynamicArchive/JFRDynamicCDS.jtr
runtime/cds/appcds/dynamicArchive/JITInteraction.java,Passed. Execution successful,769,/workspace/work/jtreg/tier12-legacy12/work/runtime/cds/appcds/dynamicArchive/JITInteraction.jtr
runtime/cds/appcds/dynamicArchive/LambdaContainsOldInf.java,Passed. Execution successful,1179,/workspace/work/jtreg/tier12-legacy12/work/runtime/cds/appcds/dynamicArchive/LambdaContainsOldInf.jtr
runtime/cds/appcds/dynamicArchive/LambdaCustomLoader.java,Passed. Execution successful,1019,/workspace/work/jtreg/tier12-legacy12/work/runtime/cds/appcds/dynamicArchive/LambdaCustomLoader.jtr
runtime/cds/appcds/dynamicArchive/LambdaForClassInBaseArchive.java,Passed. Execution successful,1294,/workspace/work/jtreg/tier12-legacy12/work/runtime/cds/appcds/dynamicArchive/LambdaForClassInBaseArchive.jtr
runtime/cds/appcds/dynamicArchive/LambdaForOldInfInBaseArchive.java,Passed. Execution successful,1652,/workspace/work/jtreg/tier12-legacy12/work/runtime/cds/appcds/dynamicArchive/LambdaForOldInfInBaseArchive.jtr
runtime/cds/appcds/dynamicArchive/LambdaInBaseArchive.java,Passed. Execution successful,1663,/workspace/work/jtreg/tier12-legacy12/work/runtime/cds/appcds/dynamicArchive/LambdaInBaseArchive.jtr
runtime/cds/appcds/dynamicArchive/LambdaProxyCallerIsHidden.java,Passed. Execution successful,1770,/workspace/work/jtreg/tier12-legacy12/work/runtime/cds/appcds/dynamicArchive/LambdaProxyCallerIsHidden.jtr
runtime/cds/appcds/dynamicArchive/LambdaProxyDuringShutdown.java,Passed. Execution successful,921,/workspace/work/jtreg/tier12-legacy12/work/runtime/cds/appcds/dynamicArchive/LambdaProxyDuringShutdown.jtr
runtime/cds/appcds/dynamicArchive/LambdasInTwoArchives.java,Passed. Execution successful,1469,/workspace/work/jtreg/tier12-legacy12/work/runtime/cds/appcds/dynamicArchive/LambdasInTwoArchives.jtr
runtime/cds/appcds/dynamicArchive/LinkClassTest.java,Passed. Execution successful,982,/workspace/work/jtreg/tier12-legacy12/work/runtime/cds/appcds/dynamicArchive/LinkClassTest.jtr
runtime/cds/appcds/dynamicArchive/LotsUnloadTest.java,Passed. Execution successful,1351,/workspace/work/jtreg/tier12-legacy12/work/runtime/cds/appcds/dynamicArchive/LotsUnloadTest.jtr
runtime/cds/appcds/dynamicArchive/MainModuleOnly.java,Passed. Execution successful,1997,/workspace/work/jtreg/tier12-legacy12/work/runtime/cds/appcds/dynamicArchive/MainModuleOnly.jtr
runtime/cds/appcds/dynamicArchive/MethodSorting.java,Passed. Execution successful,779,/workspace/work/jtreg/tier12-legacy12/work/runtime/cds/appcds/dynamicArchive/MethodSorting.jtr
runtime/cds/appcds/dynamicArchive/MismatchedBaseArchive.java,Passed. Execution successful,2193,/workspace/work/jtreg/tier12-legacy12/work/runtime/cds/appcds/dynamicArchive/MismatchedBaseArchive.jtr
runtime/cds/appcds/dynamicArchive/MissingArchive.java,Passed. Execution successful,4235,/workspace/work/jtreg/tier12-legacy12/work/runtime/cds/appcds/dynamicArchive/MissingArchive.jtr
runtime/cds/appcds/dynamicArchive/ModularJarWithNonExistentJar.java,Passed. Execution successful,1140,/workspace/work/jtreg/tier12-legacy12/work/runtime/cds/appcds/dynamicArchive/ModularJarWithNonExistentJar.jtr
runtime/cds/appcds/dynamicArchive/ModulePath.java,Passed. Execution successful,1787,/workspace/work/jtreg/tier12-legacy12/work/runtime/cds/appcds/dynamicArchive/ModulePath.jtr
runtime/cds/appcds/dynamicArchive/NestHostOldInf.java,Passed. Execution successful,749,/workspace/work/jtreg/tier12-legacy12/work/runtime/cds/appcds/dynamicArchive/NestHostOldInf.jtr
runtime/cds/appcds/dynamicArchive/NestTest.java,Passed. Execution successful,861,/workspace/work/jtreg/tier12-legacy12/work/runtime/cds/appcds/dynamicArchive/NestTest.jtr
runtime/cds/appcds/dynamicArchive/NoClassToArchive.java,Passed. Execution successful,1487,/workspace/work/jtreg/tier12-legacy12/work/runtime/cds/appcds/dynamicArchive/NoClassToArchive.jtr
runtime/cds/appcds/dynamicArchive/OldClassAndInf.java,Passed. Execution successful,1275,/workspace/work/jtreg/tier12-legacy12/work/runtime/cds/appcds/dynamicArchive/OldClassAndInf.jtr
runtime/cds/appcds/dynamicArchive/OldClassInBaseArchive.java,Passed. Execution successful,1523,/workspace/work/jtreg/tier12-legacy12/work/runtime/cds/appcds/dynamicArchive/OldClassInBaseArchive.jtr
runtime/cds/appcds/dynamicArchive/OldClassVerifierTrouble.java,Passed. Execution successful,1622,/workspace/work/jtreg/tier12-legacy12/work/runtime/cds/appcds/dynamicArchive/OldClassVerifierTrouble.jtr
runtime/cds/appcds/dynamicArchive/ParallelLambdaLoadTest.java,Passed. Execution successful,1163,/workspace/work/jtreg/tier12-legacy12/work/runtime/cds/appcds/dynamicArchive/ParallelLambdaLoadTest.jtr
runtime/cds/appcds/dynamicArchive/PredicateTest.java,Passed. Execution successful,975,/workspace/work/jtreg/tier12-legacy12/work/runtime/cds/appcds/dynamicArchive/PredicateTest.jtr
runtime/cds/appcds/dynamicArchive/PrintSharedArchiveAndExit.java,Passed. Execution successful,909,/workspace/work/jtreg/tier12-legacy12/work/runtime/cds/appcds/dynamicArchive/PrintSharedArchiveAndExit.jtr
runtime/cds/appcds/dynamicArchive/RegularHiddenClass.java,Passed. Execution successful,1878,/workspace/work/jtreg/tier12-legacy12/work/runtime/cds/appcds/dynamicArchive/RegularHiddenClass.jtr
runtime/cds/appcds/dynamicArchive/RelativePath.java,Passed. Execution successful,764,/workspace/work/jtreg/tier12-legacy12/work/runtime/cds/appcds/dynamicArchive/RelativePath.jtr
runtime/cds/appcds/dynamicArchive/SharedArchiveFileOption.java,Passed. Execution successful,2512,/workspace/work/jtreg/tier12-legacy12/work/runtime/cds/appcds/dynamicArchive/SharedArchiveFileOption.jtr
runtime/cds/appcds/dynamicArchive/SharedBaseAddressOption.java,Passed. Execution successful,3204,/workspace/work/jtreg/tier12-legacy12/work/runtime/cds/appcds/dynamicArchive/SharedBaseAddressOption.jtr
runtime/cds/appcds/dynamicArchive/StaticInnerTest.java,Passed. Execution successful,757,/workspace/work/jtreg/tier12-legacy12/work/runtime/cds/appcds/dynamicArchive/StaticInnerTest.jtr
runtime/cds/appcds/dynamicArchive/TestAutoCreateSharedArchive.java,Passed. Execution successful,6882,/workspace/work/jtreg/tier12-legacy12/work/runtime/cds/appcds/dynamicArchive/TestAutoCreateSharedArchive.jtr
runtime/cds/appcds/dynamicArchive/TestAutoCreateSharedArchiveUpgrade.java,Passed. Skipped: jtreg.SkippedException: Use -Dtest.previous.jdk or -Dtest.boot.jdk to specify a previous version of the JDK that supports -XX:+AutoCreateSharedArchive,363,/workspace/work/jtreg/tier12-legacy12/work/runtime/cds/appcds/dynamicArchive/TestAutoCreateSharedArchiveUpgrade.jtr
runtime/cds/appcds/dynamicArchive/TestDynamicDumpAtOom.java,Passed. Execution successful,802,/workspace/work/jtreg/tier12-legacy12/work/runtime/cds/appcds/dynamicArchive/TestDynamicDumpAtOom.jtr
runtime/cds/appcds/dynamicArchive/TestDynamicRegenerateHolderClasses.java,Passed. Execution successful,767,/workspace/work/jtreg/tier12-legacy12/work/runtime/cds/appcds/dynamicArchive/TestDynamicRegenerateHolderClasses.jtr
runtime/cds/appcds/dynamicArchive/TestLambdaInvokers.java,Passed. Execution successful,813,/workspace/work/jtreg/tier12-legacy12/work/runtime/cds/appcds/dynamicArchive/TestLambdaInvokers.jtr
runtime/cds/appcds/dynamicArchive/UnsupportedBaseArchive.java,Passed. Execution successful,2313,/workspace/work/jtreg/tier12-legacy12/work/runtime/cds/appcds/dynamicArchive/UnsupportedBaseArchive.jtr
runtime/cds/appcds/dynamicArchive/UnusedCPDuringDump.java,Passed. Execution successful,656,/workspace/work/jtreg/tier12-legacy12/work/runtime/cds/appcds/dynamicArchive/UnusedCPDuringDump.jtr
runtime/cds/appcds/dynamicArchive/UsedAllArchivedLambdas.java,Passed. Execution successful,857,/workspace/work/jtreg/tier12-legacy12/work/runtime/cds/appcds/dynamicArchive/UsedAllArchivedLambdas.jtr
runtime/cds/appcds/dynamicArchive/VerifyObjArrayCloneTest.java,Passed. Execution successful,983,/workspace/work/jtreg/tier12-legacy12/work/runtime/cds/appcds/dynamicArchive/VerifyObjArrayCloneTest.jtr
runtime/cds/appcds/dynamicArchive/VerifyWithDynamicArchive.java,Passed. Execution successful,733,/workspace/work/jtreg/tier12-legacy12/work/runtime/cds/appcds/dynamicArchive/VerifyWithDynamicArchive.jtr
runtime/cds/appcds/dynamicArchive/WrongTopClasspath.java,Passed. Execution successful,1609,/workspace/work/jtreg/tier12-legacy12/work/runtime/cds/appcds/dynamicArchive/WrongTopClasspath.jtr
runtime/cds/appcds/javaldr/ArrayTest.java,Passed. Execution successful,1149,/workspace/work/jtreg/tier12-legacy12/work/runtime/cds/appcds/javaldr/ArrayTest.jtr
runtime/cds/appcds/jcmd/JCmdTestFileSafety.java,Passed. Execution successful,6587,/workspace/work/jtreg/tier12-legacy12/work/runtime/cds/appcds/jcmd/JCmdTestFileSafety.jtr
runtime/cds/appcds/jcmd/JCmdTestStaticDump.java,Passed. Execution successful,47419,/workspace/work/jtreg/tier12-legacy12/work/runtime/cds/appcds/jcmd/JCmdTestStaticDump.jtr
runtime/cds/appcds/jigsaw/classpathtests/BootAppendTests.java,Passed. Execution successful,2010,/workspace/work/jtreg/tier12-legacy12/work/runtime/cds/appcds/jigsaw/classpathtests/BootAppendTests.jtr
runtime/cds/appcds/jigsaw/classpathtests/ClassPathTests.java,Passed. Execution successful,1565,/workspace/work/jtreg/tier12-legacy12/work/runtime/cds/appcds/jigsaw/classpathtests/ClassPathTests.jtr
runtime/cds/appcds/jigsaw/classpathtests/DummyClassesInBootClassPath.java,Passed. Execution successful,1980,/workspace/work/jtreg/tier12-legacy12/work/runtime/cds/appcds/jigsaw/classpathtests/DummyClassesInBootClassPath.jtr
runtime/cds/appcds/jigsaw/classpathtests/EmptyClassInBootClassPath.java,Passed. Execution successful,1317,/workspace/work/jtreg/tier12-legacy12/work/runtime/cds/appcds/jigsaw/classpathtests/EmptyClassInBootClassPath.jtr
runtime/cds/appcds/jigsaw/modulepath/AddModules.java,Passed. Execution successful,1469,/workspace/work/jtreg/tier12-legacy12/work/runtime/cds/appcds/jigsaw/modulepath/AddModules.jtr
runtime/cds/appcds/jigsaw/modulepath/ExportModule.java,Passed. Execution successful,1814,/workspace/work/jtreg/tier12-legacy12/work/runtime/cds/appcds/jigsaw/modulepath/ExportModule.jtr
runtime/cds/appcds/jigsaw/modulepath/JvmtiAddPath.java,Passed. Execution successful,2348,/workspace/work/jtreg/tier12-legacy12/work/runtime/cds/appcds/jigsaw/modulepath/JvmtiAddPath.jtr
runtime/cds/appcds/jigsaw/modulepath/MainModuleOnly.java,Passed. Execution successful,4056,/workspace/work/jtreg/tier12-legacy12/work/runtime/cds/appcds/jigsaw/modulepath/MainModuleOnly.jtr
runtime/cds/appcds/jigsaw/modulepath/ModulePathAndCP_JFR.java,Passed. Execution successful,4849,/workspace/work/jtreg/tier12-legacy12/work/runtime/cds/appcds/jigsaw/modulepath/ModulePathAndCP_JFR.jtr
runtime/cds/appcds/jigsaw/modulepath/ModulePathAndCP.java,Passed. Execution successful,2684,/workspace/work/jtreg/tier12-legacy12/work/runtime/cds/appcds/jigsaw/modulepath/ModulePathAndCP.jtr
runtime/cds/appcds/jigsaw/modulepath/ModulePathAndFMG.java,Passed. Execution successful,4550,/workspace/work/jtreg/tier12-legacy12/work/runtime/cds/appcds/jigsaw/modulepath/ModulePathAndFMG.jtr
runtime/cds/appcds/jigsaw/modulepath/OptimizeModuleHandlingTest.java,Passed. Execution successful,4084,/workspace/work/jtreg/tier12-legacy12/work/runtime/cds/appcds/jigsaw/modulepath/OptimizeModuleHandlingTest.jtr
runtime/cds/appcds/jigsaw/overridetests/OverrideTests.java,Passed. Execution successful,1575,/workspace/work/jtreg/tier12-legacy12/work/runtime/cds/appcds/jigsaw/overridetests/OverrideTests.jtr
runtime/cds/appcds/jigsaw/PatchModule/AppClassInCP.java,Passed. Execution successful,428,/workspace/work/jtreg/tier12-legacy12/work/runtime/cds/appcds/jigsaw/PatchModule/AppClassInCP.jtr
runtime/cds/appcds/jigsaw/PatchModule/CustomPackage.java,Passed. Execution successful,357,/workspace/work/jtreg/tier12-legacy12/work/runtime/cds/appcds/jigsaw/PatchModule/CustomPackage.jtr
runtime/cds/appcds/jigsaw/PatchModule/MismatchedPatchModule.java,Passed. Execution successful,1130,/workspace/work/jtreg/tier12-legacy12/work/runtime/cds/appcds/jigsaw/PatchModule/MismatchedPatchModule.jtr
runtime/cds/appcds/jigsaw/PatchModule/PatchDir.java,Passed. Execution successful,275,/workspace/work/jtreg/tier12-legacy12/work/runtime/cds/appcds/jigsaw/PatchModule/PatchDir.jtr
runtime/cds/appcds/jigsaw/PatchModule/PatchJavaBase.java,Passed. Execution successful,289,/workspace/work/jtreg/tier12-legacy12/work/runtime/cds/appcds/jigsaw/PatchModule/PatchJavaBase.jtr
runtime/cds/appcds/jigsaw/PatchModule/Simple.java,Passed. Execution successful,1247,/workspace/work/jtreg/tier12-legacy12/work/runtime/cds/appcds/jigsaw/PatchModule/Simple.jtr
runtime/cds/appcds/jigsaw/PatchModule/SubClassOfPatchedClass.java,Passed. Execution successful,400,/workspace/work/jtreg/tier12-legacy12/work/runtime/cds/appcds/jigsaw/PatchModule/SubClassOfPatchedClass.jtr
runtime/cds/appcds/jigsaw/PatchModule/TwoJars.java,Passed. Execution successful,417,/workspace/work/jtreg/tier12-legacy12/work/runtime/cds/appcds/jigsaw/PatchModule/TwoJars.jtr
runtime/cds/appcds/jigsaw/CheckUnsupportedDumpingOptions.java,Passed. Execution successful,246,/workspace/work/jtreg/tier12-legacy12/work/runtime/cds/appcds/jigsaw/CheckUnsupportedDumpingOptions.jtr
runtime/cds/appcds/jigsaw/JigsawOptionsCombo.java,Passed. Execution successful,7323,/workspace/work/jtreg/tier12-legacy12/work/runtime/cds/appcds/jigsaw/JigsawOptionsCombo.jtr
runtime/cds/appcds/jigsaw/NewModuleFinderTest.java,Passed. Execution successful,315,/workspace/work/jtreg/tier12-legacy12/work/runtime/cds/appcds/jigsaw/NewModuleFinderTest.jtr
runtime/cds/appcds/jigsaw/RedefineClassesInModuleGraph.java,Passed. Execution successful,921,/workspace/work/jtreg/tier12-legacy12/work/runtime/cds/appcds/jigsaw/RedefineClassesInModuleGraph.jtr
runtime/cds/appcds/jvmti/CFLH/ClassFileLoadHookTest.java,Passed. Execution successful,2143,/workspace/work/jtreg/tier12-legacy12/work/runtime/cds/appcds/jvmti/CFLH/ClassFileLoadHookTest.jtr
runtime/cds/appcds/jvmti/CFLH/MultiReleaseJars.java,Passed. Execution successful,3574,/workspace/work/jtreg/tier12-legacy12/work/runtime/cds/appcds/jvmti/CFLH/MultiReleaseJars.jtr
runtime/cds/appcds/jvmti/parallelLoad/ParallelLoadAndTransformTest.java,Passed. Execution successful,1290,/workspace/work/jtreg/tier12-legacy12/work/runtime/cds/appcds/jvmti/parallelLoad/ParallelLoadAndTransformTest.jtr
runtime/cds/appcds/jvmti/redefineClasses/OldClassAndRedefineClass.java,Passed. Execution successful,1380,/workspace/work/jtreg/tier12-legacy12/work/runtime/cds/appcds/jvmti/redefineClasses/OldClassAndRedefineClass.jtr
runtime/cds/appcds/jvmti/redefineClasses/RedefineBootClassTest.java,Passed. Execution successful,1142,/workspace/work/jtreg/tier12-legacy12/work/runtime/cds/appcds/jvmti/redefineClasses/RedefineBootClassTest.jtr
runtime/cds/appcds/jvmti/redefineClasses/RedefineOldSuperTest.java,Passed. Execution successful,1201,/workspace/work/jtreg/tier12-legacy12/work/runtime/cds/appcds/jvmti/redefineClasses/RedefineOldSuperTest.jtr
runtime/cds/appcds/jvmti/transformRelatedClasses/TransformInterfaceImplementorAppCDS.java,Passed. Execution successful,4797,/workspace/work/jtreg/tier12-legacy12/work/runtime/cds/appcds/jvmti/transformRelatedClasses/TransformInterfaceImplementorAppCDS.jtr
runtime/cds/appcds/jvmti/transformRelatedClasses/TransformSuperSubAppCDS.java,Passed. Execution successful,5045,/workspace/work/jtreg/tier12-legacy12/work/runtime/cds/appcds/jvmti/transformRelatedClasses/TransformSuperSubAppCDS.jtr
runtime/cds/appcds/jvmti/InstrumentationTest.java,Passed. Execution successful,4645,/workspace/work/jtreg/tier12-legacy12/work/runtime/cds/appcds/jvmti/InstrumentationTest.jtr
runtime/cds/appcds/lambdaForm/DefaultClassListLFInvokers.java,Passed. Execution successful,913,/workspace/work/jtreg/tier12-legacy12/work/runtime/cds/appcds/lambdaForm/DefaultClassListLFInvokers.jtr
runtime/cds/appcds/loaderConstraints/DynamicLoaderConstraintsTest.java#custom-cl,Passed. Execution successful,2378,/workspace/work/jtreg/tier12-legacy12/work/runtime/cds/appcds/loaderConstraints/DynamicLoaderConstraintsTest_custom-cl.jtr
runtime/cds/appcds/loaderConstraints/DynamicLoaderConstraintsTest.java#custom-cl-zgc,Passed. Execution successful,2547,/workspace/work/jtreg/tier12-legacy12/work/runtime/cds/appcds/loaderConstraints/DynamicLoaderConstraintsTest_custom-cl-zgc.jtr
runtime/cds/appcds/loaderConstraints/DynamicLoaderConstraintsTest.java#default-cl,Passed. Execution successful,2211,/workspace/work/jtreg/tier12-legacy12/work/runtime/cds/appcds/loaderConstraints/DynamicLoaderConstraintsTest_default-cl.jtr
runtime/cds/appcds/loaderConstraints/LoaderConstraintsTest.java#custom-cl,Passed. Execution successful,1178,/workspace/work/jtreg/tier12-legacy12/work/runtime/cds/appcds/loaderConstraints/LoaderConstraintsTest_custom-cl.jtr
runtime/cds/appcds/loaderConstraints/LoaderConstraintsTest.java#default-cl,Passed. Execution successful,1197,/workspace/work/jtreg/tier12-legacy12/work/runtime/cds/appcds/loaderConstraints/LoaderConstraintsTest_default-cl.jtr
runtime/cds/appcds/methodHandles/MethodHandlesAsCollectorTest.java#aot,Passed. Execution successful,8380,/workspace/work/jtreg/tier12-legacy12/work/runtime/cds/appcds/methodHandles/MethodHandlesAsCollectorTest_aot.jtr
runtime/cds/appcds/methodHandles/MethodHandlesAsCollectorTest.java#dynamic,Passed. Execution successful,7306,/workspace/work/jtreg/tier12-legacy12/work/runtime/cds/appcds/methodHandles/MethodHandlesAsCollectorTest_dynamic.jtr
runtime/cds/appcds/methodHandles/MethodHandlesAsCollectorTest.java#static,Passed. Execution successful,8263,/workspace/work/jtreg/tier12-legacy12/work/runtime/cds/appcds/methodHandles/MethodHandlesAsCollectorTest_static.jtr
runtime/cds/appcds/methodHandles/MethodHandlesCastFailureTest.java#aot,Passed. Execution successful,1663,/workspace/work/jtreg/tier12-legacy12/work/runtime/cds/appcds/methodHandles/MethodHandlesCastFailureTest_aot.jtr
runtime/cds/appcds/methodHandles/MethodHandlesCastFailureTest.java#dynamic,Passed. Execution successful,1258,/workspace/work/jtreg/tier12-legacy12/work/runtime/cds/appcds/methodHandles/MethodHandlesCastFailureTest_dynamic.jtr
runtime/cds/appcds/methodHandles/MethodHandlesCastFailureTest.java#static,Passed. Execution successful,1559,/workspace/work/jtreg/tier12-legacy12/work/runtime/cds/appcds/methodHandles/MethodHandlesCastFailureTest_static.jtr
runtime/cds/appcds/methodHandles/MethodHandlesGeneralTest.java#aot,Passed. Execution successful,4636,/workspace/work/jtreg/tier12-legacy12/work/runtime/cds/appcds/methodHandles/MethodHandlesGeneralTest_aot.jtr
runtime/cds/appcds/methodHandles/MethodHandlesGeneralTest.java#dynamic,Passed. Execution successful,3830,/workspace/work/jtreg/tier12-legacy12/work/runtime/cds/appcds/methodHandles/MethodHandlesGeneralTest_dynamic.jtr
runtime/cds/appcds/methodHandles/MethodHandlesGeneralTest.java#static,Passed. Execution successful,4715,/workspace/work/jtreg/tier12-legacy12/work/runtime/cds/appcds/methodHandles/MethodHandlesGeneralTest_static.jtr
runtime/cds/appcds/methodHandles/MethodHandlesInvokersTest.java#aot,Passed. Execution successful,2453,/workspace/work/jtreg/tier12-legacy12/work/runtime/cds/appcds/methodHandles/MethodHandlesInvokersTest_aot.jtr
runtime/cds/appcds/methodHandles/MethodHandlesInvokersTest.java#dynamic,Passed. Execution successful,2027,/workspace/work/jtreg/tier12-legacy12/work/runtime/cds/appcds/methodHandles/MethodHandlesInvokersTest_dynamic.jtr
runtime/cds/appcds/methodHandles/MethodHandlesInvokersTest.java#static,Passed. Execution successful,2479,/workspace/work/jtreg/tier12-legacy12/work/runtime/cds/appcds/methodHandles/MethodHandlesInvokersTest_static.jtr
runtime/cds/appcds/methodHandles/MethodHandlesPermuteArgumentsTest.java#aot,Passed. Execution successful,3841,/workspace/work/jtreg/tier12-legacy12/work/runtime/cds/appcds/methodHandles/MethodHandlesPermuteArgumentsTest_aot.jtr
runtime/cds/appcds/methodHandles/MethodHandlesPermuteArgumentsTest.java#dynamic,Passed. Execution successful,3301,/workspace/work/jtreg/tier12-legacy12/work/runtime/cds/appcds/methodHandles/MethodHandlesPermuteArgumentsTest_dynamic.jtr
runtime/cds/appcds/methodHandles/MethodHandlesPermuteArgumentsTest.java#static,Passed. Execution successful,3547,/workspace/work/jtreg/tier12-legacy12/work/runtime/cds/appcds/methodHandles/MethodHandlesPermuteArgumentsTest_static.jtr
runtime/cds/appcds/methodHandles/MethodHandlesSpreadArgumentsTest.java#aot,Passed. Execution successful,8745,/workspace/work/jtreg/tier12-legacy12/work/runtime/cds/appcds/methodHandles/MethodHandlesSpreadArgumentsTest_aot.jtr
runtime/cds/appcds/methodHandles/MethodHandlesSpreadArgumentsTest.java#dynamic,Passed. Execution successful,7952,/workspace/work/jtreg/tier12-legacy12/work/runtime/cds/appcds/methodHandles/MethodHandlesSpreadArgumentsTest_dynamic.jtr
runtime/cds/appcds/methodHandles/MethodHandlesSpreadArgumentsTest.java#static,Passed. Execution successful,8214,/workspace/work/jtreg/tier12-legacy12/work/runtime/cds/appcds/methodHandles/MethodHandlesSpreadArgumentsTest_static.jtr
runtime/cds/appcds/redefineClass/RedefineBasicTest.java,Passed. Execution successful,1559,/workspace/work/jtreg/tier12-legacy12/work/runtime/cds/appcds/redefineClass/RedefineBasicTest.jtr
runtime/cds/appcds/redefineClass/RedefineRunningMethods_Shared.java,Passed. Execution successful,1975,/workspace/work/jtreg/tier12-legacy12/work/runtime/cds/appcds/redefineClass/RedefineRunningMethods_Shared.jtr
runtime/cds/appcds/resolvedConstants/AOTLinkedLambdas.java,Passed. Execution successful,1477,/workspace/work/jtreg/tier12-legacy12/work/runtime/cds/appcds/resolvedConstants/AOTLinkedLambdas.jtr
runtime/cds/appcds/resolvedConstants/AOTLinkedVarHandles.java,Passed. Execution successful,1431,/workspace/work/jtreg/tier12-legacy12/work/runtime/cds/appcds/resolvedConstants/AOTLinkedVarHandles.jtr
runtime/cds/appcds/resolvedConstants/ResolvedConstants.java#aot,Passed. Execution successful,4122,/workspace/work/jtreg/tier12-legacy12/work/runtime/cds/appcds/resolvedConstants/ResolvedConstants_aot.jtr
runtime/cds/appcds/resolvedConstants/ResolvedConstants.java#dynamic,Passed. Execution successful,692,/workspace/work/jtreg/tier12-legacy12/work/runtime/cds/appcds/resolvedConstants/ResolvedConstants_dynamic.jtr
runtime/cds/appcds/resolvedConstants/ResolvedConstants.java#static,Passed. Execution successful,3074,/workspace/work/jtreg/tier12-legacy12/work/runtime/cds/appcds/resolvedConstants/ResolvedConstants_static.jtr
runtime/cds/appcds/resolvedConstants/ResolvedPutField.java,Passed. Execution successful,1437,/workspace/work/jtreg/tier12-legacy12/work/runtime/cds/appcds/resolvedConstants/ResolvedPutField.jtr
runtime/cds/appcds/sharedStrings/FlagCombo.java#id0,Passed. Execution successful,1819,/workspace/work/jtreg/tier12-legacy12/work/runtime/cds/appcds/sharedStrings/FlagCombo_id0.jtr
runtime/cds/appcds/sharedStrings/InvalidFileFormat.java,Passed. Execution successful,5577,/workspace/work/jtreg/tier12-legacy12/work/runtime/cds/appcds/sharedStrings/InvalidFileFormat.jtr
runtime/cds/appcds/sharedStrings/LargePages.java,Passed. Execution successful,2518,/workspace/work/jtreg/tier12-legacy12/work/runtime/cds/appcds/sharedStrings/LargePages.jtr
runtime/cds/appcds/sharedStrings/SharedStringsBasic.java,Passed. Execution successful,2511,/workspace/work/jtreg/tier12-legacy12/work/runtime/cds/appcds/sharedStrings/SharedStringsBasic.jtr
runtime/cds/appcds/sharedStrings/SharedStringsHumongous.java,Passed. Execution successful,2860,/workspace/work/jtreg/tier12-legacy12/work/runtime/cds/appcds/sharedStrings/SharedStringsHumongous.jtr
runtime/cds/appcds/sharedStrings/SharedStringsStress.java,Passed. Execution successful,10084,/workspace/work/jtreg/tier12-legacy12/work/runtime/cds/appcds/sharedStrings/SharedStringsStress.jtr
runtime/cds/appcds/sharedStrings/StaticStringInOldClass.java,Passed. Execution successful,900,/workspace/work/jtreg/tier12-legacy12/work/runtime/cds/appcds/sharedStrings/StaticStringInOldClass.jtr
runtime/cds/serviceability/transformRelatedClasses/TransformInterfaceAndImplementor.java,Passed. Execution successful,1536,/workspace/work/jtreg/tier12-legacy12/work/runtime/cds/serviceability/transformRelatedClasses/TransformInterfaceAndImplementor.jtr
runtime/cds/serviceability/transformRelatedClasses/TransformSuperAndSubClasses.java,Passed. Execution successful,1329,/workspace/work/jtreg/tier12-legacy12/work/runtime/cds/serviceability/transformRelatedClasses/TransformSuperAndSubClasses.jtr
runtime/cds/serviceability/transformRelatedClasses/TransformSuperSubTwoPckgs.java,Passed. Execution successful,1542,/workspace/work/jtreg/tier12-legacy12/work/runtime/cds/serviceability/transformRelatedClasses/TransformSuperSubTwoPckgs.jtr
runtime/cds/serviceability/ReplaceCriticalClasses.java,Passed. Execution successful,2158,/workspace/work/jtreg/tier12-legacy12/work/runtime/cds/serviceability/ReplaceCriticalClasses.jtr
runtime/cds/serviceability/ReplaceCriticalClassesForSubgraphs.java,Passed. Execution successful,1705,/workspace/work/jtreg/tier12-legacy12/work/runtime/cds/serviceability/ReplaceCriticalClassesForSubgraphs.jtr
runtime/CheckUnhandledOops/TestOutOfMemory.java,Passed. Execution successful,130,/workspace/work/jtreg/tier12-legacy12/work/runtime/CheckUnhandledOops/TestOutOfMemory.jtr
runtime/ClassFile/ClassAccessFlagsRawTest.java,Passed. Execution successful,149,/workspace/work/jtreg/tier12-legacy12/work/runtime/ClassFile/ClassAccessFlagsRawTest.jtr
runtime/ClassFile/ClassFileVersionTest.java,Passed. Execution successful,174,/workspace/work/jtreg/tier12-legacy12/work/runtime/ClassFile/ClassFileVersionTest.jtr
runtime/ClassFile/HiddenClassesTest.java,Passed. Execution successful,480,/workspace/work/jtreg/tier12-legacy12/work/runtime/ClassFile/HiddenClassesTest.jtr
runtime/ClassFile/PreviewVersion.java,Passed. Execution successful,576,/workspace/work/jtreg/tier12-legacy12/work/runtime/ClassFile/PreviewVersion.jtr
runtime/ClassFile/UnsupportedClassFileVersion.java,Passed. Execution successful,495,/workspace/work/jtreg/tier12-legacy12/work/runtime/ClassFile/UnsupportedClassFileVersion.jtr
runtime/classFileParserBug/AccModuleTest.java,Passed. Execution successful,273,/workspace/work/jtreg/tier12-legacy12/work/runtime/classFileParserBug/AccModuleTest.jtr
runtime/classFileParserBug/AnnotationTag.java,Passed. Execution successful,57,/workspace/work/jtreg/tier12-legacy12/work/runtime/classFileParserBug/AnnotationTag.jtr
runtime/classFileParserBug/BadInitMethod.java,Passed. Execution successful,235,/workspace/work/jtreg/tier12-legacy12/work/runtime/classFileParserBug/BadInitMethod.jtr
runtime/classFileParserBug/BadNameAndType.java,Passed. Execution successful,219,/workspace/work/jtreg/tier12-legacy12/work/runtime/classFileParserBug/BadNameAndType.jtr
runtime/classFileParserBug/Class53.jasm,Passed. Execution successful,53,/workspace/work/jtreg/tier12-legacy12/work/runtime/classFileParserBug/Class53.jtr
runtime/classFileParserBug/Class54.jasm,Passed. Execution successful,88,/workspace/work/jtreg/tier12-legacy12/work/runtime/classFileParserBug/Class54.jtr
runtime/classFileParserBug/Class55.jasm,Passed. Execution successful,87,/workspace/work/jtreg/tier12-legacy12/work/runtime/classFileParserBug/Class55.jtr
runtime/classFileParserBug/Class56.jasm,Passed. Execution successful,88,/workspace/work/jtreg/tier12-legacy12/work/runtime/classFileParserBug/Class56.jtr
runtime/classFileParserBug/EnclosingMethod.java,Passed. Execution successful,224,/workspace/work/jtreg/tier12-legacy12/work/runtime/classFileParserBug/EnclosingMethod.jtr
runtime/classFileParserBug/FakeMethodAcc.java,Passed. Execution successful,102,/workspace/work/jtreg/tier12-legacy12/work/runtime/classFileParserBug/FakeMethodAcc.jtr
runtime/classFileParserBug/InitInInterface.java,Passed. Execution successful,107,/workspace/work/jtreg/tier12-legacy12/work/runtime/classFileParserBug/InitInInterface.jtr
runtime/classFileParserBug/NameAndTypeSig.java,Passed. Execution successful,143,/workspace/work/jtreg/tier12-legacy12/work/runtime/classFileParserBug/NameAndTypeSig.jtr
runtime/classFileParserBug/TestBadClassName.java,Passed. Execution successful,231,/workspace/work/jtreg/tier12-legacy12/work/runtime/classFileParserBug/TestBadClassName.jtr
runtime/classFileParserBug/TestEmptyUnqName.java,Passed. Execution successful,140,/workspace/work/jtreg/tier12-legacy12/work/runtime/classFileParserBug/TestEmptyUnqName.jtr
runtime/classFileParserBug/TrailingSlashTest.java,Passed. Execution successful,136,/workspace/work/jtreg/tier12-legacy12/work/runtime/classFileParserBug/TrailingSlashTest.jtr
runtime/classFileParserBug/UnknownAttrTest.java,Passed. Execution successful,104,/workspace/work/jtreg/tier12-legacy12/work/runtime/classFileParserBug/UnknownAttrTest.jtr
runtime/ClassInitErrors/InitExceptionUnloadTest.java,Passed. Execution successful,579,/workspace/work/jtreg/tier12-legacy12/work/runtime/ClassInitErrors/InitExceptionUnloadTest.jtr
runtime/ClassInitErrors/TestOutOfMemoryDuringInit.java,Passed. Execution successful,775,/workspace/work/jtreg/tier12-legacy12/work/runtime/ClassInitErrors/TestOutOfMemoryDuringInit.jtr
runtime/ClassResolutionFail/ErrorsDemoTest.java,Passed. Execution successful,325,/workspace/work/jtreg/tier12-legacy12/work/runtime/ClassResolutionFail/ErrorsDemoTest.jtr
runtime/ClassResolutionFail/TestClassResolutionFail.java,Passed. Execution successful,57,/workspace/work/jtreg/tier12-legacy12/work/runtime/ClassResolutionFail/TestClassResolutionFail.jtr
runtime/ClassUnload/ConstantPoolDependsTest.java,Passed. Execution successful,615,/workspace/work/jtreg/tier12-legacy12/work/runtime/ClassUnload/ConstantPoolDependsTest.jtr
runtime/ClassUnload/DictionaryDependsTest.java,Passed. Execution successful,415,/workspace/work/jtreg/tier12-legacy12/work/runtime/ClassUnload/DictionaryDependsTest.jtr
runtime/ClassUnload/KeepAliveClass.java,Passed. Execution successful,386,/workspace/work/jtreg/tier12-legacy12/work/runtime/ClassUnload/KeepAliveClass.jtr
runtime/ClassUnload/KeepAliveClassLoader.java,Passed. Execution successful,415,/workspace/work/jtreg/tier12-legacy12/work/runtime/ClassUnload/KeepAliveClassLoader.jtr
runtime/ClassUnload/KeepAliveObject.java,Passed. Execution successful,413,/workspace/work/jtreg/tier12-legacy12/work/runtime/ClassUnload/KeepAliveObject.jtr
runtime/ClassUnload/KeepAliveSoftReference.java,Passed. Execution successful,418,/workspace/work/jtreg/tier12-legacy12/work/runtime/ClassUnload/KeepAliveSoftReference.jtr
runtime/ClassUnload/SuperDependsTest.java,Passed. Execution successful,415,/workspace/work/jtreg/tier12-legacy12/work/runtime/ClassUnload/SuperDependsTest.jtr
runtime/ClassUnload/UnloadInterfaceTest.java,Passed. Execution successful,441,/workspace/work/jtreg/tier12-legacy12/work/runtime/ClassUnload/UnloadInterfaceTest.jtr
runtime/ClassUnload/UnloadTest.java,Passed. Execution successful,402,/workspace/work/jtreg/tier12-legacy12/work/runtime/ClassUnload/UnloadTest.jtr
runtime/ClassUnload/UnloadTestDuringClassLoaderStatsVMOperation.java,Passed. Execution successful,602,/workspace/work/jtreg/tier12-legacy12/work/runtime/ClassUnload/UnloadTestDuringClassLoaderStatsVMOperation.jtr
runtime/ClassUnload/UnloadTestWithVerifyDuringGC.java,Passed. Execution successful,428,/workspace/work/jtreg/tier12-legacy12/work/runtime/ClassUnload/UnloadTestWithVerifyDuringGC.jtr
runtime/clinit/ClassInitBarrier.java,Passed. Execution successful,42592,/workspace/work/jtreg/tier12-legacy12/work/runtime/clinit/ClassInitBarrier.jtr
runtime/clone/invokevirtual/HasLocalClone.jasm,Passed. Execution successful,138,/workspace/work/jtreg/tier12-legacy12/work/runtime/clone/invokevirtual/HasLocalClone.jtr
runtime/clone/invokevirtual/NoLocalClone.jasm,Passed. Execution successful,131,/workspace/work/jtreg/tier12-legacy12/work/runtime/clone/invokevirtual/NoLocalClone.jtr
runtime/clone/invokevirtual/NoLocalCloneAbstr.jasm,Passed. Execution successful,131,/workspace/work/jtreg/tier12-legacy12/work/runtime/clone/invokevirtual/NoLocalCloneAbstr.jtr
runtime/clone/AbstractClone.java,Passed. Execution successful,294,/workspace/work/jtreg/tier12-legacy12/work/runtime/clone/AbstractClone.jtr
runtime/clone/AbstractNoClones.jasm,Passed. Execution successful,52,/workspace/work/jtreg/tier12-legacy12/work/runtime/clone/AbstractNoClones.jtr
runtime/clone/DefaultClone.jasm,Passed. Execution successful,92,/workspace/work/jtreg/tier12-legacy12/work/runtime/clone/DefaultClone.jtr
runtime/clone/DefaultFinalize.jasm,Passed. Execution successful,92,/workspace/work/jtreg/tier12-legacy12/work/runtime/clone/DefaultFinalize.jtr
runtime/clone/DefaultHashCode.jasm,Passed. Execution successful,88,/workspace/work/jtreg/tier12-legacy12/work/runtime/clone/DefaultHashCode.jtr
runtime/clone/DefaultNoCloneInC.jasm,Passed. Execution successful,92,/workspace/work/jtreg/tier12-legacy12/work/runtime/clone/DefaultNoCloneInC.jtr
runtime/clone/LocalClone.jasm,Passed. Execution successful,92,/workspace/work/jtreg/tier12-legacy12/work/runtime/clone/LocalClone.jtr
runtime/clone/NoClones.jasm,Passed. Execution successful,88,/workspace/work/jtreg/tier12-legacy12/work/runtime/clone/NoClones.jtr
runtime/CompactObjectHeaders/FourByteHeaderArchives.java,Passed. Execution successful,1773,/workspace/work/jtreg/tier12-legacy12/work/runtime/CompactObjectHeaders/FourByteHeaderArchives.jtr
runtime/CompactObjectHeaders/FourByteHeaderClassSpace.java,Passed. Execution successful,4123,/workspace/work/jtreg/tier12-legacy12/work/runtime/CompactObjectHeaders/FourByteHeaderClassSpace.jtr
runtime/CompactObjectHeaders/FourByteHeaderHashState.java,Passed. Execution successful,1455,/workspace/work/jtreg/tier12-legacy12/work/runtime/CompactObjectHeaders/FourByteHeaderHashState.jtr
runtime/CompactObjectHeaders/FourByteHeaderLayout.java,Passed. Execution successful,405,/workspace/work/jtreg/tier12-legacy12/work/runtime/CompactObjectHeaders/FourByteHeaderLayout.jtr
runtime/CompactObjectHeaders/FourByteHeaderOptions.java,Passed. Execution successful,419,/workspace/work/jtreg/tier12-legacy12/work/runtime/CompactObjectHeaders/FourByteHeaderOptions.jtr
runtime/CompactObjectHeaders/FourByteHeaderZGC.java,Passed. Execution successful,6872,/workspace/work/jtreg/tier12-legacy12/work/runtime/CompactObjectHeaders/FourByteHeaderZGC.jtr
runtime/CompactStrings/TestMethodNames.java,Passed. Execution successful,273,/workspace/work/jtreg/tier12-legacy12/work/runtime/CompactStrings/TestMethodNames.jtr
runtime/condy/escapeAnalysis/TestEscapeCondy.java,Passed. Execution successful,245,/workspace/work/jtreg/tier12-legacy12/work/runtime/condy/escapeAnalysis/TestEscapeCondy.jtr
runtime/condy/staticInit/TestInitException.java,Passed. Execution successful,213,/workspace/work/jtreg/tier12-legacy12/work/runtime/condy/staticInit/TestInitException.jtr
runtime/condy/BadBSMUseTest.java,Passed. Execution successful,208,/workspace/work/jtreg/tier12-legacy12/work/runtime/condy/BadBSMUseTest.jtr
runtime/condy/CondyBadBSMArrayTest.java,Passed. Execution successful,203,/workspace/work/jtreg/tier12-legacy12/work/runtime/condy/CondyBadBSMArrayTest.jtr
runtime/condy/CondyBadNameTypeTest.java,Passed. Execution successful,222,/workspace/work/jtreg/tier12-legacy12/work/runtime/condy/CondyBadNameTypeTest.jtr
runtime/condy/CondyCFVCheckTest.java,Passed. Execution successful,214,/workspace/work/jtreg/tier12-legacy12/work/runtime/condy/CondyCFVCheckTest.jtr
runtime/condy/CondyExtendedNullPointerTest.java,Passed. Execution successful,265,/workspace/work/jtreg/tier12-legacy12/work/runtime/condy/CondyExtendedNullPointerTest.jtr
runtime/condy/CondyLDCTest.java,Passed. Execution successful,561,/workspace/work/jtreg/tier12-legacy12/work/runtime/condy/CondyLDCTest.jtr
runtime/condy/CondyNewInvokeSpecialTest.java,Passed. Execution successful,213,/workspace/work/jtreg/tier12-legacy12/work/runtime/condy/CondyNewInvokeSpecialTest.jtr
runtime/contended/Basic.java,Passed. Execution successful,116,/workspace/work/jtreg/tier12-legacy12/work/runtime/contended/Basic.jtr
runtime/contended/DefaultValue.java,Passed. Execution successful,155,/workspace/work/jtreg/tier12-legacy12/work/runtime/contended/DefaultValue.jtr
runtime/contended/HasNonStatic.java,Passed. Execution successful,160,/workspace/work/jtreg/tier12-legacy12/work/runtime/contended/HasNonStatic.jtr
runtime/contended/Inheritance1.java,Passed. Execution successful,165,/workspace/work/jtreg/tier12-legacy12/work/runtime/contended/Inheritance1.jtr
runtime/contended/MixedPrimitives.java,Passed. Execution successful,159,/workspace/work/jtreg/tier12-legacy12/work/runtime/contended/MixedPrimitives.jtr
runtime/contended/OopMaps.java,Passed. Execution successful,171,/workspace/work/jtreg/tier12-legacy12/work/runtime/contended/OopMaps.jtr
runtime/contended/OopMapsSameGroup.java,Passed. Execution successful,156,/workspace/work/jtreg/tier12-legacy12/work/runtime/contended/OopMapsSameGroup.jtr
runtime/contended/Options.java,Passed. Execution successful,313,/workspace/work/jtreg/tier12-legacy12/work/runtime/contended/Options.jtr
runtime/CreateMirror/ArraysNewInstanceBug.java,Passed. Execution successful,7601,/workspace/work/jtreg/tier12-legacy12/work/runtime/CreateMirror/ArraysNewInstanceBug.jtr
runtime/DefineClass/NullClassBytesTest.java,Passed. Execution successful,229,/workspace/work/jtreg/tier12-legacy12/work/runtime/DefineClass/NullClassBytesTest.jtr
runtime/duplAttributes/DuplAttributesTest.java,Passed. Execution successful,755,/workspace/work/jtreg/tier12-legacy12/work/runtime/duplAttributes/DuplAttributesTest.jtr
runtime/duplAttributes/TestDupSignatureAttr.java,Passed. Execution successful,277,/workspace/work/jtreg/tier12-legacy12/work/runtime/duplAttributes/TestDupSignatureAttr.jtr
runtime/ElfDecoder/TestElfDirectRead.java#id0,Passed. Execution successful,1378,/workspace/work/jtreg/tier12-legacy12/work/runtime/ElfDecoder/TestElfDirectRead_id0.jtr
runtime/EnclosingMethodAttr/EnclMethodAttr.java,Passed. Execution successful,145,/workspace/work/jtreg/tier12-legacy12/work/runtime/EnclosingMethodAttr/EnclMethodAttr.jtr
runtime/exceptionMsgs/AbstractMethodError/AbstractMethodErrorTest.java,Passed. Execution successful,410,/workspace/work/jtreg/tier12-legacy12/work/runtime/exceptionMsgs/AbstractMethodError/AbstractMethodErrorTest.jtr
runtime/exceptionMsgs/ArrayIndexOutOfBoundsException/ArrayIndexOutOfBoundsExceptionTest.java#id0,Passed. Execution successful,448,/workspace/work/jtreg/tier12-legacy12/work/runtime/exceptionMsgs/ArrayIndexOutOfBoundsException/ArrayIndexOutOfBoundsExceptionTest_id0.jtr
runtime/exceptionMsgs/ArrayIndexOutOfBoundsException/ArrayIndexOutOfBoundsExceptionTest.java#id1,Passed. Execution successful,10374,/workspace/work/jtreg/tier12-legacy12/work/runtime/exceptionMsgs/ArrayIndexOutOfBoundsException/ArrayIndexOutOfBoundsExceptionTest_id1.jtr
runtime/exceptionMsgs/ArrayStoreException/ArrayStoreExceptionTest.java,Passed. Execution successful,82,/workspace/work/jtreg/tier12-legacy12/work/runtime/exceptionMsgs/ArrayStoreException/ArrayStoreExceptionTest.jtr
runtime/exceptionMsgs/IllegalAccessError/IllegalAccessErrorTest.java,Passed. Execution successful,307,/workspace/work/jtreg/tier12-legacy12/work/runtime/exceptionMsgs/IllegalAccessError/IllegalAccessErrorTest.jtr
runtime/exceptionMsgs/IncompatibleClassChangeError/IncompatibleClassChangeErrorTest.java,Passed. Execution successful,615,/workspace/work/jtreg/tier12-legacy12/work/runtime/exceptionMsgs/IncompatibleClassChangeError/IncompatibleClassChangeErrorTest.jtr
runtime/exceptionMsgs/methodPrinting/TestPrintingMethods.java,Passed. Execution successful,144,/workspace/work/jtreg/tier12-legacy12/work/runtime/exceptionMsgs/methodPrinting/TestPrintingMethods.jtr
runtime/exceptionMsgs/NegativeArraySizeException/NegativeArraySizeExceptionTest.java,Passed. Execution successful,305,/workspace/work/jtreg/tier12-legacy12/work/runtime/exceptionMsgs/NegativeArraySizeException/NegativeArraySizeExceptionTest.jtr
runtime/exceptionMsgs/NoClassDefFoundError/NoClassDefFoundErrorTest.java,Passed. Execution successful,2749,/workspace/work/jtreg/tier12-legacy12/work/runtime/exceptionMsgs/NoClassDefFoundError/NoClassDefFoundErrorTest.jtr
runtime/exceptionMsgs/NullPointerException/NPEInHiddenTopFrameTest.java,Passed. Execution successful,246,/workspace/work/jtreg/tier12-legacy12/work/runtime/exceptionMsgs/NullPointerException/NPEInHiddenTopFrameTest.jtr
runtime/exceptionMsgs/NullPointerException/NullPointerExceptionTest.java#id0,Passed. Execution successful,416,/workspace/work/jtreg/tier12-legacy12/work/runtime/exceptionMsgs/NullPointerException/NullPointerExceptionTest_id0.jtr
runtime/exceptionMsgs/NullPointerException/NullPointerExceptionTest.java#id1,Passed. Execution successful,363,/workspace/work/jtreg/tier12-legacy12/work/runtime/exceptionMsgs/NullPointerException/NullPointerExceptionTest_id1.jtr
runtime/exceptionMsgs/NullPointerException/SuppressMessagesTest.java#id0,Passed. Execution successful,107,/workspace/work/jtreg/tier12-legacy12/work/runtime/exceptionMsgs/NullPointerException/SuppressMessagesTest_id0.jtr
runtime/exceptionMsgs/NullPointerException/SuppressMessagesTest.java#id1,Passed. Execution successful,138,/workspace/work/jtreg/tier12-legacy12/work/runtime/exceptionMsgs/NullPointerException/SuppressMessagesTest_id1.jtr
runtime/exceptionMsgs/NullPointerException/SuppressMessagesTest.java#id2,Passed. Execution successful,152,/workspace/work/jtreg/tier12-legacy12/work/runtime/exceptionMsgs/NullPointerException/SuppressMessagesTest_id2.jtr
runtime/exceptionMsgs/LongExceptionMessageTest.java,Passed. Execution successful,135,/workspace/work/jtreg/tier12-legacy12/work/runtime/exceptionMsgs/LongExceptionMessageTest.jtr
runtime/execstack/TestCheckJDK.java,Passed. Execution successful,614,/workspace/work/jtreg/tier12-legacy12/work/runtime/execstack/TestCheckJDK.jtr
runtime/execstack/Testexecstack.java,Passed. Execution successful,556,/workspace/work/jtreg/tier12-legacy12/work/runtime/execstack/Testexecstack.jtr
runtime/FieldLayout/BaseOffsets.java#no-coops,Passed. Execution successful,308,/workspace/work/jtreg/tier12-legacy12/work/runtime/FieldLayout/BaseOffsets_no-coops.jtr
runtime/FieldLayout/BaseOffsets.java#no-coops-with-coh,Passed. Execution successful,366,/workspace/work/jtreg/tier12-legacy12/work/runtime/FieldLayout/BaseOffsets_no-coops-with-coh.jtr
runtime/FieldLayout/BaseOffsets.java#with-coops,Passed. Execution successful,340,/workspace/work/jtreg/tier12-legacy12/work/runtime/FieldLayout/BaseOffsets_with-coops.jtr
runtime/FieldLayout/BaseOffsets.java#with-coop-with-coh,Passed. Execution successful,351,/workspace/work/jtreg/tier12-legacy12/work/runtime/FieldLayout/BaseOffsets_with-coop-with-coh.jtr
runtime/FieldLayout/FieldDensityTest.java#id0,Passed. Execution successful,169,/workspace/work/jtreg/tier12-legacy12/work/runtime/FieldLayout/FieldDensityTest_id0.jtr
runtime/FieldLayout/FieldDensityTest.java#id1,Passed. Execution successful,177,/workspace/work/jtreg/tier12-legacy12/work/runtime/FieldLayout/FieldDensityTest_id1.jtr
runtime/FieldLayout/TestFieldLayout.java,Passed. Execution successful,157,/workspace/work/jtreg/tier12-legacy12/work/runtime/FieldLayout/TestFieldLayout.jtr
runtime/FieldLayout/TestOopMapSizeMinimal.java#coops_coh,Passed. Execution successful,336,/workspace/work/jtreg/tier12-legacy12/work/runtime/FieldLayout/TestOopMapSizeMinimal_coops_coh.jtr
runtime/FieldLayout/TestOopMapSizeMinimal.java#coops_no_coh,Passed. Execution successful,332,/workspace/work/jtreg/tier12-legacy12/work/runtime/FieldLayout/TestOopMapSizeMinimal_coops_no_coh.jtr
runtime/FieldLayout/TestOopMapSizeMinimal.java#no_coops_coh,Passed. Execution successful,332,/workspace/work/jtreg/tier12-legacy12/work/runtime/FieldLayout/TestOopMapSizeMinimal_no_coops_coh.jtr
runtime/FieldLayout/TestOopMapSizeMinimal.java#no_coops_no_coh,Passed. Execution successful,346,/workspace/work/jtreg/tier12-legacy12/work/runtime/FieldLayout/TestOopMapSizeMinimal_no_coops_no_coh.jtr
runtime/FieldStream/LocalFieldLookupTest.java#defaults,Passed. Execution successful,3270,/workspace/work/jtreg/tier12-legacy12/work/runtime/FieldStream/LocalFieldLookupTest_defaults.jtr
runtime/Final/PutfieldError.java,Passed. Execution successful,277,/workspace/work/jtreg/tier12-legacy12/work/runtime/Final/PutfieldError.jtr
runtime/Final/TestPutMain.java,Passed. Execution successful,151,/workspace/work/jtreg/tier12-legacy12/work/runtime/Final/TestPutMain.jtr
runtime/finalStatic/FinalStatic.java,Passed. Execution successful,165,/workspace/work/jtreg/tier12-legacy12/work/runtime/finalStatic/FinalStatic.jtr
runtime/handlerInTry/LoadHandlerInTry.java,Passed. Execution successful,203,/workspace/work/jtreg/tier12-legacy12/work/runtime/handlerInTry/LoadHandlerInTry.jtr
runtime/handshake/AsyncHandshakeWalkStackTest.java,Passed. Execution successful,2924,/workspace/work/jtreg/tier12-legacy12/work/runtime/handshake/AsyncHandshakeWalkStackTest.jtr
runtime/handshake/HandshakeDirectTest.java,Passed. Execution successful,1593,/workspace/work/jtreg/tier12-legacy12/work/runtime/handshake/HandshakeDirectTest.jtr
runtime/handshake/HandshakeSuspendExitTest.java,Passed. Execution successful,258,/workspace/work/jtreg/tier12-legacy12/work/runtime/handshake/HandshakeSuspendExitTest.jtr
runtime/handshake/HandshakeTransitionTest.java,Passed. Execution successful,2334,/workspace/work/jtreg/tier12-legacy12/work/runtime/handshake/HandshakeTransitionTest.jtr
runtime/handshake/HandshakeWalkExitTest.java,Passed. Execution successful,739,/workspace/work/jtreg/tier12-legacy12/work/runtime/handshake/HandshakeWalkExitTest.jtr
runtime/handshake/HandshakeWalkOneExitTest.java,Passed. Execution successful,549,/workspace/work/jtreg/tier12-legacy12/work/runtime/handshake/HandshakeWalkOneExitTest.jtr
runtime/handshake/HandshakeWalkStackTest.java,Passed. Execution successful,2930,/workspace/work/jtreg/tier12-legacy12/work/runtime/handshake/HandshakeWalkStackTest.jtr
runtime/handshake/MixedHandshakeWalkStackTest.java,Passed. Execution successful,20270,/workspace/work/jtreg/tier12-legacy12/work/runtime/handshake/MixedHandshakeWalkStackTest.jtr
runtime/handshake/SuspendBlocked.java,Passed. Execution successful,1391,/workspace/work/jtreg/tier12-legacy12/work/runtime/handshake/SuspendBlocked.jtr
runtime/handshake/SystemMembarHandshakeTransitionTest.java,Passed. Execution successful,2328,/workspace/work/jtreg/tier12-legacy12/work/runtime/handshake/SystemMembarHandshakeTransitionTest.jtr
runtime/HiddenClasses/CastToParentTest.java,Passed. Execution successful,717,/workspace/work/jtreg/tier12-legacy12/work/runtime/HiddenClasses/CastToParentTest.jtr
runtime/HiddenClasses/DefineHiddenClass.java,Passed. Execution successful,798,/workspace/work/jtreg/tier12-legacy12/work/runtime/HiddenClasses/DefineHiddenClass.jtr
runtime/HiddenClasses/FieldInSuper.java,Passed. Execution successful,157,/workspace/work/jtreg/tier12-legacy12/work/runtime/HiddenClasses/FieldInSuper.jtr
runtime/HiddenClasses/GCHiddenClass.java,Passed. Execution successful,141,/workspace/work/jtreg/tier12-legacy12/work/runtime/HiddenClasses/GCHiddenClass.jtr
runtime/HiddenClasses/HiddenClassStack.java,Passed. Execution successful,122,/workspace/work/jtreg/tier12-legacy12/work/runtime/HiddenClasses/HiddenClassStack.jtr
runtime/HiddenClasses/HiddenDefMeths.java,Passed. Execution successful,189,/workspace/work/jtreg/tier12-legacy12/work/runtime/HiddenClasses/HiddenDefMeths.jtr
runtime/HiddenClasses/HiddenGetModule.java,Passed. Execution successful,672,/workspace/work/jtreg/tier12-legacy12/work/runtime/HiddenClasses/HiddenGetModule.jtr
runtime/HiddenClasses/InstantiateHiddenClass.java,Passed. Execution successful,178,/workspace/work/jtreg/tier12-legacy12/work/runtime/HiddenClasses/InstantiateHiddenClass.jtr
runtime/HiddenClasses/NestedHidden.java,Passed. Execution successful,197,/workspace/work/jtreg/tier12-legacy12/work/runtime/HiddenClasses/NestedHidden.jtr
runtime/HiddenClasses/TestHiddenClassUnloading.java,Passed. Execution successful,856,/workspace/work/jtreg/tier12-legacy12/work/runtime/HiddenClasses/TestHiddenClassUnloading.jtr
runtime/InnerClassesAttr/InnerClassesTest.jasm,Passed. Execution successful,302,/workspace/work/jtreg/tier12-legacy12/work/runtime/InnerClassesAttr/InnerClassesTest.jtr
runtime/InnerClassesAttr/TestInnerClassAccessFlagErrorMessage.java,Passed. Execution successful,71,/workspace/work/jtreg/tier12-legacy12/work/runtime/InnerClassesAttr/TestInnerClassAccessFlagErrorMessage.jtr
runtime/InternalApi/ThreadCpuTimesDeadlock.java#id0,Passed. Execution successful,10333,/workspace/work/jtreg/tier12-legacy12/work/runtime/InternalApi/ThreadCpuTimesDeadlock_id0.jtr
runtime/interned/SanityTest.java,Passed. Execution successful,562,/workspace/work/jtreg/tier12-legacy12/work/runtime/interned/SanityTest.jtr
runtime/invokedynamic/BootstrapMethodErrorTest.java,Passed. Execution successful,444,/workspace/work/jtreg/tier12-legacy12/work/runtime/invokedynamic/BootstrapMethodErrorTest.jtr
runtime/invokedynamic/MethodHandleConstantTest.java,Passed. Execution successful,59,/workspace/work/jtreg/tier12-legacy12/work/runtime/invokedynamic/MethodHandleConstantTest.jtr
runtime/invokedynamic/TestDynamicConstant.java,Passed. Execution successful,106,/workspace/work/jtreg/tier12-legacy12/work/runtime/invokedynamic/TestDynamicConstant.jtr
runtime/jcmd/JcmdCmdLine.java,Passed. Execution successful,2459,/workspace/work/jtreg/tier12-legacy12/work/runtime/jcmd/JcmdCmdLine.jtr
runtime/jni/8025979/UninitializedStrings.java,Passed. Execution successful,99,/workspace/work/jtreg/tier12-legacy12/work/runtime/jni/8025979/UninitializedStrings.jtr
runtime/jni/8033445/DefaultMethods.java,Passed. Execution successful,143,/workspace/work/jtreg/tier12-legacy12/work/runtime/jni/8033445/DefaultMethods.jtr
runtime/jni/abstractMethod/TestJNIAbstractMethod.java,Passed. Execution successful,145,/workspace/work/jtreg/tier12-legacy12/work/runtime/jni/abstractMethod/TestJNIAbstractMethod.jtr
runtime/jni/activeDestroy/TestActiveDestroy.java,Passed. Execution successful,136,/workspace/work/jtreg/tier12-legacy12/work/runtime/jni/activeDestroy/TestActiveDestroy.jtr
runtime/jni/atExit/TestAtExit.java,Passed. Execution successful,308,/workspace/work/jtreg/tier12-legacy12/work/runtime/jni/atExit/TestAtExit.jtr
runtime/jni/CallWithJNIWeak/CallWithJNIWeak.java,Passed. Execution successful,129,/workspace/work/jtreg/tier12-legacy12/work/runtime/jni/CallWithJNIWeak/CallWithJNIWeak.jtr
runtime/jni/checked/TestCheckedJniExceptionCheck.java,Passed. Execution successful,276,/workspace/work/jtreg/tier12-legacy12/work/runtime/jni/checked/TestCheckedJniExceptionCheck.jtr
runtime/jni/checked/TestPrimitiveArrayCriticalWithBadParam.java,Passed. Execution successful,252,/workspace/work/jtreg/tier12-legacy12/work/runtime/jni/checked/TestPrimitiveArrayCriticalWithBadParam.jtr
runtime/jni/critical/SuspendInCritical.java,Passed. Execution successful,2171,/workspace/work/jtreg/tier12-legacy12/work/runtime/jni/critical/SuspendInCritical.jtr
runtime/jni/FastGetField/FastGetField.java,Passed. Execution successful,1459,/workspace/work/jtreg/tier12-legacy12/work/runtime/jni/FastGetField/FastGetField.jtr
runtime/jni/FindClass/FindClassFromBoot.java,Passed. Execution successful,464,/workspace/work/jtreg/tier12-legacy12/work/runtime/jni/FindClass/FindClassFromBoot.jtr
runtime/jni/FindClassUtf8/FindClassUtf8.java,Passed. Execution successful,278,/workspace/work/jtreg/tier12-legacy12/work/runtime/jni/FindClassUtf8/FindClassUtf8.jtr
runtime/jni/getCreatedJavaVMs/TestGetCreatedJavaVMs.java,Passed. Execution successful,123,/workspace/work/jtreg/tier12-legacy12/work/runtime/jni/getCreatedJavaVMs/TestGetCreatedJavaVMs.jtr
runtime/jni/IsVirtualThread/IsVirtualThread.java#default,Passed. Execution successful,129,/workspace/work/jtreg/tier12-legacy12/work/runtime/jni/IsVirtualThread/IsVirtualThread_default.jtr
runtime/jni/IsVirtualThread/IsVirtualThread.java#no-vmcontinuations,Passed. Execution successful,168,/workspace/work/jtreg/tier12-legacy12/work/runtime/jni/IsVirtualThread/IsVirtualThread_no-vmcontinuations.jtr
runtime/jni/mutateFinals/MutateFinalsTest.java,Passed. Execution successful,2454,/workspace/work/jtreg/tier12-legacy12/work/runtime/jni/mutateFinals/MutateFinalsTest.jtr
runtime/jni/nativeStack/TestNativeStack.java,Passed. Execution successful,202,/workspace/work/jtreg/tier12-legacy12/work/runtime/jni/nativeStack/TestNativeStack.jtr
runtime/jni/PrivateInterfaceMethods/PrivateInterfaceMethods.java,Passed. Execution successful,105,/workspace/work/jtreg/tier12-legacy12/work/runtime/jni/PrivateInterfaceMethods/PrivateInterfaceMethods.jtr
runtime/jni/registerNativesWarning/TestRegisterNativesWarning.java,Passed. Execution successful,343,/workspace/work/jtreg/tier12-legacy12/work/runtime/jni/registerNativesWarning/TestRegisterNativesWarning.jtr
runtime/jni/ReturnJNIWeak/ReturnJNIWeak.java,Passed. Execution successful,6666,/workspace/work/jtreg/tier12-legacy12/work/runtime/jni/ReturnJNIWeak/ReturnJNIWeak.jtr
runtime/jni/terminatedThread/TestTerminatedThread.java,Passed. Execution successful,494,/workspace/work/jtreg/tier12-legacy12/work/runtime/jni/terminatedThread/TestTerminatedThread.jtr
runtime/jni/ToStringInInterfaceTest/ToStringTest.java,Passed. Execution successful,203,/workspace/work/jtreg/tier12-legacy12/work/runtime/jni/ToStringInInterfaceTest/ToStringTest.jtr
runtime/jsig/Testjsig.java,Passed. Execution successful,257,/workspace/work/jtreg/tier12-legacy12/work/runtime/jsig/Testjsig.jtr
runtime/JVMDoPrivileged/DoPrivileged.java,Passed. Execution successful,253,/workspace/work/jtreg/tier12-legacy12/work/runtime/JVMDoPrivileged/DoPrivileged.jtr
runtime/JVMDoPrivileged/DoPrivRunAbstract.jasm,Passed. Execution successful,48,/workspace/work/jtreg/tier12-legacy12/work/runtime/JVMDoPrivileged/DoPrivRunAbstract.jtr
runtime/lambda-features/CyclicInterfaceInit.java,Passed. Execution successful,102,/workspace/work/jtreg/tier12-legacy12/work/runtime/lambda-features/CyclicInterfaceInit.jtr
runtime/lambda-features/InterfaceInitializationStates.java,Passed. Execution successful,107,/workspace/work/jtreg/tier12-legacy12/work/runtime/lambda-features/InterfaceInitializationStates.jtr
runtime/lambda-features/InvokespecialInterface.java,Passed. Execution successful,137,/workspace/work/jtreg/tier12-legacy12/work/runtime/lambda-features/InvokespecialInterface.jtr
runtime/lambda-features/PublicStaticInterfaceMethodHandling.java,Passed. Execution successful,232,/workspace/work/jtreg/tier12-legacy12/work/runtime/lambda-features/PublicStaticInterfaceMethodHandling.jtr
runtime/lambda-features/TestConcreteClassWithAbstractMethod.java,Passed. Execution successful,205,/workspace/work/jtreg/tier12-legacy12/work/runtime/lambda-features/TestConcreteClassWithAbstractMethod.jtr
runtime/lambda-features/TestInterfaceInit.java,Passed. Execution successful,102,/workspace/work/jtreg/tier12-legacy12/work/runtime/lambda-features/TestInterfaceInit.jtr
runtime/lambda-features/TestInterfaceOrder.java,Passed. Execution successful,100,/workspace/work/jtreg/tier12-legacy12/work/runtime/lambda-features/TestInterfaceOrder.jtr
runtime/lambda-features/TestStaticandInstance.java,Passed. Execution successful,277,/workspace/work/jtreg/tier12-legacy12/work/runtime/lambda-features/TestStaticandInstance.jtr
runtime/linkResolver/InterfaceObjectTest.java,Passed. Execution successful,66,/workspace/work/jtreg/tier12-legacy12/work/runtime/linkResolver/InterfaceObjectTest.jtr
runtime/linkResolver/NoSuchFieldOutputTest.java,Passed. Execution successful,199,/workspace/work/jtreg/tier12-legacy12/work/runtime/linkResolver/NoSuchFieldOutputTest.jtr
runtime/linkResolver/TestDeletedMethod.java,Passed. Execution successful,146,/workspace/work/jtreg/tier12-legacy12/work/runtime/linkResolver/TestDeletedMethod.jtr
runtime/LoadClass/ShowClassLoader.java,Passed. Execution successful,99,/workspace/work/jtreg/tier12-legacy12/work/runtime/LoadClass/ShowClassLoader.jtr
runtime/LoaderConstraints/differentLE/Test.java,Passed. Execution successful,490,/workspace/work/jtreg/tier12-legacy12/work/runtime/LoaderConstraints/differentLE/Test.jtr
runtime/LoaderConstraints/duplicateLE/Test.java,Passed. Execution successful,279,/workspace/work/jtreg/tier12-legacy12/work/runtime/LoaderConstraints/duplicateLE/Test.jtr
runtime/LoaderConstraints/duplicateParentLE/Test.java,Passed. Execution successful,333,/workspace/work/jtreg/tier12-legacy12/work/runtime/LoaderConstraints/duplicateParentLE/Test.jtr
runtime/LoaderConstraints/itableICCE/Test.java,Passed. Execution successful,238,/workspace/work/jtreg/tier12-legacy12/work/runtime/LoaderConstraints/itableICCE/Test.jtr
runtime/LoaderConstraints/itableLdrConstraint/Test.java,Passed. Execution successful,247,/workspace/work/jtreg/tier12-legacy12/work/runtime/LoaderConstraints/itableLdrConstraint/Test.jtr
runtime/LoaderConstraints/ldrCnstrFldMsg/LdrCnstrFldMsgTest.java,Passed. Execution successful,293,/workspace/work/jtreg/tier12-legacy12/work/runtime/LoaderConstraints/ldrCnstrFldMsg/LdrCnstrFldMsgTest.jtr
runtime/LoaderConstraints/vtableAME/Test.java,Passed. Execution successful,249,/workspace/work/jtreg/tier12-legacy12/work/runtime/LoaderConstraints/vtableAME/Test.jtr
runtime/LoaderConstraints/vtableLdrConstraint/Test.java,Passed. Execution successful,244,/workspace/work/jtreg/tier12-legacy12/work/runtime/LoaderConstraints/vtableLdrConstraint/Test.jtr
runtime/LoadLibrary/TestSunBootLibraryPath.java,Passed. Execution successful,253,/workspace/work/jtreg/tier12-legacy12/work/runtime/LoadLibrary/TestSunBootLibraryPath.jtr
runtime/LocalLong/LocalLongTest.java,Passed. Execution successful,282,/workspace/work/jtreg/tier12-legacy12/work/runtime/LocalLong/LocalLongTest.jtr
runtime/Locals/TestLargeLocalVarsStackRegion.java,Passed. Execution successful,286,/workspace/work/jtreg/tier12-legacy12/work/runtime/Locals/TestLargeLocalVarsStackRegion.jtr
runtime/LocalVariableTable/TestLVT.java,Passed. Execution successful,334,/workspace/work/jtreg/tier12-legacy12/work/runtime/LocalVariableTable/TestLVT.jtr
runtime/locking/TestOutOfOrderUnlocking.jasm#comp,Passed. Execution successful,6328,/workspace/work/jtreg/tier12-legacy12/work/runtime/locking/TestOutOfOrderUnlocking_comp.jtr
runtime/locking/TestOutOfOrderUnlocking.jasm#int,Passed. Execution successful,100,/workspace/work/jtreg/tier12-legacy12/work/runtime/locking/TestOutOfOrderUnlocking_int.jtr
runtime/locking/TestRecursiveMonitorChurn.java,Passed. Skipped: jtreg.SkippedException: Intermittent inflation detected. Invalid test.,505,/workspace/work/jtreg/tier12-legacy12/work/runtime/locking/TestRecursiveMonitorChurn.jtr
runtime/lockStack/TestStackWalk.java,Passed. Execution successful,20330,/workspace/work/jtreg/tier12-legacy12/work/runtime/lockStack/TestStackWalk.jtr
runtime/MemberName/MemberNameLeak.java,Passed. Execution successful,5856,/workspace/work/jtreg/tier12-legacy12/work/runtime/MemberName/MemberNameLeak.jtr
runtime/Metaspace/elastic/TestMetaspaceAllocation.java#ndebug,Passed. Execution successful,298,/workspace/work/jtreg/tier12-legacy12/work/runtime/Metaspace/elastic/TestMetaspaceAllocation_ndebug.jtr
runtime/Metaspace/elastic/TestMetaspaceAllocationMT1.java#ndebug-default,Passed. Execution successful,9449,/workspace/work/jtreg/tier12-legacy12/work/runtime/Metaspace/elastic/TestMetaspaceAllocationMT1_ndebug-default.jtr
runtime/Metaspace/elastic/TestMetaspaceAllocationMT2.java#ndebug-default,Passed. Execution successful,9571,/workspace/work/jtreg/tier12-legacy12/work/runtime/Metaspace/elastic/TestMetaspaceAllocationMT2_ndebug-default.jtr
runtime/modules/AccessCheck/AccessExportTwice.java,Passed. Execution successful,372,/workspace/work/jtreg/tier12-legacy12/work/runtime/modules/AccessCheck/AccessExportTwice.jtr
runtime/modules/AccessCheck/AccessReadTwice.java,Passed. Execution successful,372,/workspace/work/jtreg/tier12-legacy12/work/runtime/modules/AccessCheck/AccessReadTwice.jtr
runtime/modules/AccessCheck/CheckRead.java,Passed. Execution successful,400,/workspace/work/jtreg/tier12-legacy12/work/runtime/modules/AccessCheck/CheckRead.jtr
runtime/modules/AccessCheck/DiffCL_CheckRead.java,Passed. Execution successful,403,/workspace/work/jtreg/tier12-legacy12/work/runtime/modules/AccessCheck/DiffCL_CheckRead.jtr
runtime/modules/AccessCheck/DiffCL_ExpQualOther.java,Passed. Execution successful,385,/workspace/work/jtreg/tier12-legacy12/work/runtime/modules/AccessCheck/DiffCL_ExpQualOther.jtr
runtime/modules/AccessCheck/DiffCL_ExpQualToM1.java,Passed. Execution successful,388,/workspace/work/jtreg/tier12-legacy12/work/runtime/modules/AccessCheck/DiffCL_ExpQualToM1.jtr
runtime/modules/AccessCheck/DiffCL_ExpUnqual.java,Passed. Execution successful,389,/workspace/work/jtreg/tier12-legacy12/work/runtime/modules/AccessCheck/DiffCL_ExpUnqual.jtr
runtime/modules/AccessCheck/DiffCL_PkgNotExp.java,Passed. Execution successful,400,/workspace/work/jtreg/tier12-legacy12/work/runtime/modules/AccessCheck/DiffCL_PkgNotExp.jtr
runtime/modules/AccessCheck/DiffCL_Umod.java,Passed. Execution successful,496,/workspace/work/jtreg/tier12-legacy12/work/runtime/modules/AccessCheck/DiffCL_Umod.jtr
runtime/modules/AccessCheck/DiffCL_UmodUpkg.java,Passed. Execution successful,352,/workspace/work/jtreg/tier12-legacy12/work/runtime/modules/AccessCheck/DiffCL_UmodUpkg.jtr
runtime/modules/AccessCheck/ExportAllUnnamed.java,Passed. Execution successful,409,/workspace/work/jtreg/tier12-legacy12/work/runtime/modules/AccessCheck/ExportAllUnnamed.jtr
runtime/modules/AccessCheck/ExpQualOther.java,Passed. Execution successful,382,/workspace/work/jtreg/tier12-legacy12/work/runtime/modules/AccessCheck/ExpQualOther.jtr
runtime/modules/AccessCheck/ExpQualToM1.java,Passed. Execution successful,388,/workspace/work/jtreg/tier12-legacy12/work/runtime/modules/AccessCheck/ExpQualToM1.jtr
runtime/modules/AccessCheck/ExpQualToM1PrivateMethodIAE.java,Passed. Execution successful,296,/workspace/work/jtreg/tier12-legacy12/work/runtime/modules/AccessCheck/ExpQualToM1PrivateMethodIAE.jtr
runtime/modules/AccessCheck/ExpUnqual.java,Passed. Execution successful,394,/workspace/work/jtreg/tier12-legacy12/work/runtime/modules/AccessCheck/ExpUnqual.jtr
runtime/modules/AccessCheck/MethodAccessReadTwice.java,Passed. Execution successful,219,/workspace/work/jtreg/tier12-legacy12/work/runtime/modules/AccessCheck/MethodAccessReadTwice.jtr
runtime/modules/AccessCheck/PkgNotExp.java,Passed. Execution successful,383,/workspace/work/jtreg/tier12-legacy12/work/runtime/modules/AccessCheck/PkgNotExp.jtr
runtime/modules/AccessCheck/Umod_ExpQualOther.java,Passed. Execution successful,394,/workspace/work/jtreg/tier12-legacy12/work/runtime/modules/AccessCheck/Umod_ExpQualOther.jtr
runtime/modules/AccessCheck/Umod_ExpUnqual.java,Passed. Execution successful,388,/workspace/work/jtreg/tier12-legacy12/work/runtime/modules/AccessCheck/Umod_ExpUnqual.jtr
runtime/modules/AccessCheck/Umod_PkgNotExp.java,Passed. Execution successful,396,/workspace/work/jtreg/tier12-legacy12/work/runtime/modules/AccessCheck/Umod_PkgNotExp.jtr
runtime/modules/AccessCheck/Umod_UmodUpkg.java,Passed. Execution successful,297,/workspace/work/jtreg/tier12-legacy12/work/runtime/modules/AccessCheck/Umod_UmodUpkg.jtr
runtime/modules/AccessCheck/Umod.java,Passed. Execution successful,494,/workspace/work/jtreg/tier12-legacy12/work/runtime/modules/AccessCheck/Umod.jtr
runtime/modules/AccessCheck/UmodDiffCL_ExpQualOther.java,Passed. Execution successful,416,/workspace/work/jtreg/tier12-legacy12/work/runtime/modules/AccessCheck/UmodDiffCL_ExpQualOther.jtr
runtime/modules/AccessCheck/UmodDiffCL_ExpUnqual.java,Passed. Execution successful,395,/workspace/work/jtreg/tier12-legacy12/work/runtime/modules/AccessCheck/UmodDiffCL_ExpUnqual.jtr
runtime/modules/AccessCheck/UmodDiffCL_PkgNotExp.java,Passed. Execution successful,341,/workspace/work/jtreg/tier12-legacy12/work/runtime/modules/AccessCheck/UmodDiffCL_PkgNotExp.jtr
runtime/modules/AccessCheck/UmodDiffCL_Umod.java,Passed. Execution successful,369,/workspace/work/jtreg/tier12-legacy12/work/runtime/modules/AccessCheck/UmodDiffCL_Umod.jtr
runtime/modules/AccessCheck/UmodDiffCL_UmodUpkg.java,Passed. Execution successful,305,/workspace/work/jtreg/tier12-legacy12/work/runtime/modules/AccessCheck/UmodDiffCL_UmodUpkg.jtr
runtime/modules/AccessCheck/UmodUpkg_ExpQualOther.java,Passed. Execution successful,392,/workspace/work/jtreg/tier12-legacy12/work/runtime/modules/AccessCheck/UmodUpkg_ExpQualOther.jtr
runtime/modules/AccessCheck/UmodUpkg_NotExp.java,Passed. Execution successful,382,/workspace/work/jtreg/tier12-legacy12/work/runtime/modules/AccessCheck/UmodUpkg_NotExp.jtr
runtime/modules/AccessCheck/UmodUpkg_Umod.java,Passed. Execution successful,351,/workspace/work/jtreg/tier12-legacy12/work/runtime/modules/AccessCheck/UmodUpkg_Umod.jtr
runtime/modules/AccessCheck/UmodUPkg.java,Passed. Execution successful,338,/workspace/work/jtreg/tier12-legacy12/work/runtime/modules/AccessCheck/UmodUPkg.jtr
runtime/modules/AccessCheck/UmodUpkgDiffCL_ExpQualOther.java,Passed. Execution successful,394,/workspace/work/jtreg/tier12-legacy12/work/runtime/modules/AccessCheck/UmodUpkgDiffCL_ExpQualOther.jtr
runtime/modules/AccessCheck/UmodUpkgDiffCL_NotExp.java,Passed. Execution successful,384,/workspace/work/jtreg/tier12-legacy12/work/runtime/modules/AccessCheck/UmodUpkgDiffCL_NotExp.jtr
runtime/modules/AccessCheck/UmodUpkgDiffCL_Umod.java,Passed. Execution successful,349,/workspace/work/jtreg/tier12-legacy12/work/runtime/modules/AccessCheck/UmodUpkgDiffCL_Umod.jtr
runtime/modules/getModuleJNI/GetModule.java,Passed. Execution successful,142,/workspace/work/jtreg/tier12-legacy12/work/runtime/modules/getModuleJNI/GetModule.jtr
runtime/modules/PatchModule/PatchModuleClassList.java,Passed. Execution successful,1082,/workspace/work/jtreg/tier12-legacy12/work/runtime/modules/PatchModule/PatchModuleClassList.jtr
runtime/Nestmates/classFileParsing/TestFinalMethodOverride.java,Passed. Execution successful,51,/workspace/work/jtreg/tier12-legacy12/work/runtime/Nestmates/classFileParsing/TestFinalMethodOverride.jtr
runtime/Nestmates/classFileParsing/TestNestmateAttributes.java,Passed. Execution successful,101,/workspace/work/jtreg/tier12-legacy12/work/runtime/Nestmates/classFileParsing/TestNestmateAttributes.jtr
runtime/Nestmates/legacy/TestPrivateLookup.java,Passed. Execution successful,198,/workspace/work/jtreg/tier12-legacy12/work/runtime/Nestmates/legacy/TestPrivateLookup.jtr
runtime/Nestmates/membership/TestDynamicNestmateMembership.java,Passed. Execution successful,187,/workspace/work/jtreg/tier12-legacy12/work/runtime/Nestmates/membership/TestDynamicNestmateMembership.jtr
runtime/Nestmates/membership/TestNestHostErrorWithClassUnload.java,Passed. Execution successful,550,/workspace/work/jtreg/tier12-legacy12/work/runtime/Nestmates/membership/TestNestHostErrorWithClassUnload.jtr
runtime/Nestmates/membership/TestNestHostErrorWithMultiThread.java,Passed. Execution successful,380,/workspace/work/jtreg/tier12-legacy12/work/runtime/Nestmates/membership/TestNestHostErrorWithMultiThread.jtr
runtime/Nestmates/membership/TestNestmateMembership.java,Passed. Execution successful,6914,/workspace/work/jtreg/tier12-legacy12/work/runtime/Nestmates/membership/TestNestmateMembership.jtr
runtime/Nestmates/methodSelection/TestInterfaceMethodSelection.java,Passed. Execution successful,72,/workspace/work/jtreg/tier12-legacy12/work/runtime/Nestmates/methodSelection/TestInterfaceMethodSelection.jtr
runtime/Nestmates/methodSelection/TestMethodSelection.java,Passed. Execution successful,162,/workspace/work/jtreg/tier12-legacy12/work/runtime/Nestmates/methodSelection/TestMethodSelection.jtr
runtime/Nestmates/privateConstructors/TestConstructorHierarchy.java,Passed. Execution successful,105,/workspace/work/jtreg/tier12-legacy12/work/runtime/Nestmates/privateConstructors/TestConstructorHierarchy.jtr
runtime/Nestmates/privateConstructors/TestInvokeSpecial.java,Passed. Execution successful,6171,/workspace/work/jtreg/tier12-legacy12/work/runtime/Nestmates/privateConstructors/TestInvokeSpecial.jtr
runtime/Nestmates/privateConstructors/TestJNI.java,Passed. Execution successful,322,/workspace/work/jtreg/tier12-legacy12/work/runtime/Nestmates/privateConstructors/TestJNI.jtr
runtime/Nestmates/privateConstructors/TestMethodHandles.java,Passed. Execution successful,101,/workspace/work/jtreg/tier12-legacy12/work/runtime/Nestmates/privateConstructors/TestMethodHandles.jtr
runtime/Nestmates/privateConstructors/TestReflection.java,Passed. Execution successful,99,/workspace/work/jtreg/tier12-legacy12/work/runtime/Nestmates/privateConstructors/TestReflection.jtr
runtime/Nestmates/privateFields/TestJNI.java,Passed. Execution successful,290,/workspace/work/jtreg/tier12-legacy12/work/runtime/Nestmates/privateFields/TestJNI.jtr
runtime/Nestmates/privateFields/TestMethodHandles.java,Passed. Execution successful,119,/workspace/work/jtreg/tier12-legacy12/work/runtime/Nestmates/privateFields/TestMethodHandles.jtr
runtime/Nestmates/privateFields/TestPrivateField.java,Passed. Execution successful,101,/workspace/work/jtreg/tier12-legacy12/work/runtime/Nestmates/privateFields/TestPrivateField.jtr
runtime/Nestmates/privateFields/TestReflection.java,Passed. Execution successful,100,/workspace/work/jtreg/tier12-legacy12/work/runtime/Nestmates/privateFields/TestReflection.jtr
runtime/Nestmates/privateMethods/TestInvoke.java,Passed. Execution successful,104,/workspace/work/jtreg/tier12-legacy12/work/runtime/Nestmates/privateMethods/TestInvoke.jtr
runtime/Nestmates/privateMethods/TestInvokeErrors.java,Passed. Execution successful,191,/workspace/work/jtreg/tier12-legacy12/work/runtime/Nestmates/privateMethods/TestInvokeErrors.jtr
runtime/Nestmates/privateMethods/TestInvokeHierarchy.java,Passed. Execution successful,111,/workspace/work/jtreg/tier12-legacy12/work/runtime/Nestmates/privateMethods/TestInvokeHierarchy.jtr
runtime/Nestmates/privateMethods/TestJNI.java,Passed. Execution successful,296,/workspace/work/jtreg/tier12-legacy12/work/runtime/Nestmates/privateMethods/TestJNI.jtr
runtime/Nestmates/privateMethods/TestJNIHierarchy.java,Passed. Execution successful,288,/workspace/work/jtreg/tier12-legacy12/work/runtime/Nestmates/privateMethods/TestJNIHierarchy.jtr
runtime/Nestmates/privateMethods/TestMethodHandles.java,Passed. Execution successful,114,/workspace/work/jtreg/tier12-legacy12/work/runtime/Nestmates/privateMethods/TestMethodHandles.jtr
runtime/Nestmates/privateMethods/TestMethodHandlesHierarchy.java,Passed. Execution successful,100,/workspace/work/jtreg/tier12-legacy12/work/runtime/Nestmates/privateMethods/TestMethodHandlesHierarchy.jtr
runtime/Nestmates/privateMethods/TestReflection.java,Passed. Execution successful,103,/workspace/work/jtreg/tier12-legacy12/work/runtime/Nestmates/privateMethods/TestReflection.jtr
runtime/Nestmates/privateMethods/TestReflectionHierarchy.java,Passed. Execution successful,100,/workspace/work/jtreg/tier12-legacy12/work/runtime/Nestmates/privateMethods/TestReflectionHierarchy.jtr
runtime/Nestmates/privateStaticFields/TestJNI.java,Passed. Execution successful,289,/workspace/work/jtreg/tier12-legacy12/work/runtime/Nestmates/privateStaticFields/TestJNI.jtr
runtime/Nestmates/privateStaticFields/TestMethodHandles.java,Passed. Execution successful,107,/workspace/work/jtreg/tier12-legacy12/work/runtime/Nestmates/privateStaticFields/TestMethodHandles.jtr
runtime/Nestmates/privateStaticFields/TestPrivateStaticField.java,Passed. Execution successful,100,/workspace/work/jtreg/tier12-legacy12/work/runtime/Nestmates/privateStaticFields/TestPrivateStaticField.jtr
runtime/Nestmates/privateStaticFields/TestReflection.java,Passed. Execution successful,99,/workspace/work/jtreg/tier12-legacy12/work/runtime/Nestmates/privateStaticFields/TestReflection.jtr
runtime/Nestmates/privateStaticMethods/TestInvokeStatic.java,Passed. Execution successful,99,/workspace/work/jtreg/tier12-legacy12/work/runtime/Nestmates/privateStaticMethods/TestInvokeStatic.jtr
runtime/Nestmates/privateStaticMethods/TestJNI.java,Passed. Execution successful,296,/workspace/work/jtreg/tier12-legacy12/work/runtime/Nestmates/privateStaticMethods/TestJNI.jtr
runtime/Nestmates/privateStaticMethods/TestMethodHandles.java,Passed. Execution successful,103,/workspace/work/jtreg/tier12-legacy12/work/runtime/Nestmates/privateStaticMethods/TestMethodHandles.jtr
runtime/Nestmates/privateStaticMethods/TestReflection.java,Passed. Execution successful,100,/workspace/work/jtreg/tier12-legacy12/work/runtime/Nestmates/privateStaticMethods/TestReflection.jtr
runtime/NMT/BaselineWithParameter.java,Passed. Execution successful,532,/workspace/work/jtreg/tier12-legacy12/work/runtime/NMT/BaselineWithParameter.jtr
runtime/NMT/CommandLineDetail.java,Passed. Execution successful,386,/workspace/work/jtreg/tier12-legacy12/work/runtime/NMT/CommandLineDetail.jtr
runtime/NMT/CommandLineSummary.java,Passed. Execution successful,113,/workspace/work/jtreg/tier12-legacy12/work/runtime/NMT/CommandLineSummary.jtr
runtime/NMT/CommitOverlappingRegions.java,Passed. Execution successful,2511,/workspace/work/jtreg/tier12-legacy12/work/runtime/NMT/CommitOverlappingRegions.jtr
runtime/NMT/HugeArenaTracking.java,Passed. Execution successful,1193,/workspace/work/jtreg/tier12-legacy12/work/runtime/NMT/HugeArenaTracking.jtr
runtime/NMT/JcmdBaselineDetail.java,Passed. Execution successful,373,/workspace/work/jtreg/tier12-legacy12/work/runtime/NMT/JcmdBaselineDetail.jtr
runtime/NMT/JcmdDetailDiff.java,Passed. Execution successful,1060,/workspace/work/jtreg/tier12-legacy12/work/runtime/NMT/JcmdDetailDiff.jtr
runtime/NMT/JcmdScale.java,Passed. Execution successful,1324,/workspace/work/jtreg/tier12-legacy12/work/runtime/NMT/JcmdScale.jtr
runtime/NMT/JcmdScaleDetail.java,Passed. Execution successful,884,/workspace/work/jtreg/tier12-legacy12/work/runtime/NMT/JcmdScaleDetail.jtr
runtime/NMT/JcmdSummaryClass.java,Passed. Execution successful,365,/workspace/work/jtreg/tier12-legacy12/work/runtime/NMT/JcmdSummaryClass.jtr
runtime/NMT/JcmdSummaryDiff.java,Passed. Execution successful,931,/workspace/work/jtreg/tier12-legacy12/work/runtime/NMT/JcmdSummaryDiff.jtr
runtime/NMT/JcmdSummaryStatistics.java,Passed. Execution successful,364,/workspace/work/jtreg/tier12-legacy12/work/runtime/NMT/JcmdSummaryStatistics.jtr
runtime/NMT/MallocRoundingReportTest.java,Passed. Execution successful,2046,/workspace/work/jtreg/tier12-legacy12/work/runtime/NMT/MallocRoundingReportTest.jtr
runtime/NMT/MallocSiteTypeChange.java,Passed. Execution successful,826,/workspace/work/jtreg/tier12-legacy12/work/runtime/NMT/MallocSiteTypeChange.jtr
runtime/NMT/MallocStressTest.java,Passed. Execution successful,836,/workspace/work/jtreg/tier12-legacy12/work/runtime/NMT/MallocStressTest.jtr
runtime/NMT/MallocTestType.java,Passed. Execution successful,840,/workspace/work/jtreg/tier12-legacy12/work/runtime/NMT/MallocTestType.jtr
runtime/NMT/MallocTrackingVerify.java,Passed. Execution successful,704,/workspace/work/jtreg/tier12-legacy12/work/runtime/NMT/MallocTrackingVerify.jtr
runtime/NMT/NMTForOtherLaunchersTest.java#jar,Passed. Execution successful,194,/workspace/work/jtreg/tier12-legacy12/work/runtime/NMT/NMTForOtherLaunchersTest_jar.jtr
runtime/NMT/NMTForOtherLaunchersTest.java#javac,Passed. Execution successful,390,/workspace/work/jtreg/tier12-legacy12/work/runtime/NMT/NMTForOtherLaunchersTest_javac.jtr
runtime/NMT/NMTInitializationTest.java#default_long-detail,Passed. Execution successful,343,/workspace/work/jtreg/tier12-legacy12/work/runtime/NMT/NMTInitializationTest_default_long-detail.jtr
runtime/NMT/NMTInitializationTest.java#default_long-off,Passed. Execution successful,200,/workspace/work/jtreg/tier12-legacy12/work/runtime/NMT/NMTInitializationTest_default_long-off.jtr
runtime/NMT/NMTInitializationTest.java#normal-detail,Passed. Execution successful,279,/workspace/work/jtreg/tier12-legacy12/work/runtime/NMT/NMTInitializationTest_normal-detail.jtr
runtime/NMT/NMTInitializationTest.java#normal-off,Passed. Execution successful,167,/workspace/work/jtreg/tier12-legacy12/work/runtime/NMT/NMTInitializationTest_normal-off.jtr
runtime/NMT/NMTJavaHeapTest.java,Passed. Execution successful,154,/workspace/work/jtreg/tier12-legacy12/work/runtime/NMT/NMTJavaHeapTest.jtr
runtime/NMT/NMTPrintMallocSiteOfCorruptedMemory.java,Passed. Execution successful,582,/workspace/work/jtreg/tier12-legacy12/work/runtime/NMT/NMTPrintMallocSiteOfCorruptedMemory.jtr
runtime/NMT/NMTWithCDS.java,Passed. Execution successful,906,/workspace/work/jtreg/tier12-legacy12/work/runtime/NMT/NMTWithCDS.jtr
runtime/NMT/PeakMallocTest.java,Passed. Execution successful,677,/workspace/work/jtreg/tier12-legacy12/work/runtime/NMT/PeakMallocTest.jtr
runtime/NMT/PrintMemoryMapAtExitTest.java,Passed. Execution successful,155,/workspace/work/jtreg/tier12-legacy12/work/runtime/NMT/PrintMemoryMapAtExitTest.jtr
runtime/NMT/PrintNMTStatistics.java,Passed. Execution successful,296,/workspace/work/jtreg/tier12-legacy12/work/runtime/NMT/PrintNMTStatistics.jtr
runtime/NMT/ReleaseCommittedMemory.java,Passed. Execution successful,283,/workspace/work/jtreg/tier12-legacy12/work/runtime/NMT/ReleaseCommittedMemory.jtr
runtime/NMT/ReleaseNoCommit.java,Passed. Execution successful,689,/workspace/work/jtreg/tier12-legacy12/work/runtime/NMT/ReleaseNoCommit.jtr
runtime/NMT/SafepointPollingPages.java,Passed. Execution successful,391,/workspace/work/jtreg/tier12-legacy12/work/runtime/NMT/SafepointPollingPages.jtr
runtime/NMT/SummaryDiffThreadCount.java,Passed. Execution successful,916,/workspace/work/jtreg/tier12-legacy12/work/runtime/NMT/SummaryDiffThreadCount.jtr
runtime/NMT/SummarySanityCheck.java,Passed. Execution successful,541,/workspace/work/jtreg/tier12-legacy12/work/runtime/NMT/SummarySanityCheck.jtr
runtime/NMT/ThreadedMallocTestType.java,Passed. Execution successful,669,/workspace/work/jtreg/tier12-legacy12/work/runtime/NMT/ThreadedMallocTestType.jtr
runtime/NMT/ThreadedVirtualAllocTestType.java,Passed. Execution successful,1212,/workspace/work/jtreg/tier12-legacy12/work/runtime/NMT/ThreadedVirtualAllocTestType.jtr
runtime/NMT/TotalMallocMmapDiffTest.java,Passed. Execution successful,639,/workspace/work/jtreg/tier12-legacy12/work/runtime/NMT/TotalMallocMmapDiffTest.jtr
runtime/NMT/UnsafeAllocMemory.java,Passed. Execution successful,393,/workspace/work/jtreg/tier12-legacy12/work/runtime/NMT/UnsafeAllocMemory.jtr
runtime/NMT/VirtualAllocAttemptReserveMemoryAt.java,Passed. Execution successful,856,/workspace/work/jtreg/tier12-legacy12/work/runtime/NMT/VirtualAllocAttemptReserveMemoryAt.jtr
runtime/NMT/VirtualAllocCommitMerge.java,Passed. Execution successful,5088,/workspace/work/jtreg/tier12-legacy12/work/runtime/NMT/VirtualAllocCommitMerge.jtr
runtime/NMT/VirtualAllocCommitUncommitRecommit.java,Passed. Execution successful,1960,/workspace/work/jtreg/tier12-legacy12/work/runtime/NMT/VirtualAllocCommitUncommitRecommit.jtr
runtime/NMT/VirtualAllocTestType.java,Passed. Execution successful,1964,/workspace/work/jtreg/tier12-legacy12/work/runtime/NMT/VirtualAllocTestType.jtr
runtime/os/TestTracePageSizes.java#compiler-options,Passed. Execution successful,546,/workspace/work/jtreg/tier12-legacy12/work/runtime/os/TestTracePageSizes_compiler-options.jtr
runtime/os/TestTracePageSizes.java#explicit-large-page-size,Passed. Execution successful,402,/workspace/work/jtreg/tier12-legacy12/work/runtime/os/TestTracePageSizes_explicit-large-page-size.jtr
runtime/os/TestTracePageSizes.java#G1,Passed. Execution successful,550,/workspace/work/jtreg/tier12-legacy12/work/runtime/os/TestTracePageSizes_G1.jtr
runtime/os/TestTracePageSizes.java#no-options,Passed. Execution successful,267,/workspace/work/jtreg/tier12-legacy12/work/runtime/os/TestTracePageSizes_no-options.jtr
runtime/os/TestTracePageSizes.java#Parallel,Passed. Execution successful,510,/workspace/work/jtreg/tier12-legacy12/work/runtime/os/TestTracePageSizes_Parallel.jtr
runtime/os/TestTracePageSizes.java#Serial,Passed. Execution successful,550,/workspace/work/jtreg/tier12-legacy12/work/runtime/os/TestTracePageSizes_Serial.jtr
runtime/ParallelLoad/CallLoadClass/CallLoadClassTest.java,Passed. Execution successful,213,/workspace/work/jtreg/tier12-legacy12/work/runtime/ParallelLoad/CallLoadClass/CallLoadClassTest.jtr
runtime/ParallelLoad/ParallelCircularity/ParallelCircularityTest.java,Passed. Execution successful,6233,/workspace/work/jtreg/tier12-legacy12/work/runtime/ParallelLoad/ParallelCircularity/ParallelCircularityTest.jtr
runtime/ParallelLoad/ParallelSuper/ParallelSuperTest.java,Passed. Execution successful,448,/workspace/work/jtreg/tier12-legacy12/work/runtime/ParallelLoad/ParallelSuper/ParallelSuperTest.jtr
runtime/ParallelLoad/SaveResolutionError/SaveResolutionErrorTest.java,Passed. Execution successful,754,/workspace/work/jtreg/tier12-legacy12/work/runtime/ParallelLoad/SaveResolutionError/SaveResolutionErrorTest.jtr
runtime/ParallelLoad/SuperWait/SuperWaitTest.java,Passed. Execution successful,222,/workspace/work/jtreg/tier12-legacy12/work/runtime/ParallelLoad/SuperWait/SuperWaitTest.jtr
runtime/posixSig/TestPosixSig.java,Passed. Execution successful,793,/workspace/work/jtreg/tier12-legacy12/work/runtime/posixSig/TestPosixSig.jtr
runtime/PrintingTests/StringPrinting.java,Passed. Execution successful,282,/workspace/work/jtreg/tier12-legacy12/work/runtime/PrintingTests/StringPrinting.jtr
runtime/records/recordAttributeTest.java,Passed. Execution successful,299,/workspace/work/jtreg/tier12-legacy12/work/runtime/records/recordAttributeTest.jtr
runtime/records/recordReflectionTest.java,Passed. Execution successful,67,/workspace/work/jtreg/tier12-legacy12/work/runtime/records/recordReflectionTest.jtr
runtime/reflect/ArrayGetIntException.java,Passed. Execution successful,97,/workspace/work/jtreg/tier12-legacy12/work/runtime/reflect/ArrayGetIntException.jtr
runtime/reflect/ComponentTypeFieldTest.java,Passed. Execution successful,121,/workspace/work/jtreg/tier12-legacy12/work/runtime/reflect/ComponentTypeFieldTest.jtr
runtime/reflect/ReflectOutOfMemoryError.java,Passed. Execution successful,586,/workspace/work/jtreg/tier12-legacy12/work/runtime/reflect/ReflectOutOfMemoryError.jtr
runtime/reflect/ReflectStackOverflow.java,Passed. Execution successful,175,/workspace/work/jtreg/tier12-legacy12/work/runtime/reflect/ReflectStackOverflow.jtr
runtime/ReservedStack/ReservedStackTest.java,Passed. Execution successful,605,/workspace/work/jtreg/tier12-legacy12/work/runtime/ReservedStack/ReservedStackTest.jtr
runtime/ReservedStack/ReservedStackTestCompiler.java,Passed. Execution successful,872,/workspace/work/jtreg/tier12-legacy12/work/runtime/ReservedStack/ReservedStackTestCompiler.jtr
runtime/SameObject/SameObject.java,Passed. Execution successful,2117,/workspace/work/jtreg/tier12-legacy12/work/runtime/SameObject/SameObject.jtr
runtime/sealedClasses/GetPermittedSubclassesTest.java,Passed. Execution successful,202,/workspace/work/jtreg/tier12-legacy12/work/runtime/sealedClasses/GetPermittedSubclassesTest.jtr
runtime/sealedClasses/OverrideSealedTest.java,Passed. Execution successful,103,/workspace/work/jtreg/tier12-legacy12/work/runtime/sealedClasses/OverrideSealedTest.jtr
runtime/sealedClasses/SealedDifferentUnnamedModuleTest.java,Passed. Execution successful,496,/workspace/work/jtreg/tier12-legacy12/work/runtime/sealedClasses/SealedDifferentUnnamedModuleTest.jtr
runtime/sealedClasses/SealedUnnamedModuleIntfTest.java,Passed. Execution successful,183,/workspace/work/jtreg/tier12-legacy12/work/runtime/sealedClasses/SealedUnnamedModuleIntfTest.jtr
runtime/sealedClasses/SealedUnnamedModuleTest.java,Passed. Execution successful,187,/workspace/work/jtreg/tier12-legacy12/work/runtime/sealedClasses/SealedUnnamedModuleTest.jtr
runtime/Shutdown/ShutdownTest.java,Passed. Execution successful,1435,/workspace/work/jtreg/tier12-legacy12/work/runtime/Shutdown/ShutdownTest.jtr
runtime/stack/Stack001.java,Passed. Execution successful,106,/workspace/work/jtreg/tier12-legacy12/work/runtime/stack/Stack001.jtr
runtime/stack/Stack002.java,Passed. Execution successful,10138,/workspace/work/jtreg/tier12-legacy12/work/runtime/stack/Stack002.jtr
runtime/stack/Stack003.java,Passed. Execution successful,468,/workspace/work/jtreg/tier12-legacy12/work/runtime/stack/Stack003.jtr
runtime/stack/Stack004.java,Passed. Execution successful,490,/workspace/work/jtreg/tier12-legacy12/work/runtime/stack/Stack004.jtr
runtime/stack/Stack005.java,Passed. Execution successful,470,/workspace/work/jtreg/tier12-legacy12/work/runtime/stack/Stack005.jtr
runtime/stack/Stack006.java,Passed. Execution successful,483,/workspace/work/jtreg/tier12-legacy12/work/runtime/stack/Stack006.jtr
runtime/stack/Stack007.java,Passed. Execution successful,2000,/workspace/work/jtreg/tier12-legacy12/work/runtime/stack/Stack007.jtr
runtime/stack/Stack008.java,Passed. Execution successful,2400,/workspace/work/jtreg/tier12-legacy12/work/runtime/stack/Stack008.jtr
runtime/stack/Stack009.java,Passed. Execution successful,180,/workspace/work/jtreg/tier12-legacy12/work/runtime/stack/Stack009.jtr
runtime/stack/Stack010.java,Passed. Execution successful,375,/workspace/work/jtreg/tier12-legacy12/work/runtime/stack/Stack010.jtr
runtime/stack/Stack011.java,Passed. Execution successful,477,/workspace/work/jtreg/tier12-legacy12/work/runtime/stack/Stack011.jtr
runtime/stack/Stack012.java,Passed. Execution successful,443,/workspace/work/jtreg/tier12-legacy12/work/runtime/stack/Stack012.jtr
runtime/stack/Stack013.java,Passed. Execution successful,432,/workspace/work/jtreg/tier12-legacy12/work/runtime/stack/Stack013.jtr
runtime/stack/Stack014.java,Passed. Execution successful,343,/workspace/work/jtreg/tier12-legacy12/work/runtime/stack/Stack014.jtr
runtime/stack/Stack015.java,Passed. Execution successful,1148,/workspace/work/jtreg/tier12-legacy12/work/runtime/stack/Stack015.jtr
runtime/stack/Stack016.java,Passed. Execution successful,13924,/workspace/work/jtreg/tier12-legacy12/work/runtime/stack/Stack016.jtr
runtime/stack/Stack017.java,Passed. Execution successful,14913,/workspace/work/jtreg/tier12-legacy12/work/runtime/stack/Stack017.jtr
runtime/stack/Stack018.java,Passed. Execution successful,938,/workspace/work/jtreg/tier12-legacy12/work/runtime/stack/Stack018.jtr
runtime/stack/Stack019.java,Passed. Execution successful,14614,/workspace/work/jtreg/tier12-legacy12/work/runtime/stack/Stack019.jtr
runtime/StackGap/TestStackGap.java,Passed. Execution successful,373,/workspace/work/jtreg/tier12-legacy12/work/runtime/StackGap/TestStackGap.jtr
runtime/StackGuardPages/TestStackGuardPages.java,Passed. Execution successful,298,/workspace/work/jtreg/tier12-legacy12/work/runtime/StackGuardPages/TestStackGuardPages.jtr
runtime/stackMapCheck/StackMapCheck.java,Passed. Execution successful,184,/workspace/work/jtreg/tier12-legacy12/work/runtime/stackMapCheck/StackMapCheck.jtr
runtime/StackTrace/HiddenFrameTest.java,Passed. Execution successful,284,/workspace/work/jtreg/tier12-legacy12/work/runtime/StackTrace/HiddenFrameTest.jtr
runtime/StackTrace/LargeClassTest.java,Passed. Execution successful,679,/workspace/work/jtreg/tier12-legacy12/work/runtime/StackTrace/LargeClassTest.jtr
runtime/StackTrace/StackTraceClassCache.java,Passed. Execution successful,301,/workspace/work/jtreg/tier12-legacy12/work/runtime/StackTrace/StackTraceClassCache.jtr
runtime/strictfp/StrictfpModifierChecksTest.java,Passed. Execution successful,57,/workspace/work/jtreg/tier12-legacy12/work/runtime/strictfp/StrictfpModifierChecksTest.jtr
runtime/StringIntrinsic/StringIndexOfChar.java,Passed. Execution successful,224,/workspace/work/jtreg/tier12-legacy12/work/runtime/StringIntrinsic/StringIndexOfChar.jtr
runtime/stringtable/StringTableCleaningTest.java,Passed. Execution successful,30811,/workspace/work/jtreg/tier12-legacy12/work/runtime/stringtable/StringTableCleaningTest.jtr
runtime/Throwable/TestThrowable.java,Passed. Execution successful,120,/workspace/work/jtreg/tier12-legacy12/work/runtime/Throwable/TestThrowable.jtr
runtime/Throwable/ThrowableIntrospectionSegfault.java,Passed. Execution successful,299,/workspace/work/jtreg/tier12-legacy12/work/runtime/Throwable/ThrowableIntrospectionSegfault.jtr
runtime/TLS/TestTLS.java,Passed. Execution successful,329,/workspace/work/jtreg/tier12-legacy12/work/runtime/TLS/TestTLS.jtr
runtime/TransitiveOverrideCFV50/TransitiveOverrideCFV50.java,Passed. Execution successful,117,/workspace/work/jtreg/tier12-legacy12/work/runtime/TransitiveOverrideCFV50/TransitiveOverrideCFV50.jtr
runtime/verifier/CFLH/TestVerify.java,Passed. Execution successful,870,/workspace/work/jtreg/tier12-legacy12/work/runtime/verifier/CFLH/TestVerify.jtr
runtime/verifier/defaultMethods/DefaultMethodRegressionTests.java,Passed. Execution successful,737,/workspace/work/jtreg/tier12-legacy12/work/runtime/verifier/defaultMethods/DefaultMethodRegressionTests.jtr
runtime/verifier/defaultMethods/DefaultMethodRegressionTestsRun.java,Passed. Execution successful,612,/workspace/work/jtreg/tier12-legacy12/work/runtime/verifier/defaultMethods/DefaultMethodRegressionTestsRun.jtr
runtime/verifier/invokespecial/TestInvokeSpecialInterface.java#unverified,Passed. Execution successful,149,/workspace/work/jtreg/tier12-legacy12/work/runtime/verifier/invokespecial/TestInvokeSpecialInterface_unverified.jtr
runtime/verifier/invokespecial/TestInvokeSpecialInterface.java#verified,Passed. Execution successful,124,/workspace/work/jtreg/tier12-legacy12/work/runtime/verifier/invokespecial/TestInvokeSpecialInterface_verified.jtr
runtime/verifier/popTopTests/PopDupTop.java,Passed. Execution successful,242,/workspace/work/jtreg/tier12-legacy12/work/runtime/verifier/popTopTests/PopDupTop.jtr
runtime/verifier/stackMapTableTests/StackMapTableTest.java,Passed. Execution successful,216,/workspace/work/jtreg/tier12-legacy12/work/runtime/verifier/stackMapTableTests/StackMapTableTest.jtr
runtime/verifier/InvokeClone.java,Passed. Execution successful,278,/workspace/work/jtreg/tier12-legacy12/work/runtime/verifier/InvokeClone.jtr
runtime/verifier/MethodEndsWithSwitch.java,Passed. Execution successful,164,/workspace/work/jtreg/tier12-legacy12/work/runtime/verifier/MethodEndsWithSwitch.jtr
runtime/verifier/OverriderMsg.java,Passed. Execution successful,1341,/workspace/work/jtreg/tier12-legacy12/work/runtime/verifier/OverriderMsg.jtr
runtime/verifier/PrimIntArray.java,Passed. Execution successful,206,/workspace/work/jtreg/tier12-legacy12/work/runtime/verifier/PrimIntArray.jtr
runtime/verifier/PutfieldProtectedTest.java,Passed. Execution successful,159,/workspace/work/jtreg/tier12-legacy12/work/runtime/verifier/PutfieldProtectedTest.jtr
runtime/verifier/ReturnMsgs.java,Passed. Execution successful,238,/workspace/work/jtreg/tier12-legacy12/work/runtime/verifier/ReturnMsgs.jtr
runtime/verifier/TestANewArray.java,Passed. Execution successful,1342,/workspace/work/jtreg/tier12-legacy12/work/runtime/verifier/TestANewArray.jtr
runtime/verifier/TestMultiANewArray.java,Passed. Execution successful,828,/workspace/work/jtreg/tier12-legacy12/work/runtime/verifier/TestMultiANewArray.jtr
runtime/verifier/TestSigParse.java,Passed. Execution successful,187,/workspace/work/jtreg/tier12-legacy12/work/runtime/verifier/TestSigParse.jtr
runtime/verifier/TestStaticIF.java,Passed. Execution successful,238,/workspace/work/jtreg/tier12-legacy12/work/runtime/verifier/TestStaticIF.jtr
runtime/verifier/TestTableSwitch.java,Passed. Execution successful,324,/workspace/work/jtreg/tier12-legacy12/work/runtime/verifier/TestTableSwitch.jtr
runtime/verifier/UninitializedThisVerificationTest.java,Passed. Execution successful,130,/workspace/work/jtreg/tier12-legacy12/work/runtime/verifier/UninitializedThisVerificationTest.jtr
runtime/verifier/VerifyProtectedConstructor.java,Passed. Execution successful,384,/workspace/work/jtreg/tier12-legacy12/work/runtime/verifier/VerifyProtectedConstructor.jtr
runtime/verifier/VerifyStackForExceptionHandlers.java,Passed. Execution successful,68,/workspace/work/jtreg/tier12-legacy12/work/runtime/verifier/VerifyStackForExceptionHandlers.jtr
runtime/VerifierMessages/Test7116786.java,Passed. Execution successful,297,/workspace/work/jtreg/tier12-legacy12/work/runtime/VerifierMessages/Test7116786.jtr
runtime/VtableTests/VTableTest.java,Passed. Execution successful,153,/workspace/work/jtreg/tier12-legacy12/work/runtime/VtableTests/VTableTest.jtr
runtime/vthread/Deoptimization.java#vthread-deopt-c1,Passed. Execution successful,749,/workspace/work/jtreg/tier12-legacy12/work/runtime/vthread/Deoptimization_vthread-deopt-c1.jtr
runtime/vthread/Deoptimization.java#vthread-deopt-c2,Passed. Execution successful,639,/workspace/work/jtreg/tier12-legacy12/work/runtime/vthread/Deoptimization_vthread-deopt-c2.jtr
runtime/vthread/RedefineClass.java,Passed. Execution successful,352,/workspace/work/jtreg/tier12-legacy12/work/runtime/vthread/RedefineClass.jtr
runtime/vthread/StackChunkClassLoaderTest.java,Passed. Execution successful,242,/workspace/work/jtreg/tier12-legacy12/work/runtime/vthread/StackChunkClassLoaderTest.jtr
runtime/vthread/TestObjectAllocationSampleEvent.java,Passed. Execution successful,1299,/workspace/work/jtreg/tier12-legacy12/work/runtime/vthread/TestObjectAllocationSampleEvent.jtr
runtime/whitebox/TestHiddenClassIsAlive.java,Passed. Execution successful,347,/workspace/work/jtreg/tier12-legacy12/work/runtime/whitebox/TestHiddenClassIsAlive.jtr
runtime/whitebox/TestWBDeflateIdleMonitors.java,Passed. Execution successful,1541,/workspace/work/jtreg/tier12-legacy12/work/runtime/whitebox/TestWBDeflateIdleMonitors.jtr
runtime/whitebox/WBStackSize.java,Passed. Execution successful,357,/workspace/work/jtreg/tier12-legacy12/work/runtime/whitebox/WBStackSize.jtr
runtime/XCheckJniJsig/XCheckJSig.java,Passed. Execution successful,353,/workspace/work/jtreg/tier12-legacy12/work/runtime/XCheckJniJsig/XCheckJSig.jtr
sanity/BasicVMTest.java,Passed. Execution successful,394,/workspace/work/jtreg/tier12-legacy12/work/sanity/BasicVMTest.jtr
serviceability/AsyncGetCallTrace/MyPackage/ASGCTBaseTest.java,Passed. Execution successful,129,/workspace/work/jtreg/tier12-legacy12/work/serviceability/AsyncGetCallTrace/MyPackage/ASGCTBaseTest.jtr
serviceability/attach/AttachAPIv2/CompatTest.java,Passed. Execution successful,7771,/workspace/work/jtreg/tier12-legacy12/work/serviceability/attach/AttachAPIv2/CompatTest.jtr
serviceability/attach/AttachAPIv2/StreamingOutputTest.java,Passed. Execution successful,8732,/workspace/work/jtreg/tier12-legacy12/work/serviceability/attach/AttachAPIv2/StreamingOutputTest.jtr
serviceability/attach/EarlyDynamicLoad/EarlyDynamicLoad.java,Passed. Execution successful,11041,/workspace/work/jtreg/tier12-legacy12/work/serviceability/attach/EarlyDynamicLoad/EarlyDynamicLoad.jtr
serviceability/attach/AttachNegativePidTest.java,Passed. Execution successful,1532,/workspace/work/jtreg/tier12-legacy12/work/serviceability/attach/AttachNegativePidTest.jtr
serviceability/attach/ConcAttachTest.java,Passed. Execution successful,2195,/workspace/work/jtreg/tier12-legacy12/work/serviceability/attach/ConcAttachTest.jtr
serviceability/attach/FailedDequeueTest.java,Passed. Execution successful,2491,/workspace/work/jtreg/tier12-legacy12/work/serviceability/attach/FailedDequeueTest.jtr
serviceability/attach/LongArgTest.java,Passed. Execution successful,2481,/workspace/work/jtreg/tier12-legacy12/work/serviceability/attach/LongArgTest.jtr
serviceability/attach/RemovingUnixDomainSocketTest.java,Passed. Execution successful,2451,/workspace/work/jtreg/tier12-legacy12/work/serviceability/attach/RemovingUnixDomainSocketTest.jtr
serviceability/dcmd/gc/ClassHistogramTest.java,Passed. Execution successful,789,/workspace/work/jtreg/tier12-legacy12/work/serviceability/dcmd/gc/ClassHistogramTest.jtr
serviceability/dcmd/gc/FinalizerInfoTest.java,Passed. Execution successful,403,/workspace/work/jtreg/tier12-legacy12/work/serviceability/dcmd/gc/FinalizerInfoTest.jtr
serviceability/dcmd/gc/HeapDumpAllTest.java,Passed. Execution successful,1896,/workspace/work/jtreg/tier12-legacy12/work/serviceability/dcmd/gc/HeapDumpAllTest.jtr
serviceability/dcmd/gc/HeapDumpCompressedTest.java#Epsilon,Passed. Execution successful,1502,/workspace/work/jtreg/tier12-legacy12/work/serviceability/dcmd/gc/HeapDumpCompressedTest_Epsilon.jtr
serviceability/dcmd/gc/HeapDumpCompressedTest.java#G1,Passed. Execution successful,1194,/workspace/work/jtreg/tier12-legacy12/work/serviceability/dcmd/gc/HeapDumpCompressedTest_G1.jtr
serviceability/dcmd/gc/HeapDumpCompressedTest.java#Parallel,Passed. Execution successful,1171,/workspace/work/jtreg/tier12-legacy12/work/serviceability/dcmd/gc/HeapDumpCompressedTest_Parallel.jtr
serviceability/dcmd/gc/HeapDumpCompressedTest.java#Serial,Passed. Execution successful,1350,/workspace/work/jtreg/tier12-legacy12/work/serviceability/dcmd/gc/HeapDumpCompressedTest_Serial.jtr
serviceability/dcmd/gc/HeapDumpCompressedTest.java#Shenandoah,Passed. Execution successful,1191,/workspace/work/jtreg/tier12-legacy12/work/serviceability/dcmd/gc/HeapDumpCompressedTest_Shenandoah.jtr
serviceability/dcmd/gc/HeapDumpCompressedTest.java#Z,Passed. Execution successful,1329,/workspace/work/jtreg/tier12-legacy12/work/serviceability/dcmd/gc/HeapDumpCompressedTest_Z.jtr
serviceability/dcmd/gc/HeapDumpParallelTest.java,Passed. Execution successful,11347,/workspace/work/jtreg/tier12-legacy12/work/serviceability/dcmd/gc/HeapDumpParallelTest.jtr
serviceability/dcmd/gc/HeapDumpTest.java,Passed. Execution successful,1734,/workspace/work/jtreg/tier12-legacy12/work/serviceability/dcmd/gc/HeapDumpTest.jtr
serviceability/dcmd/gc/HeapInfoTest.java,Passed. Execution successful,241,/workspace/work/jtreg/tier12-legacy12/work/serviceability/dcmd/gc/HeapInfoTest.jtr
serviceability/dcmd/gc/RunGCTest.java,Passed. Execution successful,409,/workspace/work/jtreg/tier12-legacy12/work/serviceability/dcmd/gc/RunGCTest.jtr
serviceability/dcmd/jvmti/AttachFailed/AttachIncorrectLibrary.java,Passed. Execution successful,257,/workspace/work/jtreg/tier12-legacy12/work/serviceability/dcmd/jvmti/AttachFailed/AttachIncorrectLibrary.jtr
serviceability/dcmd/jvmti/AttachFailed/AttachNoEntry.java,Passed. Execution successful,260,/workspace/work/jtreg/tier12-legacy12/work/serviceability/dcmd/jvmti/AttachFailed/AttachNoEntry.jtr
serviceability/dcmd/jvmti/AttachFailed/AttachReturnError.java,Passed. Execution successful,412,/workspace/work/jtreg/tier12-legacy12/work/serviceability/dcmd/jvmti/AttachFailed/AttachReturnError.jtr
serviceability/dcmd/jvmti/DataDumpDcmdTest.java,Passed. Execution successful,272,/workspace/work/jtreg/tier12-legacy12/work/serviceability/dcmd/jvmti/DataDumpDcmdTest.jtr
serviceability/dcmd/jvmti/LoadAgentDcmdTest.java,Passed. Execution successful,1492,/workspace/work/jtreg/tier12-legacy12/work/serviceability/dcmd/jvmti/LoadAgentDcmdTest.jtr
serviceability/dcmd/thread/ClassInitMonitorVThread.java,Passed. Execution successful,686,/workspace/work/jtreg/tier12-legacy12/work/serviceability/dcmd/thread/ClassInitMonitorVThread.jtr
serviceability/dcmd/thread/PrintConcurrentLocksTest.java,Passed. Execution successful,319,/workspace/work/jtreg/tier12-legacy12/work/serviceability/dcmd/thread/PrintConcurrentLocksTest.jtr
serviceability/dcmd/thread/PrintMountedVirtualThread.java,Passed. Execution successful,358,/workspace/work/jtreg/tier12-legacy12/work/serviceability/dcmd/thread/PrintMountedVirtualThread.jtr
serviceability/dcmd/thread/PrintTest.java,Passed. Execution successful,103,/workspace/work/jtreg/tier12-legacy12/work/serviceability/dcmd/thread/PrintTest.jtr
serviceability/dcmd/thread/ThreadDumpToFileTest.java,Passed. Execution successful,1612,/workspace/work/jtreg/tier12-legacy12/work/serviceability/dcmd/thread/ThreadDumpToFileTest.jtr
serviceability/dcmd/thread/VThreadCommandsTest.java,Passed. Execution successful,1421,/workspace/work/jtreg/tier12-legacy12/work/serviceability/dcmd/thread/VThreadCommandsTest.jtr
serviceability/dcmd/vm/ClassHierarchyTest.java,Passed. Execution successful,141,/workspace/work/jtreg/tier12-legacy12/work/serviceability/dcmd/vm/ClassHierarchyTest.jtr
serviceability/dcmd/vm/ClassLoaderHierarchyTest.java,Passed. Execution successful,138,/workspace/work/jtreg/tier12-legacy12/work/serviceability/dcmd/vm/ClassLoaderHierarchyTest.jtr
serviceability/dcmd/vm/ClassLoaderStatsTest.java,Passed. Execution successful,432,/workspace/work/jtreg/tier12-legacy12/work/serviceability/dcmd/vm/ClassLoaderStatsTest.jtr
serviceability/dcmd/vm/CommandLineTest.java,Passed. Execution successful,460,/workspace/work/jtreg/tier12-legacy12/work/serviceability/dcmd/vm/CommandLineTest.jtr
serviceability/dcmd/vm/DictionaryStatsTest.java,Passed. Execution successful,122,/workspace/work/jtreg/tier12-legacy12/work/serviceability/dcmd/vm/DictionaryStatsTest.jtr
serviceability/dcmd/vm/DynLibsTest.java,Passed. Execution successful,887,/workspace/work/jtreg/tier12-legacy12/work/serviceability/dcmd/vm/DynLibsTest.jtr
serviceability/dcmd/vm/EventsTest.java,Passed. Execution successful,531,/workspace/work/jtreg/tier12-legacy12/work/serviceability/dcmd/vm/EventsTest.jtr
serviceability/dcmd/vm/FlagsTest.java,Passed. Execution successful,405,/workspace/work/jtreg/tier12-legacy12/work/serviceability/dcmd/vm/FlagsTest.jtr
serviceability/dcmd/vm/MallocInfoTest.java,Passed. Execution successful,83,/workspace/work/jtreg/tier12-legacy12/work/serviceability/dcmd/vm/MallocInfoTest.jtr
serviceability/dcmd/vm/SecurityPropertiesTest.java,Passed. Execution successful,611,/workspace/work/jtreg/tier12-legacy12/work/serviceability/dcmd/vm/SecurityPropertiesTest.jtr
serviceability/dcmd/vm/SetVMFlagTest.java,Passed. Execution successful,195,/workspace/work/jtreg/tier12-legacy12/work/serviceability/dcmd/vm/SetVMFlagTest.jtr
serviceability/dcmd/vm/SystemDumpMapTest.java,Passed. Execution successful,849,/workspace/work/jtreg/tier12-legacy12/work/serviceability/dcmd/vm/SystemDumpMapTest.jtr
serviceability/dcmd/vm/SystemMapTest.java#normal,Passed. Execution successful,595,/workspace/work/jtreg/tier12-legacy12/work/serviceability/dcmd/vm/SystemMapTest_normal.jtr
serviceability/dcmd/vm/SystemMapTest.java#zgc,Passed. Execution successful,646,/workspace/work/jtreg/tier12-legacy12/work/serviceability/dcmd/vm/SystemMapTest_zgc.jtr
serviceability/dcmd/vm/SystemPropertiesTest.java,Passed. Execution successful,524,/workspace/work/jtreg/tier12-legacy12/work/serviceability/dcmd/vm/SystemPropertiesTest.jtr
serviceability/dcmd/vm/TrimLibcHeapTest.java,Passed. Execution successful,69,/workspace/work/jtreg/tier12-legacy12/work/serviceability/dcmd/vm/TrimLibcHeapTest.jtr
serviceability/dcmd/vm/UptimeTest.java,Passed. Execution successful,1106,/workspace/work/jtreg/tier12-legacy12/work/serviceability/dcmd/vm/UptimeTest.jtr
serviceability/HeapDump/DuplicateArrayClassesTest.java,Passed. Execution successful,2506,/workspace/work/jtreg/tier12-legacy12/work/serviceability/HeapDump/DuplicateArrayClassesTest.jtr
serviceability/HeapDump/FieldsInInstanceTest.java,Passed. Execution successful,2534,/workspace/work/jtreg/tier12-legacy12/work/serviceability/HeapDump/FieldsInInstanceTest.jtr
serviceability/HeapDump/FullGCHeapDumpLimitTest.java,Passed. Execution successful,123,/workspace/work/jtreg/tier12-legacy12/work/serviceability/HeapDump/FullGCHeapDumpLimitTest.jtr
serviceability/HeapDump/UnmountedVThreadNativeMethodAtTop.java,Passed. Execution successful,1974,/workspace/work/jtreg/tier12-legacy12/work/serviceability/HeapDump/UnmountedVThreadNativeMethodAtTop.jtr
serviceability/jdwp/AllModulesCommandTest.java,Passed. Execution successful,386,/workspace/work/jtreg/tier12-legacy12/work/serviceability/jdwp/AllModulesCommandTest.jtr
serviceability/jvmti/8036666/GetObjectLockCount.java,Passed. Execution successful,676,/workspace/work/jtreg/tier12-legacy12/work/serviceability/jvmti/8036666/GetObjectLockCount.jtr
serviceability/jvmti/AddModuleExportsAndOpens/MyPackage/AddModuleExportsAndOpensTest.java,Passed. Execution successful,105,/workspace/work/jtreg/tier12-legacy12/work/serviceability/jvmti/AddModuleExportsAndOpens/MyPackage/AddModuleExportsAndOpensTest.jtr
serviceability/jvmti/AddModuleReads/MyPackage/AddModuleReadsTest.java,Passed. Execution successful,145,/workspace/work/jtreg/tier12-legacy12/work/serviceability/jvmti/AddModuleReads/MyPackage/AddModuleReadsTest.jtr
serviceability/jvmti/AddModuleUsesAndProvides/MyPackage/AddModuleUsesAndProvidesTest.java,Passed. Execution successful,291,/workspace/work/jtreg/tier12-legacy12/work/serviceability/jvmti/AddModuleUsesAndProvides/MyPackage/AddModuleUsesAndProvidesTest.jtr
serviceability/jvmti/CompiledMethodLoad/Zombie.java,Passed. Execution successful,7180,/workspace/work/jtreg/tier12-legacy12/work/serviceability/jvmti/CompiledMethodLoad/Zombie.jtr
serviceability/jvmti/DynamicCodeGenerated/DynamicCodeGeneratedTest.java,Passed. Execution successful,1891,/workspace/work/jtreg/tier12-legacy12/work/serviceability/jvmti/DynamicCodeGenerated/DynamicCodeGeneratedTest.jtr
serviceability/jvmti/events/Breakpoint/breakpoint01/breakpoint01.java,Passed. Execution successful,156,/workspace/work/jtreg/tier12-legacy12/work/serviceability/jvmti/events/Breakpoint/breakpoint01/breakpoint01.jtr
serviceability/jvmti/events/ClassLoad/classload01/classload01.java,Passed. Execution successful,163,/workspace/work/jtreg/tier12-legacy12/work/serviceability/jvmti/events/ClassLoad/classload01/classload01.jtr
serviceability/jvmti/events/ClassPrepare/classprep01/classprep01.java,Passed. Execution successful,159,/workspace/work/jtreg/tier12-legacy12/work/serviceability/jvmti/events/ClassPrepare/classprep01/classprep01.jtr
serviceability/jvmti/events/Exception/exception01/exception01.java,Passed. Execution successful,143,/workspace/work/jtreg/tier12-legacy12/work/serviceability/jvmti/events/Exception/exception01/exception01.jtr
serviceability/jvmti/events/ExceptionCatch/excatch01/excatch01.java,Passed. Execution successful,147,/workspace/work/jtreg/tier12-legacy12/work/serviceability/jvmti/events/ExceptionCatch/excatch01/excatch01.jtr
serviceability/jvmti/events/FieldAccess/fieldacc01/fieldacc01.java,Passed. Execution successful,154,/workspace/work/jtreg/tier12-legacy12/work/serviceability/jvmti/events/FieldAccess/fieldacc01/fieldacc01.jtr
serviceability/jvmti/events/FieldAccess/fieldacc02/fieldacc02.java,Passed. Execution successful,143,/workspace/work/jtreg/tier12-legacy12/work/serviceability/jvmti/events/FieldAccess/fieldacc02/fieldacc02.jtr
serviceability/jvmti/events/FieldAccess/fieldacc03/fieldacc03.java,Passed. Execution successful,144,/workspace/work/jtreg/tier12-legacy12/work/serviceability/jvmti/events/FieldAccess/fieldacc03/fieldacc03.jtr
serviceability/jvmti/events/FieldAccess/fieldacc04/fieldacc04.java,Passed. Execution successful,147,/workspace/work/jtreg/tier12-legacy12/work/serviceability/jvmti/events/FieldAccess/fieldacc04/fieldacc04.jtr
serviceability/jvmti/events/FieldAccess/FieldEventsFromJNI/FieldEventsFromJNI.java,Passed. Execution successful,154,/workspace/work/jtreg/tier12-legacy12/work/serviceability/jvmti/events/FieldAccess/FieldEventsFromJNI/FieldEventsFromJNI.jtr
serviceability/jvmti/events/FieldModification/fieldmod01/fieldmod01.java,Passed. Execution successful,154,/workspace/work/jtreg/tier12-legacy12/work/serviceability/jvmti/events/FieldModification/fieldmod01/fieldmod01.jtr
serviceability/jvmti/events/FieldModification/fieldmod02/fieldmod02.java,Passed. Execution successful,149,/workspace/work/jtreg/tier12-legacy12/work/serviceability/jvmti/events/FieldModification/fieldmod02/fieldmod02.jtr
serviceability/jvmti/events/FramePop/ClearAllFramePops/ClearAllFramePops.java#platform,Passed. Execution successful,159,/workspace/work/jtreg/tier12-legacy12/work/serviceability/jvmti/events/FramePop/ClearAllFramePops/ClearAllFramePops_platform.jtr
serviceability/jvmti/events/FramePop/ClearAllFramePops/ClearAllFramePops.java#virtual,Passed. Execution successful,169,/workspace/work/jtreg/tier12-legacy12/work/serviceability/jvmti/events/FramePop/ClearAllFramePops/ClearAllFramePops_virtual.jtr
serviceability/jvmti/events/FramePop/framepop01/framepop01.java,Passed. Execution successful,156,/workspace/work/jtreg/tier12-legacy12/work/serviceability/jvmti/events/FramePop/framepop01/framepop01.jtr
serviceability/jvmti/events/FramePop/framepop02/framepop02.java#id0,Passed. Execution successful,508,/workspace/work/jtreg/tier12-legacy12/work/serviceability/jvmti/events/FramePop/framepop02/framepop02_id0.jtr
serviceability/jvmti/events/FramePop/framepop02/framepop02.java#id1,Passed. Execution successful,641,/workspace/work/jtreg/tier12-legacy12/work/serviceability/jvmti/events/FramePop/framepop02/framepop02_id1.jtr
serviceability/jvmti/events/MethodEntry/mentry01/mentry01.java,Passed. Execution successful,146,/workspace/work/jtreg/tier12-legacy12/work/serviceability/jvmti/events/MethodEntry/mentry01/mentry01.jtr
serviceability/jvmti/events/MethodEntry/mentry02/mentry02.java,Passed. Execution successful,335,/workspace/work/jtreg/tier12-legacy12/work/serviceability/jvmti/events/MethodEntry/mentry02/mentry02.jtr
serviceability/jvmti/events/MethodExit/mexit01/mexit01.java,Passed. Execution successful,142,/workspace/work/jtreg/tier12-legacy12/work/serviceability/jvmti/events/MethodExit/mexit01/mexit01.jtr
serviceability/jvmti/events/MethodExit/mexit02/mexit02.java,Passed. Execution successful,160,/workspace/work/jtreg/tier12-legacy12/work/serviceability/jvmti/events/MethodExit/mexit02/mexit02.jtr
serviceability/jvmti/events/MethodExit/PendingException/TestMethodExitWithPendingException.java,Passed. Execution successful,133,/workspace/work/jtreg/tier12-legacy12/work/serviceability/jvmti/events/MethodExit/PendingException/TestMethodExitWithPendingException.jtr
serviceability/jvmti/events/MethodExit/PoppedByException/TestPoppedByException.java,Passed. Execution successful,136,/workspace/work/jtreg/tier12-legacy12/work/serviceability/jvmti/events/MethodExit/PoppedByException/TestPoppedByException.jtr
serviceability/jvmti/events/MonitorContendedEnter/mcontenter01/mcontenter01.java,Passed. Execution successful,240,/workspace/work/jtreg/tier12-legacy12/work/serviceability/jvmti/events/MonitorContendedEnter/mcontenter01/mcontenter01.jtr
serviceability/jvmti/events/MonitorContendedEntered/mcontentered01/mcontentered01.java,Passed. Execution successful,334,/workspace/work/jtreg/tier12-legacy12/work/serviceability/jvmti/events/MonitorContendedEntered/mcontentered01/mcontentered01.jtr
serviceability/jvmti/events/MonitorWait/monitorwait01/monitorwait01.java,Passed. Execution successful,247,/workspace/work/jtreg/tier12-legacy12/work/serviceability/jvmti/events/MonitorWait/monitorwait01/monitorwait01.jtr
serviceability/jvmti/events/MonitorWaited/monitorwaited01/monitorwaited01.java,Passed. Execution successful,255,/workspace/work/jtreg/tier12-legacy12/work/serviceability/jvmti/events/MonitorWaited/monitorwaited01/monitorwaited01.jtr
serviceability/jvmti/events/NativeMethodBind/nativemethbind01/nativemethbind01.java,Passed. Execution successful,145,/workspace/work/jtreg/tier12-legacy12/work/serviceability/jvmti/events/NativeMethodBind/nativemethbind01/nativemethbind01.jtr
serviceability/jvmti/events/NativeMethodBind/nativemethbind02/nativemethbind02.java,Passed. Execution successful,137,/workspace/work/jtreg/tier12-legacy12/work/serviceability/jvmti/events/NativeMethodBind/nativemethbind02/nativemethbind02.jtr
serviceability/jvmti/events/NativeMethodBind/nativemethbind03/nativemethbind03.java,Passed. Execution successful,160,/workspace/work/jtreg/tier12-legacy12/work/serviceability/jvmti/events/NativeMethodBind/nativemethbind03/nativemethbind03.jtr
serviceability/jvmti/events/NativeMethodBind/nativemethbind04/nativemethbind04.java,Passed. Execution successful,143,/workspace/work/jtreg/tier12-legacy12/work/serviceability/jvmti/events/NativeMethodBind/nativemethbind04/nativemethbind04.jtr
serviceability/jvmti/events/NotifyFramePopStressTest/NotifyFramePopStressTest.java,Passed. Execution successful,163,/workspace/work/jtreg/tier12-legacy12/work/serviceability/jvmti/events/NotifyFramePopStressTest/NotifyFramePopStressTest.jtr
serviceability/jvmti/events/SampledObjectAlloc/SamplingDuringInit/SamplingDuringInit.java,Passed. Execution successful,345,/workspace/work/jtreg/tier12-legacy12/work/serviceability/jvmti/events/SampledObjectAlloc/SamplingDuringInit/SamplingDuringInit.jtr
serviceability/jvmti/events/SampledObjectAlloc/ZCloneWithTenuredAllocation/ZCloneWithTenuredAllocation.java#Z,Passed. Execution successful,474,/workspace/work/jtreg/tier12-legacy12/work/serviceability/jvmti/events/SampledObjectAlloc/ZCloneWithTenuredAllocation/ZCloneWithTenuredAllocation_Z.jtr
serviceability/jvmti/events/SingleStep/singlestep01/singlestep01.java,Passed. Execution successful,164,/workspace/work/jtreg/tier12-legacy12/work/serviceability/jvmti/events/SingleStep/singlestep01/singlestep01.jtr
serviceability/jvmti/events/SingleStep/singlestep02/singlestep02.java,Passed. Execution successful,1937,/workspace/work/jtreg/tier12-legacy12/work/serviceability/jvmti/events/SingleStep/singlestep02/singlestep02.jtr
serviceability/jvmti/events/SingleStep/singlestep03/singlestep03.java,Passed. Execution successful,243,/workspace/work/jtreg/tier12-legacy12/work/serviceability/jvmti/events/SingleStep/singlestep03/singlestep03.jtr
serviceability/jvmti/events/ThreadEnd/threadend01/threadend01.java,Passed. Execution successful,175,/workspace/work/jtreg/tier12-legacy12/work/serviceability/jvmti/events/ThreadEnd/threadend01/threadend01.jtr
serviceability/jvmti/events/ThreadEnd/threadend02/threadend02.java,Passed. Execution successful,146,/workspace/work/jtreg/tier12-legacy12/work/serviceability/jvmti/events/ThreadEnd/threadend02/threadend02.jtr
serviceability/jvmti/events/ThreadStart/threadstart01/threadstart01.java,Passed. Execution successful,183,/workspace/work/jtreg/tier12-legacy12/work/serviceability/jvmti/events/ThreadStart/threadstart01/threadstart01.jtr
serviceability/jvmti/events/ThreadStart/threadstart02/threadstart02.java,Passed. Execution successful,148,/workspace/work/jtreg/tier12-legacy12/work/serviceability/jvmti/events/ThreadStart/threadstart02/threadstart02.jtr
serviceability/jvmti/events/ThreadStart/threadstart03/threadstart03.java,Passed. Execution successful,1138,/workspace/work/jtreg/tier12-legacy12/work/serviceability/jvmti/events/ThreadStart/threadstart03/threadstart03.jtr
serviceability/jvmti/events/VMDeath/AllocatingInVMDeath/TestAllocatingInVMDeath.java,Passed. Execution successful,493,/workspace/work/jtreg/tier12-legacy12/work/serviceability/jvmti/events/VMDeath/AllocatingInVMDeath/TestAllocatingInVMDeath.jtr
serviceability/jvmti/events/VMObjectAlloc/vmobjalloc01/vmobjalloc01.java,Passed. Execution successful,98,/workspace/work/jtreg/tier12-legacy12/work/serviceability/jvmti/events/VMObjectAlloc/vmobjalloc01/vmobjalloc01.jtr
serviceability/jvmti/FieldAccessWatch/FieldAccessWatch.java,Passed. Execution successful,2792,/workspace/work/jtreg/tier12-legacy12/work/serviceability/jvmti/FieldAccessWatch/FieldAccessWatch.jtr
serviceability/jvmti/FollowReferences/FieldIndices/FieldIndicesTest.java,Passed. Execution successful,154,/workspace/work/jtreg/tier12-legacy12/work/serviceability/jvmti/FollowReferences/FieldIndices/FieldIndicesTest.jtr
serviceability/jvmti/FollowReferences/KindSystemClass/KindSystemClass.java,Passed. Execution successful,159,/workspace/work/jtreg/tier12-legacy12/work/serviceability/jvmti/FollowReferences/KindSystemClass/KindSystemClass.jtr
serviceability/jvmti/GenerateEvents/MyPackage/GenerateEventsTest.java,Passed. Execution successful,136,/workspace/work/jtreg/tier12-legacy12/work/serviceability/jvmti/GenerateEvents/MyPackage/GenerateEventsTest.jtr
serviceability/jvmti/GetClassFields/FilteredFields/FilteredFieldsTest.java,Passed. Execution successful,140,/workspace/work/jtreg/tier12-legacy12/work/serviceability/jvmti/GetClassFields/FilteredFields/FilteredFieldsTest.jtr
serviceability/jvmti/GetClassMethods/OverpassMethods.java,Passed. Execution successful,234,/workspace/work/jtreg/tier12-legacy12/work/serviceability/jvmti/GetClassMethods/OverpassMethods.jtr
serviceability/jvmti/GetLocalVariable/GetLocalVars.java,Passed. Execution successful,6949,/workspace/work/jtreg/tier12-legacy12/work/serviceability/jvmti/GetLocalVariable/GetLocalVars.jtr
serviceability/jvmti/GetLocalVariable/GetSetLocalUnsuspended.java,Passed. Execution successful,157,/workspace/work/jtreg/tier12-legacy12/work/serviceability/jvmti/GetLocalVariable/GetSetLocalUnsuspended.jtr
serviceability/jvmti/GetMethodDeclaringClass/TestUnloadedClass.java,Passed. Execution successful,13977,/workspace/work/jtreg/tier12-legacy12/work/serviceability/jvmti/GetMethodDeclaringClass/TestUnloadedClass.jtr
serviceability/jvmti/GetModulesInfo/JvmtiGetAllModulesTest.java,Passed. Execution successful,136,/workspace/work/jtreg/tier12-legacy12/work/serviceability/jvmti/GetModulesInfo/JvmtiGetAllModulesTest.jtr
serviceability/jvmti/GetNamedModule/MyPackage/GetNamedModuleTest.java,Passed. Execution successful,155,/workspace/work/jtreg/tier12-legacy12/work/serviceability/jvmti/GetNamedModule/MyPackage/GetNamedModuleTest.jtr
serviceability/jvmti/GetOwnedMonitorInfo/GetOwnedMonitorInfoTest.java,Passed. Execution successful,261,/workspace/work/jtreg/tier12-legacy12/work/serviceability/jvmti/GetOwnedMonitorInfo/GetOwnedMonitorInfoTest.jtr
serviceability/jvmti/GetOwnedMonitorInfo/GetOwnedMonitorInfoWithEATest.java,Passed. Execution successful,2416,/workspace/work/jtreg/tier12-legacy12/work/serviceability/jvmti/GetOwnedMonitorInfo/GetOwnedMonitorInfoWithEATest.jtr
serviceability/jvmti/GetOwnedMonitorStackDepthInfo/GetOwnedMonitorStackDepthInfoTest.java,Passed. Execution successful,148,/workspace/work/jtreg/tier12-legacy12/work/serviceability/jvmti/GetOwnedMonitorStackDepthInfo/GetOwnedMonitorStackDepthInfoTest.jtr
serviceability/jvmti/GetOwnedMonitorStackDepthInfo/GetOwnedMonitorStackDepthInfoWithEATest.java,Passed. Execution successful,2443,/workspace/work/jtreg/tier12-legacy12/work/serviceability/jvmti/GetOwnedMonitorStackDepthInfo/GetOwnedMonitorStackDepthInfoWithEATest.jtr
serviceability/jvmti/GetSystemProperty/JvmtiGetSystemPropertyTest.java,Passed. Execution successful,161,/workspace/work/jtreg/tier12-legacy12/work/serviceability/jvmti/GetSystemProperty/JvmtiGetSystemPropertyTest.jtr
serviceability/jvmti/GetThreadListStackTraces/OneGetThreadListStackTraces.java,Passed. Execution successful,159,/workspace/work/jtreg/tier12-legacy12/work/serviceability/jvmti/GetThreadListStackTraces/OneGetThreadListStackTraces.jtr
serviceability/jvmti/Heap/IterateHeapWithEscapeAnalysisEnabled.java,Passed. Execution successful,60363,/workspace/work/jtreg/tier12-legacy12/work/serviceability/jvmti/Heap/IterateHeapWithEscapeAnalysisEnabled.jtr
serviceability/jvmti/HeapMonitor/MyPackage/HeapMonitorArrayAllSampledTest.java,Passed. Execution successful,817,/workspace/work/jtreg/tier12-legacy12/work/serviceability/jvmti/HeapMonitor/MyPackage/HeapMonitorArrayAllSampledTest.jtr
serviceability/jvmti/HeapMonitor/MyPackage/HeapMonitorEventOnOffTest.java,Passed. Execution successful,1219,/workspace/work/jtreg/tier12-legacy12/work/serviceability/jvmti/HeapMonitor/MyPackage/HeapMonitorEventOnOffTest.jtr
serviceability/jvmti/HeapMonitor/MyPackage/HeapMonitorGCParallelTest.java,Passed. Execution successful,592,/workspace/work/jtreg/tier12-legacy12/work/serviceability/jvmti/HeapMonitor/MyPackage/HeapMonitorGCParallelTest.jtr
serviceability/jvmti/HeapMonitor/MyPackage/HeapMonitorGCSerialTest.java,Passed. Execution successful,804,/workspace/work/jtreg/tier12-legacy12/work/serviceability/jvmti/HeapMonitor/MyPackage/HeapMonitorGCSerialTest.jtr
serviceability/jvmti/HeapMonitor/MyPackage/HeapMonitorGCTest.java,Passed. Execution successful,684,/workspace/work/jtreg/tier12-legacy12/work/serviceability/jvmti/HeapMonitor/MyPackage/HeapMonitorGCTest.jtr
serviceability/jvmti/HeapMonitor/MyPackage/HeapMonitorIllegalArgumentTest.java,Passed. Execution successful,197,/workspace/work/jtreg/tier12-legacy12/work/serviceability/jvmti/HeapMonitor/MyPackage/HeapMonitorIllegalArgumentTest.jtr
serviceability/jvmti/HeapMonitor/MyPackage/HeapMonitorInitialAllocationTest.java,Passed. Execution successful,252,/workspace/work/jtreg/tier12-legacy12/work/serviceability/jvmti/HeapMonitor/MyPackage/HeapMonitorInitialAllocationTest.jtr
serviceability/jvmti/HeapMonitor/MyPackage/HeapMonitorInterpreterArrayTest.java,Passed. Execution successful,324,/workspace/work/jtreg/tier12-legacy12/work/serviceability/jvmti/HeapMonitor/MyPackage/HeapMonitorInterpreterArrayTest.jtr
serviceability/jvmti/HeapMonitor/MyPackage/HeapMonitorInterpreterObjectTest.java,Passed. Execution successful,1748,/workspace/work/jtreg/tier12-legacy12/work/serviceability/jvmti/HeapMonitor/MyPackage/HeapMonitorInterpreterObjectTest.jtr
serviceability/jvmti/HeapMonitor/MyPackage/HeapMonitorMultiArrayTest.java,Passed. Execution successful,470,/workspace/work/jtreg/tier12-legacy12/work/serviceability/jvmti/HeapMonitor/MyPackage/HeapMonitorMultiArrayTest.jtr
serviceability/jvmti/HeapMonitor/MyPackage/HeapMonitorNoCapabilityTest.java,Passed. Execution successful,213,/workspace/work/jtreg/tier12-legacy12/work/serviceability/jvmti/HeapMonitor/MyPackage/HeapMonitorNoCapabilityTest.jtr
serviceability/jvmti/HeapMonitor/MyPackage/HeapMonitorRecursiveTest.java,Passed. Execution successful,18356,/workspace/work/jtreg/tier12-legacy12/work/serviceability/jvmti/HeapMonitor/MyPackage/HeapMonitorRecursiveTest.jtr
serviceability/jvmti/HeapMonitor/MyPackage/HeapMonitorStatArrayCorrectnessTest.java,Passed. Execution successful,4587,/workspace/work/jtreg/tier12-legacy12/work/serviceability/jvmti/HeapMonitor/MyPackage/HeapMonitorStatArrayCorrectnessTest.jtr
serviceability/jvmti/HeapMonitor/MyPackage/HeapMonitorStatIntervalTest.java,Passed. Execution successful,1521,/workspace/work/jtreg/tier12-legacy12/work/serviceability/jvmti/HeapMonitor/MyPackage/HeapMonitorStatIntervalTest.jtr
serviceability/jvmti/HeapMonitor/MyPackage/HeapMonitorStatObjectCorrectnessTest.java,Passed. Execution successful,1874,/workspace/work/jtreg/tier12-legacy12/work/serviceability/jvmti/HeapMonitor/MyPackage/HeapMonitorStatObjectCorrectnessTest.jtr
serviceability/jvmti/HeapMonitor/MyPackage/HeapMonitorStatSimpleTest.java,Passed. Execution successful,766,/workspace/work/jtreg/tier12-legacy12/work/serviceability/jvmti/HeapMonitor/MyPackage/HeapMonitorStatSimpleTest.jtr
serviceability/jvmti/HeapMonitor/MyPackage/HeapMonitorTest.java,Passed. Execution successful,859,/workspace/work/jtreg/tier12-legacy12/work/serviceability/jvmti/HeapMonitor/MyPackage/HeapMonitorTest.jtr
serviceability/jvmti/HeapMonitor/MyPackage/HeapMonitorThreadDisabledTest.java,Passed. Execution successful,398,/workspace/work/jtreg/tier12-legacy12/work/serviceability/jvmti/HeapMonitor/MyPackage/HeapMonitorThreadDisabledTest.jtr
serviceability/jvmti/HeapMonitor/MyPackage/HeapMonitorThreadOnOffTest.java,Passed. Execution successful,324,/workspace/work/jtreg/tier12-legacy12/work/serviceability/jvmti/HeapMonitor/MyPackage/HeapMonitorThreadOnOffTest.jtr
serviceability/jvmti/HeapMonitor/MyPackage/HeapMonitorThreadTest.java,Passed. Execution successful,491,/workspace/work/jtreg/tier12-legacy12/work/serviceability/jvmti/HeapMonitor/MyPackage/HeapMonitorThreadTest.jtr
serviceability/jvmti/HeapMonitor/MyPackage/HeapMonitorTwoAgentsTest.java,Passed. Execution successful,196,/workspace/work/jtreg/tier12-legacy12/work/serviceability/jvmti/HeapMonitor/MyPackage/HeapMonitorTwoAgentsTest.jtr
serviceability/jvmti/HeapMonitor/MyPackage/HeapMonitorVMEventsTest.java#id0,Passed. Execution successful,729,/workspace/work/jtreg/tier12-legacy12/work/serviceability/jvmti/HeapMonitor/MyPackage/HeapMonitorVMEventsTest_id0.jtr
serviceability/jvmti/HeapMonitor/MyPackage/HeapMonitorVMEventsTest.java#id1,Passed. Execution successful,715,/workspace/work/jtreg/tier12-legacy12/work/serviceability/jvmti/HeapMonitor/MyPackage/HeapMonitorVMEventsTest_id1.jtr
serviceability/jvmti/HiddenClass/P/Q/HiddenClassSigTest.java,Passed. Execution successful,268,/workspace/work/jtreg/tier12-legacy12/work/serviceability/jvmti/HiddenClass/P/Q/HiddenClassSigTest.jtr
serviceability/jvmti/IsModifiableModule/MyPackage/IsModifiableModuleTest.java,Passed. Execution successful,120,/workspace/work/jtreg/tier12-legacy12/work/serviceability/jvmti/IsModifiableModule/MyPackage/IsModifiableModuleTest.jtr
serviceability/jvmti/ModuleAwareAgents/ClassFileLoadHook/MAAClassFileLoadHook.java,Passed. Execution successful,475,/workspace/work/jtreg/tier12-legacy12/work/serviceability/jvmti/ModuleAwareAgents/ClassFileLoadHook/MAAClassFileLoadHook.jtr
serviceability/jvmti/ModuleAwareAgents/ClassLoadPrepare/MAAClassLoadPrepare.java,Passed. Execution successful,231,/workspace/work/jtreg/tier12-legacy12/work/serviceability/jvmti/ModuleAwareAgents/ClassLoadPrepare/MAAClassLoadPrepare.jtr
serviceability/jvmti/negative/contmon03/contmon03.java,Passed. Execution successful,149,/workspace/work/jtreg/tier12-legacy12/work/serviceability/jvmti/negative/contmon03/contmon03.jtr
serviceability/jvmti/negative/framecnt02/framecnt02.java,Passed. Execution successful,138,/workspace/work/jtreg/tier12-legacy12/work/serviceability/jvmti/negative/framecnt02/framecnt02.jtr
serviceability/jvmti/negative/framecnt03/framecnt03.java,Passed. Execution successful,147,/workspace/work/jtreg/tier12-legacy12/work/serviceability/jvmti/negative/framecnt03/framecnt03.jtr
serviceability/jvmti/negative/frameloc03/frameloc03.java,Passed. Execution successful,145,/workspace/work/jtreg/tier12-legacy12/work/serviceability/jvmti/negative/frameloc03/frameloc03.jtr
serviceability/jvmti/negative/GetAllThreadsNullTest/GetAllThreadsNullTest.java,Passed. Execution successful,134,/workspace/work/jtreg/tier12-legacy12/work/serviceability/jvmti/negative/GetAllThreadsNullTest/GetAllThreadsNullTest.jtr
serviceability/jvmti/negative/getstacktr02/getstacktr02.java,Passed. Execution successful,144,/workspace/work/jtreg/tier12-legacy12/work/serviceability/jvmti/negative/getstacktr02/getstacktr02.jtr
serviceability/jvmti/negative/getstacktr09/getstacktr09.java,Passed. Execution successful,159,/workspace/work/jtreg/tier12-legacy12/work/serviceability/jvmti/negative/getstacktr09/getstacktr09.jtr
serviceability/jvmti/negative/thrinfo02/thrinfo02.java,Passed. Execution successful,152,/workspace/work/jtreg/tier12-legacy12/work/serviceability/jvmti/negative/thrinfo02/thrinfo02.jtr
serviceability/jvmti/negative/thrstat04/thrstat04.java,Passed. Execution successful,152,/workspace/work/jtreg/tier12-legacy12/work/serviceability/jvmti/negative/thrstat04/thrstat04.jtr
serviceability/jvmti/NMethodRelocation/NMethodRelocationTest.java,Passed. Execution successful,777,/workspace/work/jtreg/tier12-legacy12/work/serviceability/jvmti/NMethodRelocation/NMethodRelocationTest.jtr
serviceability/jvmti/NotifyFramePop/NotifyFramePopTest.java,Passed. Execution successful,118,/workspace/work/jtreg/tier12-legacy12/work/serviceability/jvmti/NotifyFramePop/NotifyFramePopTest.jtr
serviceability/jvmti/ObjectMonitorUsage/ObjectMonitorUsage.java,Passed. Execution successful,624,/workspace/work/jtreg/tier12-legacy12/work/serviceability/jvmti/ObjectMonitorUsage/ObjectMonitorUsage.jtr
serviceability/jvmti/RedefineClasses/MissedStackMapFrames/MissedStackMapFrames.java,Passed. Execution successful,182,/workspace/work/jtreg/tier12-legacy12/work/serviceability/jvmti/RedefineClasses/MissedStackMapFrames/MissedStackMapFrames.jtr
serviceability/jvmti/RedefineClasses/RedefineRetransform/RedefineRetransform.java,Passed. Execution successful,717,/workspace/work/jtreg/tier12-legacy12/work/serviceability/jvmti/RedefineClasses/RedefineRetransform/RedefineRetransform.jtr
serviceability/jvmti/SetBreakpoint/TestManyBreakpoints.java,Passed. Execution successful,4911,/workspace/work/jtreg/tier12-legacy12/work/serviceability/jvmti/SetBreakpoint/TestManyBreakpoints.jtr
serviceability/jvmti/SetTag/TagMapTest.java,Passed. Execution successful,9855,/workspace/work/jtreg/tier12-legacy12/work/serviceability/jvmti/SetTag/TagMapTest.jtr
serviceability/jvmti/StartPhase/AllowedFunctions/AllowedFunctions.java,Passed. Execution successful,621,/workspace/work/jtreg/tier12-legacy12/work/serviceability/jvmti/StartPhase/AllowedFunctions/AllowedFunctions.jtr
serviceability/jvmti/stress/StackTrace/Suspended/GetStackTraceSuspendedStressTest.java,Passed. Execution successful,288,/workspace/work/jtreg/tier12-legacy12/work/serviceability/jvmti/stress/StackTrace/Suspended/GetStackTraceSuspendedStressTest.jtr
serviceability/jvmti/stress/ThreadLocalStorage/SetGetThreadLocalStorageStressTest/SetGetThreadLocalStorageStressTest.java,Passed. Execution successful,161,/workspace/work/jtreg/tier12-legacy12/work/serviceability/jvmti/stress/ThreadLocalStorage/SetGetThreadLocalStorageStressTest/SetGetThreadLocalStorageStressTest.jtr
serviceability/jvmti/SuspendWithCurrentThread/SuspendWithCurrentThread.java,Passed. Execution successful,326,/workspace/work/jtreg/tier12-legacy12/work/serviceability/jvmti/SuspendWithCurrentThread/SuspendWithCurrentThread.jtr
serviceability/jvmti/SuspendWithObjectMonitorEnter/SuspendWithObjectMonitorEnter.java,Passed. Execution successful,60157,/workspace/work/jtreg/tier12-legacy12/work/serviceability/jvmti/SuspendWithObjectMonitorEnter/SuspendWithObjectMonitorEnter.jtr
serviceability/jvmti/SuspendWithObjectMonitorTimedWait/SuspendWithObjectMonitorTimedWait.java,Passed. Execution successful,4346,/workspace/work/jtreg/tier12-legacy12/work/serviceability/jvmti/SuspendWithObjectMonitorTimedWait/SuspendWithObjectMonitorTimedWait.jtr
serviceability/jvmti/SuspendWithObjectMonitorWait/SuspendWithObjectMonitorWaitDefault.java,Passed. Execution successful,60207,/workspace/work/jtreg/tier12-legacy12/work/serviceability/jvmti/SuspendWithObjectMonitorWait/SuspendWithObjectMonitorWaitDefault.jtr
serviceability/jvmti/SuspendWithObjectMonitorWait/SuspendWithObjectMonitorWaitReentryPartFirst.java,Passed. Execution successful,60185,/workspace/work/jtreg/tier12-legacy12/work/serviceability/jvmti/SuspendWithObjectMonitorWait/SuspendWithObjectMonitorWaitReentryPartFirst.jtr
serviceability/jvmti/SuspendWithObjectMonitorWait/SuspendWithObjectMonitorWaitReentryPartSecond.java,Passed. Execution successful,60187,/workspace/work/jtreg/tier12-legacy12/work/serviceability/jvmti/SuspendWithObjectMonitorWait/SuspendWithObjectMonitorWaitReentryPartSecond.jtr
serviceability/jvmti/SuspendWithRawMonitorEnter/SuspendWithRawMonitorEnter.java,Passed. Execution successful,60123,/workspace/work/jtreg/tier12-legacy12/work/serviceability/jvmti/SuspendWithRawMonitorEnter/SuspendWithRawMonitorEnter.jtr
serviceability/jvmti/thread/GetAllThreads/allthr01/allthr01.java,Passed. Execution successful,140,/workspace/work/jtreg/tier12-legacy12/work/serviceability/jvmti/thread/GetAllThreads/allthr01/allthr01.jtr
serviceability/jvmti/thread/GetCurrentContendedMonitor/contmon01/contmon01.java,Passed. Execution successful,189,/workspace/work/jtreg/tier12-legacy12/work/serviceability/jvmti/thread/GetCurrentContendedMonitor/contmon01/contmon01.jtr
serviceability/jvmti/thread/GetCurrentContendedMonitor/contmon02/contmon02.java,Passed. Execution successful,161,/workspace/work/jtreg/tier12-legacy12/work/serviceability/jvmti/thread/GetCurrentContendedMonitor/contmon02/contmon02.jtr
serviceability/jvmti/thread/GetFrameCount/framecnt01/framecnt01.java,Passed. Execution successful,178,/workspace/work/jtreg/tier12-legacy12/work/serviceability/jvmti/thread/GetFrameCount/framecnt01/framecnt01.jtr
serviceability/jvmti/thread/GetFrameLocation/frameloc01/frameloc01.java,Passed. Execution successful,146,/workspace/work/jtreg/tier12-legacy12/work/serviceability/jvmti/thread/GetFrameLocation/frameloc01/frameloc01.jtr
serviceability/jvmti/thread/GetFrameLocation/frameloc02/frameloc02.java,Passed. Execution successful,155,/workspace/work/jtreg/tier12-legacy12/work/serviceability/jvmti/thread/GetFrameLocation/frameloc02/frameloc02.jtr
serviceability/jvmti/thread/GetStackTrace/getstacktr03/getstacktr03.java,Passed. Execution successful,145,/workspace/work/jtreg/tier12-legacy12/work/serviceability/jvmti/thread/GetStackTrace/getstacktr03/getstacktr03.jtr
serviceability/jvmti/thread/GetStackTrace/getstacktr04/getstacktr04.java,Passed. Execution successful,147,/workspace/work/jtreg/tier12-legacy12/work/serviceability/jvmti/thread/GetStackTrace/getstacktr04/getstacktr04.jtr
serviceability/jvmti/thread/GetStackTrace/getstacktr05/getstacktr05.java,Passed. Execution successful,164,/workspace/work/jtreg/tier12-legacy12/work/serviceability/jvmti/thread/GetStackTrace/getstacktr05/getstacktr05.jtr
serviceability/jvmti/thread/GetStackTrace/getstacktr06/getstacktr06.java,Passed. Execution successful,152,/workspace/work/jtreg/tier12-legacy12/work/serviceability/jvmti/thread/GetStackTrace/getstacktr06/getstacktr06.jtr
serviceability/jvmti/thread/GetStackTrace/getstacktr07/getstacktr07.java,Passed. Execution successful,169,/workspace/work/jtreg/tier12-legacy12/work/serviceability/jvmti/thread/GetStackTrace/getstacktr07/getstacktr07.jtr
serviceability/jvmti/thread/GetStackTrace/getstacktr08/getstacktr08.java,Passed. Execution successful,171,/workspace/work/jtreg/tier12-legacy12/work/serviceability/jvmti/thread/GetStackTrace/getstacktr08/getstacktr08.jtr
serviceability/jvmti/thread/GetStackTrace/GetStackTraceCurrentThreadTest/GetStackTraceCurrentThreadTest.java,Passed. Execution successful,155,/workspace/work/jtreg/tier12-legacy12/work/serviceability/jvmti/thread/GetStackTrace/GetStackTraceCurrentThreadTest/GetStackTraceCurrentThreadTest.jtr
serviceability/jvmti/thread/GetThreadInfo/thrinfo01/thrinfo01.java,Passed. Execution successful,149,/workspace/work/jtreg/tier12-legacy12/work/serviceability/jvmti/thread/GetThreadInfo/thrinfo01/thrinfo01.jtr
serviceability/jvmti/thread/GetThreadState/thrstat01/thrstat01.java,Passed. Execution successful,158,/workspace/work/jtreg/tier12-legacy12/work/serviceability/jvmti/thread/GetThreadState/thrstat01/thrstat01.jtr
serviceability/jvmti/thread/GetThreadState/thrstat02/thrstat02.java,Passed. Execution successful,462,/workspace/work/jtreg/tier12-legacy12/work/serviceability/jvmti/thread/GetThreadState/thrstat02/thrstat02.jtr
serviceability/jvmti/thread/GetThreadState/thrstat03/thrstat03.java,Passed. Execution successful,359,/workspace/work/jtreg/tier12-legacy12/work/serviceability/jvmti/thread/GetThreadState/thrstat03/thrstat03.jtr
serviceability/jvmti/thread/GetThreadState/thrstat05/thrstat05.java,Passed. Execution successful,8254,/workspace/work/jtreg/tier12-legacy12/work/serviceability/jvmti/thread/GetThreadState/thrstat05/thrstat05.jtr
serviceability/jvmti/thread/ResumeThread/resumethrd01/resumethrd01.java,Passed. Execution successful,248,/workspace/work/jtreg/tier12-legacy12/work/serviceability/jvmti/thread/ResumeThread/resumethrd01/resumethrd01.jtr
serviceability/jvmti/thread/ResumeThread/resumethrd02/resumethrd02.java,Passed. Execution successful,2156,/workspace/work/jtreg/tier12-legacy12/work/serviceability/jvmti/thread/ResumeThread/resumethrd02/resumethrd02.jtr
serviceability/jvmti/thread/ResumeThreadList/resumethrdlst01/resumethrdlst01.java,Passed. Execution successful,10252,/workspace/work/jtreg/tier12-legacy12/work/serviceability/jvmti/thread/ResumeThreadList/resumethrdlst01/resumethrdlst01.jtr
serviceability/jvmti/thread/ResumeThreadList/resumethrdlst02/resumethrdlst02.java,Passed. Execution successful,11226,/workspace/work/jtreg/tier12-legacy12/work/serviceability/jvmti/thread/ResumeThreadList/resumethrdlst02/resumethrdlst02.jtr
serviceability/jvmti/thread/SuspendThread/suspendthrd01/suspendthrd01.java,Passed. Execution successful,1184,/workspace/work/jtreg/tier12-legacy12/work/serviceability/jvmti/thread/SuspendThread/suspendthrd01/suspendthrd01.jtr
serviceability/jvmti/thread/SuspendThread/suspendthrd02/suspendthrd02.java,Passed. Execution successful,6181,/workspace/work/jtreg/tier12-legacy12/work/serviceability/jvmti/thread/SuspendThread/suspendthrd02/suspendthrd02.jtr
serviceability/jvmti/thread/SuspendThreadList/suspendthrdlst01/suspendthrdlst01.java,Passed. Execution successful,10233,/workspace/work/jtreg/tier12-legacy12/work/serviceability/jvmti/thread/SuspendThreadList/suspendthrdlst01/suspendthrdlst01.jtr
serviceability/jvmti/thread/SuspendThreadList/suspendthrdlst02/suspendthrdlst02.java,Passed. Execution successful,14213,/workspace/work/jtreg/tier12-legacy12/work/serviceability/jvmti/thread/SuspendThreadList/suspendthrdlst02/suspendthrdlst02.jtr
serviceability/jvmti/VMEvent/MyPackage/VMEventRecursionTest.java,Passed. Execution successful,177,/workspace/work/jtreg/tier12-legacy12/work/serviceability/jvmti/VMEvent/MyPackage/VMEventRecursionTest.jtr
serviceability/jvmti/VMObjectAlloc/VMObjectAllocTest.java,Passed. Execution successful,185,/workspace/work/jtreg/tier12-legacy12/work/serviceability/jvmti/VMObjectAlloc/VMObjectAllocTest.jtr
serviceability/jvmti/vthread/BoundVThreadTest/BoundVThreadTest.java,Passed. Execution successful,189,/workspace/work/jtreg/tier12-legacy12/work/serviceability/jvmti/vthread/BoundVThreadTest/BoundVThreadTest.jtr
serviceability/jvmti/vthread/BreakpointInYieldTest/BreakpointInYieldTest.java,Passed. Execution successful,184,/workspace/work/jtreg/tier12-legacy12/work/serviceability/jvmti/vthread/BreakpointInYieldTest/BreakpointInYieldTest.jtr
serviceability/jvmti/vthread/CheckHiddenFrames/CheckHiddenFrames.java,Passed. Execution successful,269,/workspace/work/jtreg/tier12-legacy12/work/serviceability/jvmti/vthread/CheckHiddenFrames/CheckHiddenFrames.jtr
serviceability/jvmti/vthread/ContFramePopTest/ContFramePopTest.java,Passed. Execution successful,364,/workspace/work/jtreg/tier12-legacy12/work/serviceability/jvmti/vthread/ContFramePopTest/ContFramePopTest.jtr
serviceability/jvmti/vthread/ContinuationTest/ContinuationTest.java,Passed. Execution successful,300,/workspace/work/jtreg/tier12-legacy12/work/serviceability/jvmti/vthread/ContinuationTest/ContinuationTest.jtr
serviceability/jvmti/vthread/ContStackDepthTest/ContStackDepthTest.java,Passed. Execution successful,288,/workspace/work/jtreg/tier12-legacy12/work/serviceability/jvmti/vthread/ContStackDepthTest/ContStackDepthTest.jtr
serviceability/jvmti/vthread/ContYieldBreakPointTest/ContYieldBreakPointTest.java,Passed. Execution successful,249,/workspace/work/jtreg/tier12-legacy12/work/serviceability/jvmti/vthread/ContYieldBreakPointTest/ContYieldBreakPointTest.jtr
serviceability/jvmti/vthread/FollowReferences/VThreadStackRefTest.java#default,Passed. Execution successful,298,/workspace/work/jtreg/tier12-legacy12/work/serviceability/jvmti/vthread/FollowReferences/VThreadStackRefTest_default.jtr
serviceability/jvmti/vthread/FollowReferences/VThreadStackRefTest.java#no-vmcontinuations,Passed. Execution successful,274,/workspace/work/jtreg/tier12-legacy12/work/serviceability/jvmti/vthread/FollowReferences/VThreadStackRefTest_no-vmcontinuations.jtr
serviceability/jvmti/vthread/ForceEarlyReturnTest/ForceEarlyReturnTest.java#default,Passed. Execution successful,183,/workspace/work/jtreg/tier12-legacy12/work/serviceability/jvmti/vthread/ForceEarlyReturnTest/ForceEarlyReturnTest_default.jtr
serviceability/jvmti/vthread/ForceEarlyReturnTest/ForceEarlyReturnTest.java#no-vmcontinuations,Passed. Execution successful,174,/workspace/work/jtreg/tier12-legacy12/work/serviceability/jvmti/vthread/ForceEarlyReturnTest/ForceEarlyReturnTest_no-vmcontinuations.jtr
serviceability/jvmti/vthread/ForceEarlyReturnTest/ForceEarlyReturnTest.java#platform,Passed. Execution successful,180,/workspace/work/jtreg/tier12-legacy12/work/serviceability/jvmti/vthread/ForceEarlyReturnTest/ForceEarlyReturnTest_platform.jtr
serviceability/jvmti/vthread/GetThreadState/GetThreadStateTest.java#default,Passed. Execution successful,965,/workspace/work/jtreg/tier12-legacy12/work/serviceability/jvmti/vthread/GetThreadState/GetThreadStateTest_default.jtr
serviceability/jvmti/vthread/GetThreadState/GetThreadStateTest.java#no-vmcontinuations,Passed. Execution successful,957,/workspace/work/jtreg/tier12-legacy12/work/serviceability/jvmti/vthread/GetThreadState/GetThreadStateTest_no-vmcontinuations.jtr
serviceability/jvmti/vthread/HeapDump/VThreadInHeapDump.java#default,Passed. Execution successful,2987,/workspace/work/jtreg/tier12-legacy12/work/serviceability/jvmti/vthread/HeapDump/VThreadInHeapDump_default.jtr
serviceability/jvmti/vthread/HeapDump/VThreadInHeapDump.java#no-vmcontinuations,Passed. Execution successful,2633,/workspace/work/jtreg/tier12-legacy12/work/serviceability/jvmti/vthread/HeapDump/VThreadInHeapDump_no-vmcontinuations.jtr
serviceability/jvmti/vthread/InterruptRawMonitor/InterruptRawMonitor.java,Passed. Execution successful,249,/workspace/work/jtreg/tier12-legacy12/work/serviceability/jvmti/vthread/InterruptRawMonitor/InterruptRawMonitor.jtr
serviceability/jvmti/vthread/InterruptThreadTest/InterruptThreadTest.java#default,Passed. Execution successful,146,/workspace/work/jtreg/tier12-legacy12/work/serviceability/jvmti/vthread/InterruptThreadTest/InterruptThreadTest_default.jtr
serviceability/jvmti/vthread/InterruptThreadTest/InterruptThreadTest.java#no-vmcontinuations,Passed. Execution successful,144,/workspace/work/jtreg/tier12-legacy12/work/serviceability/jvmti/vthread/InterruptThreadTest/InterruptThreadTest_no-vmcontinuations.jtr
serviceability/jvmti/vthread/MethodExitTest/MethodExitTest.java,Passed. Execution successful,165,/workspace/work/jtreg/tier12-legacy12/work/serviceability/jvmti/vthread/MethodExitTest/MethodExitTest.jtr
serviceability/jvmti/vthread/NullAsCurrentThreadTest/NullAsCurrentThreadTest.java#default,Passed. Execution successful,153,/workspace/work/jtreg/tier12-legacy12/work/serviceability/jvmti/vthread/NullAsCurrentThreadTest/NullAsCurrentThreadTest_default.jtr
serviceability/jvmti/vthread/NullAsCurrentThreadTest/NullAsCurrentThreadTest.java#no-vmcontinuations,Passed. Execution successful,153,/workspace/work/jtreg/tier12-legacy12/work/serviceability/jvmti/vthread/NullAsCurrentThreadTest/NullAsCurrentThreadTest_no-vmcontinuations.jtr
serviceability/jvmti/vthread/PinnedTaskTest/PinnedTaskTest.java#default,Passed. Execution successful,151,/workspace/work/jtreg/tier12-legacy12/work/serviceability/jvmti/vthread/PinnedTaskTest/PinnedTaskTest_default.jtr
serviceability/jvmti/vthread/PinnedTaskTest/PinnedTaskTest.java#no-vmcontinuations,Passed. Execution successful,207,/workspace/work/jtreg/tier12-legacy12/work/serviceability/jvmti/vthread/PinnedTaskTest/PinnedTaskTest_no-vmcontinuations.jtr
serviceability/jvmti/vthread/PopFrameTest/PopFrameTest.java#default,Passed. Execution successful,321,/workspace/work/jtreg/tier12-legacy12/work/serviceability/jvmti/vthread/PopFrameTest/PopFrameTest_default.jtr
serviceability/jvmti/vthread/PopFrameTest/PopFrameTest.java#no-vmcontinuations,Passed. Execution successful,377,/workspace/work/jtreg/tier12-legacy12/work/serviceability/jvmti/vthread/PopFrameTest/PopFrameTest_no-vmcontinuations.jtr
serviceability/jvmti/vthread/PopFrameTest/PopFrameTest.java#platform,Passed. Execution successful,355,/workspace/work/jtreg/tier12-legacy12/work/serviceability/jvmti/vthread/PopFrameTest/PopFrameTest_platform.jtr
serviceability/jvmti/vthread/premain/AgentWithVThreadTest.java,Passed. Execution successful,670,/workspace/work/jtreg/tier12-legacy12/work/serviceability/jvmti/vthread/premain/AgentWithVThreadTest.jtr
serviceability/jvmti/vthread/RawMonitorTest/RawMonitorTest.java,Passed. Execution successful,239,/workspace/work/jtreg/tier12-legacy12/work/serviceability/jvmti/vthread/RawMonitorTest/RawMonitorTest.jtr
serviceability/jvmti/vthread/RedefineClasses/RedefineRunningMethods.java,Passed. Execution successful,1686,/workspace/work/jtreg/tier12-legacy12/work/serviceability/jvmti/vthread/RedefineClasses/RedefineRunningMethods.jtr
serviceability/jvmti/vthread/SelfSuspendDisablerTest/SelfSuspendDisablerTest.java#default,Passed. Execution successful,168,/workspace/work/jtreg/tier12-legacy12/work/serviceability/jvmti/vthread/SelfSuspendDisablerTest/SelfSuspendDisablerTest_default.jtr
serviceability/jvmti/vthread/SelfSuspendDisablerTest/SelfSuspendDisablerTest.java#no-vmcontinuations,Passed. Execution successful,147,/workspace/work/jtreg/tier12-legacy12/work/serviceability/jvmti/vthread/SelfSuspendDisablerTest/SelfSuspendDisablerTest_no-vmcontinuations.jtr
serviceability/jvmti/vthread/SingleStepKlassInit/SingleStepKlassInit.java,Passed. Execution successful,207,/workspace/work/jtreg/tier12-legacy12/work/serviceability/jvmti/vthread/SingleStepKlassInit/SingleStepKlassInit.jtr
serviceability/jvmti/vthread/StopThreadTest/StopThreadTest.java#default,Passed. Execution successful,174,/workspace/work/jtreg/tier12-legacy12/work/serviceability/jvmti/vthread/StopThreadTest/StopThreadTest_default.jtr
serviceability/jvmti/vthread/StopThreadTest/StopThreadTest.java#no-vmcontinuations,Passed. Execution successful,154,/workspace/work/jtreg/tier12-legacy12/work/serviceability/jvmti/vthread/StopThreadTest/StopThreadTest_no-vmcontinuations.jtr
serviceability/jvmti/vthread/StopThreadTest/StopThreadTest.java#platform,Passed. Execution successful,165,/workspace/work/jtreg/tier12-legacy12/work/serviceability/jvmti/vthread/StopThreadTest/StopThreadTest_platform.jtr
serviceability/jvmti/vthread/SuspendResume1/SuspendResume1.java#default,Passed. Execution successful,3498,/workspace/work/jtreg/tier12-legacy12/work/serviceability/jvmti/vthread/SuspendResume1/SuspendResume1_default.jtr
serviceability/jvmti/vthread/SuspendResume1/SuspendResume1.java#no-vmcontinuations,Passed. Execution successful,2467,/workspace/work/jtreg/tier12-legacy12/work/serviceability/jvmti/vthread/SuspendResume1/SuspendResume1_no-vmcontinuations.jtr
serviceability/jvmti/vthread/SuspendResume2/SuspendResume2.java#default,Passed. Execution successful,3232,/workspace/work/jtreg/tier12-legacy12/work/serviceability/jvmti/vthread/SuspendResume2/SuspendResume2_default.jtr
serviceability/jvmti/vthread/SuspendResume2/SuspendResume2.java#no-vmcontinuations,Passed. Execution successful,2626,/workspace/work/jtreg/tier12-legacy12/work/serviceability/jvmti/vthread/SuspendResume2/SuspendResume2_no-vmcontinuations.jtr
serviceability/jvmti/vthread/SuspendResume3/SuspendResume3.java,Passed. Execution successful,551,/workspace/work/jtreg/tier12-legacy12/work/serviceability/jvmti/vthread/SuspendResume3/SuspendResume3.jtr
serviceability/jvmti/vthread/SuspendResume4/SuspendResume4.java,Passed. Execution successful,393,/workspace/work/jtreg/tier12-legacy12/work/serviceability/jvmti/vthread/SuspendResume4/SuspendResume4.jtr
serviceability/jvmti/vthread/SuspendResumeAll/SuspendResumeAll.java#default,Passed. Execution successful,1234,/workspace/work/jtreg/tier12-legacy12/work/serviceability/jvmti/vthread/SuspendResumeAll/SuspendResumeAll_default.jtr
serviceability/jvmti/vthread/SuspendResumeAll/SuspendResumeAll.java#no-vmcontinuations,Passed. Execution successful,1422,/workspace/work/jtreg/tier12-legacy12/work/serviceability/jvmti/vthread/SuspendResumeAll/SuspendResumeAll_no-vmcontinuations.jtr
serviceability/jvmti/vthread/SuspendWithInterruptLock/SuspendWithInterruptLock.java#default,Passed. Execution successful,256,/workspace/work/jtreg/tier12-legacy12/work/serviceability/jvmti/vthread/SuspendWithInterruptLock/SuspendWithInterruptLock_default.jtr
serviceability/jvmti/vthread/SuspendWithInterruptLock/SuspendWithInterruptLock.java#xint,Passed. Execution successful,860,/workspace/work/jtreg/tier12-legacy12/work/serviceability/jvmti/vthread/SuspendWithInterruptLock/SuspendWithInterruptLock_xint.jtr
serviceability/jvmti/vthread/ThreadListStackTracesTest/ThreadListStackTracesTest.java,Passed. Execution successful,206,/workspace/work/jtreg/tier12-legacy12/work/serviceability/jvmti/vthread/ThreadListStackTracesTest/ThreadListStackTracesTest.jtr
serviceability/jvmti/vthread/ThreadStateTest/ThreadStateTest.java,Passed. Execution successful,21782,/workspace/work/jtreg/tier12-legacy12/work/serviceability/jvmti/vthread/ThreadStateTest/ThreadStateTest.jtr
serviceability/jvmti/vthread/ThreadStateTest2/ThreadStateTest2.java,Passed. Execution successful,296,/workspace/work/jtreg/tier12-legacy12/work/serviceability/jvmti/vthread/ThreadStateTest2/ThreadStateTest2.jtr
serviceability/jvmti/vthread/ToggleNotifyJvmtiTest/ToggleNotifyJvmtiTest.java,Passed. Execution successful,846,/workspace/work/jtreg/tier12-legacy12/work/serviceability/jvmti/vthread/ToggleNotifyJvmtiTest/ToggleNotifyJvmtiTest.jtr
serviceability/jvmti/vthread/VirtualStackTraceTest/VirtualStackTraceTest.java#default,Passed. Execution successful,291,/workspace/work/jtreg/tier12-legacy12/work/serviceability/jvmti/vthread/VirtualStackTraceTest/VirtualStackTraceTest_default.jtr
serviceability/jvmti/vthread/VirtualStackTraceTest/VirtualStackTraceTest.java#no-vmcontinuations,Passed. Execution successful,278,/workspace/work/jtreg/tier12-legacy12/work/serviceability/jvmti/vthread/VirtualStackTraceTest/VirtualStackTraceTest_no-vmcontinuations.jtr
serviceability/jvmti/vthread/VirtualThreadStartTest/VirtualThreadStartTest.java,Passed. Execution successful,1341,/workspace/work/jtreg/tier12-legacy12/work/serviceability/jvmti/vthread/VirtualThreadStartTest/VirtualThreadStartTest.jtr
serviceability/jvmti/vthread/VThreadEventTest/VThreadEventTest.java,Passed. Execution successful,414,/workspace/work/jtreg/tier12-legacy12/work/serviceability/jvmti/vthread/VThreadEventTest/VThreadEventTest.jtr
serviceability/jvmti/vthread/VThreadMonitorTest/VThreadMonitorTest.java,Passed. Execution successful,215,/workspace/work/jtreg/tier12-legacy12/work/serviceability/jvmti/vthread/VThreadMonitorTest/VThreadMonitorTest.jtr
serviceability/jvmti/vthread/VThreadNotifyFramePopTest/VThreadNotifyFramePopTest.java#default,Passed. Execution successful,692,/workspace/work/jtreg/tier12-legacy12/work/serviceability/jvmti/vthread/VThreadNotifyFramePopTest/VThreadNotifyFramePopTest_default.jtr
serviceability/jvmti/vthread/VThreadNotifyFramePopTest/VThreadNotifyFramePopTest.java#no-vmcontinuations,Passed. Execution successful,625,/workspace/work/jtreg/tier12-legacy12/work/serviceability/jvmti/vthread/VThreadNotifyFramePopTest/VThreadNotifyFramePopTest_no-vmcontinuations.jtr
serviceability/jvmti/vthread/VThreadTest/VThreadTest.java,Passed. Execution successful,183,/workspace/work/jtreg/tier12-legacy12/work/serviceability/jvmti/vthread/VThreadTest/VThreadTest.jtr
serviceability/jvmti/vthread/VThreadTLSTest/VThreadTLSTest.java#id0,Passed. Execution successful,176,/workspace/work/jtreg/tier12-legacy12/work/serviceability/jvmti/vthread/VThreadTLSTest/VThreadTLSTest_id0.jtr
serviceability/jvmti/vthread/VThreadTLSTest/VThreadTLSTest.java#id1,Passed. Execution successful,327,/workspace/work/jtreg/tier12-legacy12/work/serviceability/jvmti/vthread/VThreadTLSTest/VThreadTLSTest_id1.jtr
serviceability/jvmti/vthread/VThreadUnsupportedTest/VThreadUnsupportedTest.java,Passed. Execution successful,163,/workspace/work/jtreg/tier12-legacy12/work/serviceability/jvmti/vthread/VThreadUnsupportedTest/VThreadUnsupportedTest.jtr
serviceability/jvmti/vthread/WaitNotifySuspendedVThreadTest/WaitNotifySuspendedVThreadTest.java,Passed. Execution successful,156,/workspace/work/jtreg/tier12-legacy12/work/serviceability/jvmti/vthread/WaitNotifySuspendedVThreadTest/WaitNotifySuspendedVThreadTest.jtr
serviceability/logging/TestLogRotation.java,Passed. Execution successful,1570,/workspace/work/jtreg/tier12-legacy12/work/serviceability/logging/TestLogRotation.jtr
serviceability/monitoring/ThreadInfo/GetLockOwnerName/GetLockOwnerName.java,Passed. Execution successful,60125,/workspace/work/jtreg/tier12-legacy12/work/serviceability/monitoring/ThreadInfo/GetLockOwnerName/GetLockOwnerName.jtr
serviceability/sa/jmap-hprof/JMapHProfLargeHeapTest.java,Passed. Execution successful,2749,/workspace/work/jtreg/tier12-legacy12/work/serviceability/sa/jmap-hprof/JMapHProfLargeHeapTest.jtr
serviceability/sa/sadebugd/ClhsdbAttachToDebugServer.java,Passed. Execution successful,4727,/workspace/work/jtreg/tier12-legacy12/work/serviceability/sa/sadebugd/ClhsdbAttachToDebugServer.jtr
serviceability/sa/sadebugd/ClhsdbTestConnectArgument.java,Passed. Execution successful,4237,/workspace/work/jtreg/tier12-legacy12/work/serviceability/sa/sadebugd/ClhsdbTestConnectArgument.jtr
serviceability/sa/sadebugd/DisableRegistryTest.java,Passed. Execution successful,8686,/workspace/work/jtreg/tier12-legacy12/work/serviceability/sa/sadebugd/DisableRegistryTest.jtr
serviceability/sa/sadebugd/PmapOnDebugdTest.java,Passed. Execution successful,4314,/workspace/work/jtreg/tier12-legacy12/work/serviceability/sa/sadebugd/PmapOnDebugdTest.jtr
serviceability/sa/sadebugd/RunCommandOnServerTest.java,Passed. Execution successful,4166,/workspace/work/jtreg/tier12-legacy12/work/serviceability/sa/sadebugd/RunCommandOnServerTest.jtr
serviceability/sa/sadebugd/SADebugDTest.java,Passed. Execution successful,35369,/workspace/work/jtreg/tier12-legacy12/work/serviceability/sa/sadebugd/SADebugDTest.jtr
serviceability/threads/ThreadInfoTest.java,Passed. Execution successful,2532,/workspace/work/jtreg/tier12-legacy12/work/serviceability/threads/ThreadInfoTest.jtr
serviceability/threads/ThreadSnapshotRaceTest.java,Passed. Execution successful,10218,/workspace/work/jtreg/tier12-legacy12/work/serviceability/threads/ThreadSnapshotRaceTest.jtr
serviceability/tmtools/jstack/DaemonThreadTest.java,Passed. Execution successful,600,/workspace/work/jtreg/tier12-legacy12/work/serviceability/tmtools/jstack/DaemonThreadTest.jtr
serviceability/tmtools/jstack/JstackThreadTest.java,Passed. Execution successful,358,/workspace/work/jtreg/tier12-legacy12/work/serviceability/tmtools/jstack/JstackThreadTest.jtr
serviceability/tmtools/jstack/SpreadLockTest.java,Passed. Execution successful,686,/workspace/work/jtreg/tier12-legacy12/work/serviceability/tmtools/jstack/SpreadLockTest.jtr
serviceability/tmtools/jstack/ThreadNamesTest.java,Passed. Execution successful,724,/workspace/work/jtreg/tier12-legacy12/work/serviceability/tmtools/jstack/ThreadNamesTest.jtr
serviceability/tmtools/jstack/TraveledLockTest.java,Passed. Execution successful,756,/workspace/work/jtreg/tier12-legacy12/work/serviceability/tmtools/jstack/TraveledLockTest.jtr
serviceability/tmtools/jstack/WaitNotifyThreadTest.java,Passed. Execution successful,862,/workspace/work/jtreg/tier12-legacy12/work/serviceability/tmtools/jstack/WaitNotifyThreadTest.jtr
serviceability/tmtools/jstat/GcCapacityTest.java,Passed. Execution successful,641,/workspace/work/jtreg/tier12-legacy12/work/serviceability/tmtools/jstat/GcCapacityTest.jtr
serviceability/tmtools/jstat/GcCauseTest01.java,Passed. Execution successful,696,/workspace/work/jtreg/tier12-legacy12/work/serviceability/tmtools/jstat/GcCauseTest01.jtr
serviceability/tmtools/jstat/GcCauseTest02.java,Passed. Execution successful,1435,/workspace/work/jtreg/tier12-legacy12/work/serviceability/tmtools/jstat/GcCauseTest02.jtr
serviceability/tmtools/jstat/GcCauseTest03.java,Passed. Execution successful,300,/workspace/work/jtreg/tier12-legacy12/work/serviceability/tmtools/jstat/GcCauseTest03.jtr
serviceability/tmtools/jstat/GcNewTest.java,Passed. Execution successful,1352,/workspace/work/jtreg/tier12-legacy12/work/serviceability/tmtools/jstat/GcNewTest.jtr
serviceability/tmtools/jstat/GcTest01.java,Passed. Execution successful,1277,/workspace/work/jtreg/tier12-legacy12/work/serviceability/tmtools/jstat/GcTest01.jtr
serviceability/tmtools/jstat/GcTest02.java,Passed. Execution successful,1407,/workspace/work/jtreg/tier12-legacy12/work/serviceability/tmtools/jstat/GcTest02.jtr
